Modelo;Pooling;AGG;LAYER;out_vec_size;MR;CR;SUBJ;MPQA;SST2;TREC;MRPC;Avg;Nhid;Epochs;qtd_layers;paper_name;paper_link;year
bert-base;CLS_LYR-7;CLS;LYR-7;torch.Size([768]);73,59;73,17;93,29;86,36;81,93;77,80;69,33;79,35;nan;nan;nan;nan;nan;nan
bert-base;AVG_LYR-7;AVG;LYR-7;torch.Size([768]);77,87;80,45;94,13;87,94;83,36;91,00;74,61;84,19;nan;nan;nan;nan;nan;nan
bert-base;SUM_LYR-7;SUM;LYR-7;torch.Size([768]);74,82;79,76;92,72;87,57;83,25;89,80;64,70;81,80;nan;nan;nan;nan;nan;nan
bert-base;MAX_LYR-7;MAX;LYR-7;torch.Size([768]);72,92;68,77;91,33;86,98;79,68;86,60;67,77;79,15;nan;nan;nan;nan;nan;nan
bert-base;AVG-NS_LYR-7;AVG-NS;LYR-7;torch.Size([768]);77,86;80,93;93,83;88,51;83,03;91,00;73,80;84,14;nan;nan;nan;nan;nan;nan
bert-base;SUM-NS_LYR-7;SUM-NS;LYR-7;torch.Size([768]);75,87;79,63;92,55;87,33;83,03;89,80;64,06;81,75;nan;nan;nan;nan;nan;nan
bert-base;MAX-NS_LYR-7;MAX-NS;LYR-7;torch.Size([768]);72,84;72,08;91,15;87,44;80,12;86,60;67,94;79,74;nan;nan;nan;nan;nan;nan
bert-base;CLS+AVG_LYR-7;CLS+AVG;LYR-7;torch.Size([1536]);78,61;79,39;94,45;88,78;83,91;91,20;74,84;84,45;nan;nan;nan;nan;nan;nan
bert-base;CLS+SUM_LYR-7;CLS+SUM;LYR-7;torch.Size([1536]);76,08;79,79;92,94;88,36;83,42;91,40;67,88;82,84;nan;nan;nan;nan;nan;nan
bert-base;CLS+MAX_LYR-7;CLS+MAX;LYR-7;torch.Size([1536]);76,39;77,17;93,16;87,95;83,25;92,40;69,74;82,87;nan;nan;nan;nan;nan;nan
bert-base;CLS+AVG-NS_LYR-7;CLS+AVG-NS;LYR-7;torch.Size([1536]);78,99;80,05;94,37;89,00;85,28;91,00;74,26;84,71;nan;nan;nan;nan;nan;nan
bert-base;CLS+SUM-NS_LYR-7;CLS+SUM-NS;LYR-7;torch.Size([1536]);75,03;79,68;93,01;88,44;82,65;91,00;68,75;82,65;nan;nan;nan;nan;nan;nan
bert-base;CLS+MAX-NS_LYR-7;CLS+MAX-NS;LYR-7;torch.Size([1536]);76,34;77,14;93,06;88,48;83,14;91,20;69,91;82,75;nan;nan;nan;nan;nan;nan
bert-base;DY3_LYR-7;DY3;LYR-7;torch.Size([2304]);79,15;81,16;94,58;89,03;80,72;91,80;68,29;83,53;nan;nan;nan;nan;nan;nan
bert-base;DY3-NS_LYR-7;DY3-NS;LYR-7;torch.Size([2304]);78,68;80,87;94,50;88,57;80,94;92,00;67,54;83,30;nan;nan;nan;nan;nan;nan
bert-base;DY5_LYR-7;DY5;LYR-7;torch.Size([3840]);78,20;81,85;94,87;88,53;79,46;91,80;69,16;83,41;nan;nan;nan;nan;nan;nan
bert-base;DY5-NS_LYR-7;DY5-NS;LYR-7;torch.Size([3840]);78,37;81,09;94,52;68,77;50,08;93,60;64,35;75,83;nan;nan;nan;nan;nan;nan
bert-base;CLS_LYR-8;CLS;LYR-8;torch.Size([768]);76,14;73,69;93,13;86,97;83,36;78,00;69,51;80,11;nan;nan;nan;nan;nan;nan
bert-base;AVG_LYR-8;AVG;LYR-8;torch.Size([768]);79,95;82,65;94,17;88,43;84,95;92,00;74,14;85,18;nan;nan;nan;nan;nan;nan
bert-base;SUM_LYR-8;SUM;LYR-8;torch.Size([768]);77,15;81,54;93,51;87,82;83,42;89,80;61,10;82,05;nan;nan;nan;nan;nan;nan
bert-base;MAX_LYR-8;MAX;LYR-8;torch.Size([768]);74,49;73,40;91,67;87,24;80,83;87,40;70,96;80,86;nan;nan;nan;nan;nan;nan
bert-base;AVG-NS_LYR-8;AVG-NS;LYR-8;torch.Size([768]);79,74;82,65;94,16;88,79;84,73;91,80;74,26;85,16;nan;nan;nan;nan;nan;nan
bert-base;SUM-NS_LYR-8;SUM-NS;LYR-8;torch.Size([768]);76,80;81,56;93,44;87,55;83,20;90,00;64,00;82,36;nan;nan;nan;nan;nan;nan
bert-base;MAX-NS_LYR-8;MAX-NS;LYR-8;torch.Size([768]);74,97;76,05;91,73;87,15;81,60;89,60;69,51;81,52;nan;nan;nan;nan;nan;nan
bert-base;CLS+AVG_LYR-8;CLS+AVG;LYR-8;torch.Size([1536]);80,08;81,91;94,25;88,95;85,50;91,20;75,36;85,32;nan;nan;nan;nan;nan;nan
bert-base;CLS+SUM_LYR-8;CLS+SUM;LYR-8;torch.Size([1536]);76,75;82,28;93,57;88,05;84,95;91,80;61,62;82,72;nan;nan;nan;nan;nan;nan
bert-base;CLS+MAX_LYR-8;CLS+MAX;LYR-8;torch.Size([1536]);78,09;78,22;93,52;87,95;85,72;92,20;71,01;83,82;nan;nan;nan;nan;nan;nan
bert-base;CLS+AVG-NS_LYR-8;CLS+AVG-NS;LYR-8;torch.Size([1536]);80,39;82,59;94,34;89,22;86,33;91,40;74,78;85,58;nan;nan;nan;nan;nan;nan
bert-base;CLS+SUM-NS_LYR-8;CLS+SUM-NS;LYR-8;torch.Size([1536]);77,15;82,33;93,60;88,21;84,35;91,40;61,57;82,66;nan;nan;nan;nan;nan;nan
bert-base;CLS+MAX-NS_LYR-8;CLS+MAX-NS;LYR-8;torch.Size([1536]);77,99;78,75;93,62;88,47;85,61;92,00;70,90;83,91;nan;nan;nan;nan;nan;nan
bert-base;DY3_LYR-8;DY3;LYR-8;torch.Size([2304]);80,38;83,58;94,54;89,39;81,11;92,20;68,99;84,31;nan;nan;nan;nan;nan;nan
bert-base;DY3-NS_LYR-8;DY3-NS;LYR-8;torch.Size([2304]);79,78;83,97;94,63;89,02;82,10;91,80;67,71;84,14;nan;nan;nan;nan;nan;nan
bert-base;DY5_LYR-8;DY5;LYR-8;torch.Size([3840]);80,55;83,23;94,68;88,85;81,44;93,80;68,75;84,47;nan;nan;nan;nan;nan;nan
bert-base;DY5-NS_LYR-8;DY5-NS;LYR-8;torch.Size([3840]);79,76;84,40;94,78;68,77;50,08;94,40;66,49;76,95;nan;nan;nan;nan;nan;nan
bert-base;CLS_LYR-9;CLS;LYR-9;torch.Size([768]);79,33;81,17;93,98;87,32;84,29;82,00;71,36;82,78;nan;nan;nan;nan;nan;nan
bert-base;AVG_LYR-9;AVG;LYR-9;torch.Size([768]);80,64;85,17;94,04;88,18;85,34;90,40;73,74;85,36;nan;nan;nan;nan;nan;nan
bert-base;SUM_LYR-9;SUM;LYR-9;torch.Size([768]);79,44;83,60;93,34;87,08;85,83;92,20;67,19;84,10;nan;nan;nan;nan;nan;nan
bert-base;MAX_LYR-9;MAX;LYR-9;torch.Size([768]);77,52;77,99;92,10;86,85;82,65;89,80;72,12;82,72;nan;nan;nan;nan;nan;nan
bert-base;AVG-NS_LYR-9;AVG-NS;LYR-9;torch.Size([768]);80,76;85,27;94,13;87,82;85,45;90,00;74,26;85,38;nan;nan;nan;nan;nan;nan
bert-base;SUM-NS_LYR-9;SUM-NS;LYR-9;torch.Size([768]);78,95;83,37;93,46;87,25;85,34;91,80;67,07;83,89;nan;nan;nan;nan;nan;nan
bert-base;MAX-NS_LYR-9;MAX-NS;LYR-9;torch.Size([768]);77,53;78,30;92,39;86,69;82,70;90,40;70,78;82,68;nan;nan;nan;nan;nan;nan
bert-base;CLS+AVG_LYR-9;CLS+AVG;LYR-9;torch.Size([1536]);81,46;85,38;94,70;88,69;86,93;92,00;74,96;86,30;nan;nan;nan;nan;nan;nan
bert-base;CLS+SUM_LYR-9;CLS+SUM;LYR-9;torch.Size([1536]);78,00;83,39;93,45;88,24;85,50;91,60;70,61;84,40;nan;nan;nan;nan;nan;nan
bert-base;CLS+MAX_LYR-9;CLS+MAX;LYR-9;torch.Size([1536]);80,65;81,91;93,91;88,55;86,00;93,00;72,70;85,25;nan;nan;nan;nan;nan;nan
bert-base;CLS+AVG-NS_LYR-9;CLS+AVG-NS;LYR-9;torch.Size([1536]);81,21;84,29;94,85;88,94;87,37;91,40;74,90;86,14;nan;nan;nan;nan;nan;nan
bert-base;CLS+SUM-NS_LYR-9;CLS+SUM-NS;LYR-9;torch.Size([1536]);79,16;84,35;93,94;88,10;85,72;91,20;65,04;83,93;nan;nan;nan;nan;nan;nan
bert-base;CLS+MAX-NS_LYR-9;CLS+MAX-NS;LYR-9;torch.Size([1536]);80,78;82,91;94,38;88,92;86,99;93,20;72,58;85,68;nan;nan;nan;nan;nan;nan
bert-base;DY3_LYR-9;DY3;LYR-9;torch.Size([2304]);80,90;85,93;94,95;89,19;83,36;92,40;70,43;85,31;nan;nan;nan;nan;nan;nan
bert-base;DY3-NS_LYR-9;DY3-NS;LYR-9;torch.Size([2304]);81,24;85,61;94,85;88,84;83,25;91,60;70,26;85,09;nan;nan;nan;nan;nan;nan
bert-base;DY5_LYR-9;DY5;LYR-9;torch.Size([3840]);81,79;86,25;95,10;88,56;83,14;93,80;68,75;85,34;nan;nan;nan;nan;nan;nan
bert-base;DY5-NS_LYR-9;DY5-NS;LYR-9;torch.Size([3840]);81,62;86,60;95,02;68,77;50,08;93,60;65,68;77,34;nan;nan;nan;nan;nan;nan
bert-base;CLS_LYR-10;CLS;LYR-10;torch.Size([768]);81,21;82,83;94,10;87,08;86,44;83,80;70,32;83,68;nan;nan;nan;nan;nan;nan
bert-base;AVG_LYR-10;AVG;LYR-10;torch.Size([768]);80,76;85,27;94,20;88,05;85,94;88,80;74,14;85,31;nan;nan;nan;nan;nan;nan
bert-base;SUM_LYR-10;SUM;LYR-10;torch.Size([768]);78,22;83,97;93,56;87,51;85,61;90,20;68,29;83,91;nan;nan;nan;nan;nan;nan
bert-base;MAX_LYR-10;MAX;LYR-10;torch.Size([768]);78,96;78,97;93,17;87,26;84,62;89,00;71,65;83,38;nan;nan;nan;nan;nan;nan
bert-base;AVG-NS_LYR-10;AVG-NS;LYR-10;torch.Size([768]);80,84;85,06;94,09;87,87;85,72;89,00;73,45;85,15;nan;nan;nan;nan;nan;nan
bert-base;SUM-NS_LYR-10;SUM-NS;LYR-10;torch.Size([768]);76,95;83,39;93,68;86,58;84,62;90,80;66,96;83,28;nan;nan;nan;nan;nan;nan
bert-base;MAX-NS_LYR-10;MAX-NS;LYR-10;torch.Size([768]);78,51;79,31;92,89;86,82;84,29;89,40;70,61;83,12;nan;nan;nan;nan;nan;nan
bert-base;CLS+AVG_LYR-10;CLS+AVG;LYR-10;torch.Size([1536]);82,29;85,64;94,85;88,67;87,31;90,80;75,13;86,38;nan;nan;nan;nan;nan;nan
bert-base;CLS+SUM_LYR-10;CLS+SUM;LYR-10;torch.Size([1536]);77,92;83,71;93,78;88,27;86,77;89,40;68,23;84,01;nan;nan;nan;nan;nan;nan
bert-base;CLS+MAX_LYR-10;CLS+MAX;LYR-10;torch.Size([1536]);81,63;85,17;94,40;88,22;86,82;90,40;70,96;85,37;nan;nan;nan;nan;nan;nan
bert-base;CLS+AVG-NS_LYR-10;CLS+AVG-NS;LYR-10;torch.Size([1536]);82,22;84,85;94,88;89,04;87,26;91,00;75,25;86,36;nan;nan;nan;nan;nan;nan
bert-base;CLS+SUM-NS_LYR-10;CLS+SUM-NS;LYR-10;torch.Size([1536]);78,51;83,42;93,84;88,45;86,16;89,60;68,64;84,09;nan;nan;nan;nan;nan;nan
bert-base;CLS+MAX-NS_LYR-10;CLS+MAX-NS;LYR-10;torch.Size([1536]);81,71;83,74;94,61;88,29;87,10;90,60;72,06;85,44;nan;nan;nan;nan;nan;nan
bert-base;DY3_LYR-10;DY3;LYR-10;torch.Size([2304]);81,47;86,57;94,64;88,89;84,18;91,20;72,06;85,57;nan;nan;nan;nan;nan;nan
bert-base;DY3-NS_LYR-10;DY3-NS;LYR-10;torch.Size([2304]);81,27;86,78;95,03;88,68;83,96;91,20;70,03;85,28;nan;nan;nan;nan;nan;nan
bert-base;DY5_LYR-10;DY5;LYR-10;torch.Size([3840]);81,57;86,81;94,94;88,70;84,24;92,40;65,62;84,90;nan;nan;nan;nan;nan;nan
bert-base;DY5-NS_LYR-10;DY5-NS;LYR-10;torch.Size([3840]);81,77;86,12;95,11;68,77;50,08;93,40;69,28;77,79;nan;nan;nan;nan;nan;nan
bert-base;CLS_LYR-11;CLS;LYR-11;torch.Size([768]);81,67;84,03;94,55;87,67;87,10;86,00;70,55;84,51;nan;nan;nan;nan;nan;nan
bert-base;AVG_LYR-11;AVG;LYR-11;torch.Size([768]);80,33;84,93;94,33;88,00;85,06;87,80;73,97;84,92;nan;nan;nan;nan;nan;nan
bert-base;SUM_LYR-11;SUM;LYR-11;torch.Size([768]);78,06;83,68;93,60;87,11;85,34;90,40;64,46;83,24;nan;nan;nan;nan;nan;nan
bert-base;MAX_LYR-11;MAX;LYR-11;torch.Size([768]);77,78;79,79;93,33;87,37;83,96;85,60;72,29;82,87;nan;nan;nan;nan;nan;nan
bert-base;AVG-NS_LYR-11;AVG-NS;LYR-11;torch.Size([768]);80,33;84,69;94,46;87,61;84,84;88,60;73,62;84,88;nan;nan;nan;nan;nan;nan
bert-base;SUM-NS_LYR-11;SUM-NS;LYR-11;torch.Size([768]);77,40;83,84;93,52;86,68;84,84;90,00;63,71;82,86;nan;nan;nan;nan;nan;nan
bert-base;MAX-NS_LYR-11;MAX-NS;LYR-11;torch.Size([768]);78,05;80,05;93,43;86,42;83,96;87,80;71,88;83,08;nan;nan;nan;nan;nan;nan
bert-base;CLS+AVG_LYR-11;CLS+AVG;LYR-11;torch.Size([1536]);82,28;85,03;94,90;88,55;87,48;89,80;73,04;85,87;nan;nan;nan;nan;nan;nan
bert-base;CLS+SUM_LYR-11;CLS+SUM;LYR-11;torch.Size([1536]);79,05;82,62;93,68;87,49;85,72;92,00;62,61;83,31;nan;nan;nan;nan;nan;nan
bert-base;CLS+MAX_LYR-11;CLS+MAX;LYR-11;torch.Size([1536]);81,70;83,29;94,78;87,87;86,71;90,20;75,01;85,65;nan;nan;nan;nan;nan;nan
bert-base;CLS+AVG-NS_LYR-11;CLS+AVG-NS;LYR-11;torch.Size([1536]);82,10;84,98;95,12;88,40;87,42;90,00;73,04;85,87;nan;nan;nan;nan;nan;nan
bert-base;CLS+SUM-NS_LYR-11;CLS+SUM-NS;LYR-11;torch.Size([1536]);78,77;82,49;93,71;87,64;86,00;92,20;60,06;82,98;nan;nan;nan;nan;nan;nan
bert-base;CLS+MAX-NS_LYR-11;CLS+MAX-NS;LYR-11;torch.Size([1536]);81,61;83,42;94,89;87,94;86,77;90,20;75,01;85,69;nan;nan;nan;nan;nan;nan
bert-base;DY3_LYR-11;DY3;LYR-11;torch.Size([2304]);80,93;85,53;95,04;88,55;83,64;92,00;71,54;85,32;nan;nan;nan;nan;nan;nan
bert-base;DY3-NS_LYR-11;DY3-NS;LYR-11;torch.Size([2304]);81,11;85,99;95,06;88,61;83,75;91,40;70,84;85,25;nan;nan;nan;nan;nan;nan
bert-base;DY5_LYR-11;DY5;LYR-11;torch.Size([3840]);81,31;86,41;95,10;88,81;83,80;93,00;69,68;85,44;nan;nan;nan;nan;nan;nan
bert-base;DY5-NS_LYR-11;DY5-NS;LYR-11;torch.Size([3840]);81,13;86,46;95,27;68,77;50,08;94,40;69,57;77,95;nan;nan;nan;nan;nan;nan
bert-base;CLS_LYR-12;CLS;LYR-12;torch.Size([768]);81,32;84,13;94,56;86,71;86,16;81,60;71,83;83,76;nan;nan;nan;nan;nan;nan
bert-base;AVG_LYR-12;AVG;LYR-12;torch.Size([768]);80,26;83,50;94,43;87,10;84,79;85,20;73,91;84,17;nan;nan;nan;nan;nan;nan
bert-base;SUM_LYR-12;SUM;LYR-12;torch.Size([768]);78,59;82,57;93,66;87,08;85,12;89,80;64,93;83,11;nan;nan;nan;nan;nan;nan
bert-base;MAX_LYR-12;MAX;LYR-12;torch.Size([768]);77,48;74,02;92,59;85,59;83,36;81,20;71,42;80,81;nan;nan;nan;nan;nan;nan
bert-base;AVG-NS_LYR-12;AVG-NS;LYR-12;torch.Size([768]);80,52;83,71;94,26;86,97;84,79;83,60;73,80;83,95;nan;nan;nan;nan;nan;nan
bert-base;SUM-NS_LYR-12;SUM-NS;LYR-12;torch.Size([768]);78,04;82,97;93,55;86,54;85,45;89,80;67,13;83,35;nan;nan;nan;nan;nan;nan
bert-base;MAX-NS_LYR-12;MAX-NS;LYR-12;torch.Size([768]);77,58;76,58;92,82;85,81;82,10;81,40;71,77;81,15;nan;nan;nan;nan;nan;nan
bert-base;CLS+AVG_LYR-12;CLS+AVG;LYR-12;torch.Size([1536]);81,69;85,38;95,15;88,15;86,77;88,80;73,68;85,66;nan;nan;nan;nan;nan;nan
bert-base;CLS+SUM_LYR-12;CLS+SUM;LYR-12;torch.Size([1536]);79,44;84,27;93,90;87,37;86,66;91,20;69,28;84,59;nan;nan;nan;nan;nan;nan
bert-base;CLS+MAX_LYR-12;CLS+MAX;LYR-12;torch.Size([1536]);81,87;84,29;94,79;87,04;86,99;87,60;72,93;85,07;nan;nan;nan;nan;nan;nan
bert-base;CLS+AVG-NS_LYR-12;CLS+AVG-NS;LYR-12;torch.Size([1536]);81,73;84,50;95,16;87,98;86,71;89,40;74,09;85,65;nan;nan;nan;nan;nan;nan
bert-base;CLS+SUM-NS_LYR-12;CLS+SUM-NS;LYR-12;torch.Size([1536]);79,51;83,87;93,83;87,46;86,71;89,80;69,45;84,38;nan;nan;nan;nan;nan;nan
bert-base;CLS+MAX-NS_LYR-12;CLS+MAX-NS;LYR-12;torch.Size([1536]);81,70;83,58;94,48;87,46;86,66;87,20;72,81;84,84;nan;nan;nan;nan;nan;nan
bert-base;DY3_LYR-12;DY3;LYR-12;torch.Size([2304]);80,76;84,82;94,88;87,98;83,96;89,00;70,38;84,54;nan;nan;nan;nan;nan;nan
bert-base;DY3-NS_LYR-12;DY3-NS;LYR-12;torch.Size([2304]);80,64;84,66;94,92;88,18;83,96;90,20;70,20;84,68;nan;nan;nan;nan;nan;nan
bert-base;DY5_LYR-12;DY5;LYR-12;torch.Size([3840]);80,95;85,56;95,01;88,30;82,15;90,80;67,59;84,34;nan;nan;nan;nan;nan;nan
bert-base;DY5-NS_LYR-12;DY5-NS;LYR-12;torch.Size([3840]);80,70;84,74;94,91;68,77;50,08;92,20;67,48;76,98;nan;nan;nan;nan;nan;nan
bert-base;CLS_SUML4L;CLS;SUML4L;torch.Size([768]);81,89;84,43;95,09;87,61;87,26;88,40;62,38;83,87;nan;nan;nan;nan;nan;nan
bert-base;AVG_SUML4L;AVG;SUML4L;torch.Size([768]);81,34;86,78;94,42;88,33;86,27;91,00;70,38;85,50;nan;nan;nan;nan;nan;nan
bert-base;SUM_SUML4L;SUM;SUML4L;torch.Size([768]);76,11;82,68;93,45;86,33;85,67;88,60;65,22;82,58;nan;nan;nan;nan;nan;nan
bert-base;MAX_SUML4L;MAX;SUML4L;torch.Size([768]);76,59;78,09;92,19;86,50;83,80;85,40;67,19;81,39;nan;nan;nan;nan;nan;nan
bert-base;AVG-NS_SUML4L;AVG-NS;SUML4L;torch.Size([768]);81,10;85,61;94,46;88,09;86,49;91,60;68,75;85,16;nan;nan;nan;nan;nan;nan
bert-base;SUM-NS_SUML4L;SUM-NS;SUML4L;torch.Size([768]);76,04;83,15;93,08;85,86;85,72;88,20;65,57;82,52;nan;nan;nan;nan;nan;nan
bert-base;MAX-NS_SUML4L;MAX-NS;SUML4L;torch.Size([768]);77,38;76,08;92,76;86,81;83,75;91,40;67,54;82,25;nan;nan;nan;nan;nan;nan
bert-base;CLS+AVG_SUML4L;CLS+AVG;SUML4L;torch.Size([1536]);82,40;85,99;95,20;88,59;87,92;92,20;71,65;86,28;nan;nan;nan;nan;nan;nan
bert-base;CLS+SUM_SUML4L;CLS+SUM;SUML4L;torch.Size([1536]);76,61;83,84;93,31;86,66;85,06;86,80;67,77;82,86;nan;nan;nan;nan;nan;nan
bert-base;CLS+MAX_SUML4L;CLS+MAX;SUML4L;torch.Size([1536]);80,53;83,81;94,55;87,76;86,71;92,40;67,07;84,69;nan;nan;nan;nan;nan;nan
bert-base;CLS+AVG-NS_SUML4L;CLS+AVG-NS;SUML4L;torch.Size([1536]);82,41;85,77;95,13;88,73;87,70;90,40;72,17;86,04;nan;nan;nan;nan;nan;nan
bert-base;CLS+SUM-NS_SUML4L;CLS+SUM-NS;SUML4L;torch.Size([1536]);76,95;83,36;93,09;87,07;85,34;87,80;65,91;82,79;nan;nan;nan;nan;nan;nan
bert-base;CLS+MAX-NS_SUML4L;CLS+MAX-NS;SUML4L;torch.Size([1536]);80,54;83,73;94,80;88,19;87,59;92,00;66,49;84,76;nan;nan;nan;nan;nan;nan
bert-base;DY3_SUML4L;DY3;SUML4L;torch.Size([2304]);81,98;85,46;95,24;88,63;84,13;92,40;70,38;85,46;nan;nan;nan;nan;nan;nan
bert-base;DY3-NS_SUML4L;DY3-NS;SUML4L;torch.Size([2304]);81,14;86,46;95,02;88,32;83,80;92,80;70,38;85,42;nan;nan;nan;nan;nan;nan
bert-base;DY5_SUML4L;DY5;SUML4L;torch.Size([3840]);81,39;86,07;94,35;88,25;83,86;92,00;68,12;84,86;nan;nan;nan;nan;nan;nan
bert-base;DY5-NS_SUML4L;DY5-NS;SUML4L;torch.Size([3840]);80,36;86,20;94,94;68,77;50,08;92,40;64,41;76,74;nan;nan;nan;nan;nan;nan
bert-base;CLS_AVGL4L;CLS;AVGL4L;torch.Size([768]);81,23;84,61;94,79;87,60;86,05;81,60;70,32;83,74;nan;nan;nan;nan;nan;nan
bert-base;AVG_AVGL4L;AVG;AVGL4L;torch.Size([768]);81,21;85,06;94,44;87,88;85,78;90,00;73,97;85,48;nan;nan;nan;nan;nan;nan
bert-base;SUM_AVGL4L;SUM;AVGL4L;torch.Size([768]);78,06;84,21;93,85;87,55;86,38;90,60;67,54;84,03;nan;nan;nan;nan;nan;nan
bert-base;MAX_AVGL4L;MAX;AVGL4L;torch.Size([768]);77,83;78,44;93,36;87,01;83,96;85,40;72,06;82,58;nan;nan;nan;nan;nan;nan
bert-base;AVG-NS_AVGL4L;AVG-NS;AVGL4L;torch.Size([768]);80,90;84,69;94,32;87,75;85,72;89,20;74,43;85,29;nan;nan;nan;nan;nan;nan
bert-base;SUM-NS_AVGL4L;SUM-NS;AVGL4L;torch.Size([768]);78,30;84,21;93,95;86,76;86,16;90,60;67,07;83,86;nan;nan;nan;nan;nan;nan
bert-base;MAX-NS_AVGL4L;MAX-NS;AVGL4L;torch.Size([768]);78,33;80,24;93,21;86,71;84,07;88,60;71,83;83,28;nan;nan;nan;nan;nan;nan
bert-base;CLS+AVG_AVGL4L;CLS+AVG;AVGL4L;torch.Size([1536]);82,24;84,98;95,26;88,43;87,86;89,00;75,07;86,12;nan;nan;nan;nan;nan;nan
bert-base;CLS+SUM_AVGL4L;CLS+SUM;AVGL4L;torch.Size([1536]);79,24;84,77;94,23;88,34;86,00;91,00;66,03;84,23;nan;nan;nan;nan;nan;nan
bert-base;CLS+MAX_AVGL4L;CLS+MAX;AVGL4L;torch.Size([1536]);82,05;83,71;94,90;88,39;87,42;90,60;73,28;85,76;nan;nan;nan;nan;nan;nan
bert-base;CLS+AVG-NS_AVGL4L;CLS+AVG-NS;AVGL4L;torch.Size([1536]);82,02;85,67;95,08;88,99;87,37;90,20;74,96;86,33;nan;nan;nan;nan;nan;nan
bert-base;CLS+SUM-NS_AVGL4L;CLS+SUM-NS;AVGL4L;torch.Size([1536]);78,94;84,27;93,94;88,33;86,38;91,40;71,54;84,97;nan;nan;nan;nan;nan;nan
bert-base;CLS+MAX-NS_AVGL4L;CLS+MAX-NS;AVGL4L;torch.Size([1536]);81,79;84,53;94,92;88,50;87,37;90,80;72,81;85,82;nan;nan;nan;nan;nan;nan
bert-base;DY3_AVGL4L;DY3;AVGL4L;torch.Size([2304]);81,53;85,22;94,97;88,58;83,42;91,00;70,96;85,10;nan;nan;nan;nan;nan;nan
bert-base;DY3-NS_AVGL4L;DY3-NS;AVGL4L;torch.Size([2304]);81,44;86,31;95,02;88,95;84,90;92,40;69,33;85,48;nan;nan;nan;nan;nan;nan
bert-base;DY5_AVGL4L;DY5;AVGL4L;torch.Size([3840]);81,65;86,94;95,15;88,87;83,69;92,80;70,55;85,66;nan;nan;nan;nan;nan;nan
bert-base;DY5-NS_AVGL4L;DY5-NS;AVGL4L;torch.Size([3840]);81,69;86,41;95,10;68,77;50,08;93,40;67,65;77,59;nan;nan;nan;nan;nan;nan
bert-base;CLS_SUMALL;CLS;SUMALL;torch.Size([768]);79,86;82,86;94,78;86,61;86,49;88,80;66,49;83,70;nan;nan;nan;nan;nan;nan
bert-base;AVG_SUMALL;AVG;SUMALL;torch.Size([768]);80,03;83,34;94,85;88,33;85,94;91,60;66,09;84,31;nan;nan;nan;nan;nan;nan
bert-base;SUM_SUMALL;SUM;SUMALL;torch.Size([768]);74,31;79,81;92,37;85,78;85,67;86,20;66,32;81,49;nan;nan;nan;nan;nan;nan
bert-base;MAX_SUMALL;MAX;SUMALL;torch.Size([768]);71,92;63,47;89,68;86,84;82,32;85,40;65,68;77,90;nan;nan;nan;nan;nan;nan
bert-base;AVG-NS_SUMALL;AVG-NS;SUMALL;torch.Size([768]);79,36;83,63;94,76;88,24;85,45;90,60;64,35;83,77;nan;nan;nan;nan;nan;nan
bert-base;SUM-NS_SUMALL;SUM-NS;SUMALL;torch.Size([768]);74,21;80,32;92,85;85,25;83,80;86,20;65,97;81,23;nan;nan;nan;nan;nan;nan
bert-base;MAX-NS_SUMALL;MAX-NS;SUMALL;torch.Size([768]);70,65;64,93;89,86;86,52;81,60;85,20;65,68;77,78;nan;nan;nan;nan;nan;nan
bert-base;CLS+AVG_SUMALL;CLS+AVG;SUMALL;torch.Size([1536]);80,81;84,11;94,95;88,26;86,99;93,80;66,49;85,06;nan;nan;nan;nan;nan;nan
bert-base;CLS+SUM_SUMALL;CLS+SUM;SUMALL;torch.Size([1536]);74,10;81,67;92,73;85,66;85,78;87,60;64,17;81,67;nan;nan;nan;nan;nan;nan
bert-base;CLS+MAX_SUMALL;CLS+MAX;SUMALL;torch.Size([1536]);76,34;74,09;93,03;86,76;86,00;90,00;66,61;81,83;nan;nan;nan;nan;nan;nan
bert-base;CLS+AVG-NS_SUMALL;CLS+AVG-NS;SUMALL;torch.Size([1536]);80,50;83,63;94,94;88,58;87,20;92,60;68,64;85,16;nan;nan;nan;nan;nan;nan
bert-base;CLS+SUM-NS_SUMALL;CLS+SUM-NS;SUMALL;torch.Size([1536]);73,70;81,40;92,45;85,81;84,73;87,60;67,13;81,83;nan;nan;nan;nan;nan;nan
bert-base;CLS+MAX-NS_SUMALL;CLS+MAX-NS;SUMALL;torch.Size([1536]);76,99;73,96;92,83;86,86;86,05;90,80;66,20;81,96;nan;nan;nan;nan;nan;nan
bert-base;DY3_SUMALL;DY3;SUMALL;torch.Size([2304]);79,83;82,49;94,40;88,49;81,88;90,40;65,91;83,34;nan;nan;nan;nan;nan;nan
bert-base;DY3-NS_SUMALL;DY3-NS;SUMALL;torch.Size([2304]);79,08;82,78;94,22;87,68;82,04;90,40;61,22;82,49;nan;nan;nan;nan;nan;nan
bert-base;DY5_SUMALL;DY5;SUMALL;torch.Size([3840]);79,28;82,51;94,43;87,27;82,98;91,60;67,83;83,70;nan;nan;nan;nan;nan;nan
bert-base;DY5-NS_SUMALL;DY5-NS;SUMALL;torch.Size([3840]);78,05;82,81;94,21;68,77;50,08;91,20;63,77;75,56;nan;nan;nan;nan;nan;nan
bert-base;CLS_AVGALL;CLS;AVGALL;torch.Size([768]);80,01;73,09;93,92;87,37;85,72;75,00;67,83;80,42;nan;nan;nan;nan;nan;nan
bert-base;AVG_AVGALL;AVG;AVGALL;torch.Size([768]);79,68;83,31;94,04;89,07;83,86;89,00;69,39;84,05;nan;nan;nan;nan;nan;nan
bert-base;SUM_AVGALL;SUM;AVGALL;torch.Size([768]);79,07;82,12;93,80;88,32;85,67;89,40;66,14;83,50;nan;nan;nan;nan;nan;nan
bert-base;MAX_AVGALL;MAX;AVGALL;torch.Size([768]);75,79;71,90;92,10;87,88;80,40;81,80;69,57;79,92;nan;nan;nan;nan;nan;nan
bert-base;AVG-NS_AVGALL;AVG-NS;AVGALL;torch.Size([768]);79,65;83,02;93,94;89,27;83,80;89,40;69,28;84,05;nan;nan;nan;nan;nan;nan
bert-base;SUM-NS_AVGALL;SUM-NS;AVGALL;torch.Size([768]);78,78;81,06;93,14;88,41;85,28;89,80;66,26;83,25;nan;nan;nan;nan;nan;nan
bert-base;MAX-NS_AVGALL;MAX-NS;AVGALL;torch.Size([768]);75,19;72,66;92,05;88,29;81,33;84,20;70,03;80,54;nan;nan;nan;nan;nan;nan
bert-base;CLS+AVG_AVGALL;CLS+AVG;AVGALL;torch.Size([1536]);80,59;82,49;94,59;89,40;86,27;89,80;74,09;85,32;nan;nan;nan;nan;nan;nan
bert-base;CLS+SUM_AVGALL;CLS+SUM;AVGALL;torch.Size([1536]);78,27;82,52;93,54;88,92;85,56;92,20;65,45;83,78;nan;nan;nan;nan;nan;nan
bert-base;CLS+MAX_AVGALL;CLS+MAX;AVGALL;torch.Size([1536]);80,22;81,06;93,65;88,73;86,11;87,80;72,81;84,34;nan;nan;nan;nan;nan;nan
bert-base;CLS+AVG-NS_AVGALL;CLS+AVG-NS;AVGALL;torch.Size([1536]);80,54;82,60;94,80;89,70;86,22;89,60;74,61;85,44;nan;nan;nan;nan;nan;nan
bert-base;CLS+SUM-NS_AVGALL;CLS+SUM-NS;AVGALL;torch.Size([1536]);78,64;82,01;93,54;89,01;85,39;92,20;65,91;83,81;nan;nan;nan;nan;nan;nan
bert-base;CLS+MAX-NS_AVGALL;CLS+MAX-NS;AVGALL;torch.Size([1536]);80,33;80,98;93,80;88,87;86,33;88,00;72,00;84,33;nan;nan;nan;nan;nan;nan
bert-base;DY3_AVGALL;DY3;AVGALL;torch.Size([2304]);79,91;83,55;94,65;89,68;82,26;89,80;68,41;84,04;nan;nan;nan;nan;nan;nan
bert-base;DY3-NS_AVGALL;DY3-NS;AVGALL;torch.Size([2304]);79,67;83,97;94,48;89,13;82,21;91,40;67,77;84,09;nan;nan;nan;nan;nan;nan
bert-base;DY5_AVGALL;DY5;AVGALL;torch.Size([3840]);80,21;84,56;94,91;88,95;82,54;91,40;68,29;84,41;nan;nan;nan;nan;nan;nan
bert-base;DY5-NS_AVGALL;DY5-NS;AVGALL;torch.Size([3840]);80,20;84,24;94,88;68,77;50,08;94,00;68,00;77,17;nan;nan;nan;nan;nan;nan
roberta-base;CLS_LYR-7;CLS;LYR-7;torch.Size([768]);75,45;63,76;86,11;68,77;85,72;52,00;66,49;71,19;nan;nan;nan;nan;nan;nan
roberta-base;AVG_LYR-7;AVG;LYR-7;torch.Size([768]);84,22;86,94;94,17;87,59;90,61;89,40;66,49;85,63;nan;nan;nan;nan;nan;nan
roberta-base;SUM_LYR-7;SUM;LYR-7;torch.Size([768]);83,05;84,98;93,25;87,48;90,12;92,00;66,49;85,34;nan;nan;nan;nan;nan;nan
roberta-base;MAX_LYR-7;MAX;LYR-7;torch.Size([768]);79,49;73,64;91,90;86,54;87,26;85,60;65,51;81,42;nan;nan;nan;nan;nan;nan
roberta-base;AVG-NS_LYR-7;AVG-NS;LYR-7;torch.Size([768]);84,27;87,58;93,98;87,67;90,66;91,00;66,49;85,95;nan;nan;nan;nan;nan;nan
roberta-base;SUM-NS_LYR-7;SUM-NS;LYR-7;torch.Size([768]);83,54;85,64;93,72;87,54;90,28;92,40;66,49;85,66;nan;nan;nan;nan;nan;nan
roberta-base;MAX-NS_LYR-7;MAX-NS;LYR-7;torch.Size([768]);79,51;74,20;91,51;86,73;87,15;85,80;65,51;81,49;nan;nan;nan;nan;nan;nan
roberta-base;CLS+AVG_LYR-7;CLS+AVG;LYR-7;torch.Size([1536]);83,65;84,16;93,66;87,40;90,55;88,80;72,46;85,81;nan;nan;nan;nan;nan;nan
roberta-base;CLS+SUM_LYR-7;CLS+SUM;LYR-7;torch.Size([1536]);83,59;86,09;94,07;87,61;89,79;91,80;67,59;85,79;nan;nan;nan;nan;nan;nan
roberta-base;CLS+MAX_LYR-7;CLS+MAX;LYR-7;torch.Size([1536]);79,42;74,12;92,15;86,79;88,58;85,80;72,35;82,74;nan;nan;nan;nan;nan;nan
roberta-base;CLS+AVG-NS_LYR-7;CLS+AVG-NS;LYR-7;torch.Size([1536]);83,89;84,42;93,92;87,38;90,77;90,40;72,58;86,19;nan;nan;nan;nan;nan;nan
roberta-base;CLS+SUM-NS_LYR-7;CLS+SUM-NS;LYR-7;torch.Size([1536]);83,59;86,99;94,38;87,95;89,73;92,60;67,19;86,06;nan;nan;nan;nan;nan;nan
roberta-base;CLS+MAX-NS_LYR-7;CLS+MAX-NS;LYR-7;torch.Size([1536]);79,62;73,70;91,93;86,86;88,25;85,60;71,83;82,54;nan;nan;nan;nan;nan;nan
roberta-base;DY3_LYR-7;DY3;LYR-7;torch.Size([2304]);84,88;87,26;94,50;88,85;89,29;90,00;69,04;86,26;nan;nan;nan;nan;nan;nan
roberta-base;DY3-NS_LYR-7;DY3-NS;LYR-7;torch.Size([2304]);84,93;88,11;94,59;88,65;89,68;91,40;66,72;86,30;nan;nan;nan;nan;nan;nan
roberta-base;DY5_LYR-7;DY5;LYR-7;torch.Size([3840]);85,19;88,63;94,18;88,30;89,24;89,20;64,81;85,65;nan;nan;nan;nan;nan;nan
roberta-base;DY5-NS_LYR-7;DY5-NS;LYR-7;torch.Size([3840]);84,73;89,43;94,35;68,77;88,74;92,40;64,12;83,22;nan;nan;nan;nan;nan;nan
roberta-base;CLS_LYR-8;CLS;LYR-8;torch.Size([768]);71,42;63,76;81,64;68,77;81,16;45,00;66,49;68,32;nan;nan;nan;nan;nan;nan
roberta-base;AVG_LYR-8;AVG;LYR-8;torch.Size([768]);83,97;87,39;93,82;87,44;90,72;90,80;66,49;85,80;nan;nan;nan;nan;nan;nan
roberta-base;SUM_LYR-8;SUM;LYR-8;torch.Size([768]);83,66;87,26;94,31;87,24;90,77;92,80;63,54;85,65;nan;nan;nan;nan;nan;nan
roberta-base;MAX_LYR-8;MAX;LYR-8;torch.Size([768]);80,47;73,85;92,01;86,81;86,82;82,80;65,45;81,17;nan;nan;nan;nan;nan;nan
roberta-base;AVG-NS_LYR-8;AVG-NS;LYR-8;torch.Size([768]);84,07;87,39;93,89;87,47;90,77;91,80;66,49;85,98;nan;nan;nan;nan;nan;nan
roberta-base;SUM-NS_LYR-8;SUM-NS;LYR-8;torch.Size([768]);83,57;87,58;94,33;87,21;90,28;93,00;66,49;86,07;nan;nan;nan;nan;nan;nan
roberta-base;MAX-NS_LYR-8;MAX-NS;LYR-8;torch.Size([768]);79,91;73,99;91,86;86,64;86,99;82,20;65,45;81,01;nan;nan;nan;nan;nan;nan
roberta-base;CLS+AVG_LYR-8;CLS+AVG;LYR-8;torch.Size([1536]);84,28;82,89;93,66;87,12;90,61;90,20;72,64;85,91;nan;nan;nan;nan;nan;nan
roberta-base;CLS+SUM_LYR-8;CLS+SUM;LYR-8;torch.Size([1536]);83,74;86,20;93,52;87,70;90,44;91,40;66,78;85,68;nan;nan;nan;nan;nan;nan
roberta-base;CLS+MAX_LYR-8;CLS+MAX;LYR-8;torch.Size([1536]);81,15;72,63;92,12;86,65;86,99;84,60;70,20;82,05;nan;nan;nan;nan;nan;nan
roberta-base;CLS+AVG-NS_LYR-8;CLS+AVG-NS;LYR-8;torch.Size([1536]);84,67;83,29;93,70;87,44;90,77;87,60;72,35;85,69;nan;nan;nan;nan;nan;nan
roberta-base;CLS+SUM-NS_LYR-8;CLS+SUM-NS;LYR-8;torch.Size([1536]);83,55;87,23;93,54;87,38;90,28;91,80;67,94;85,96;nan;nan;nan;nan;nan;nan
roberta-base;CLS+MAX-NS_LYR-8;CLS+MAX-NS;LYR-8;torch.Size([1536]);80,90;74,20;92,26;86,78;86,93;85,20;71,59;82,55;nan;nan;nan;nan;nan;nan
roberta-base;DY3_LYR-8;DY3;LYR-8;torch.Size([2304]);84,61;88,13;94,70;88,62;90,06;89,60;67,30;86,15;nan;nan;nan;nan;nan;nan
roberta-base;DY3-NS_LYR-8;DY3-NS;LYR-8;torch.Size([2304]);84,98;88,29;94,62;88,59;89,84;91,20;66,84;86,34;nan;nan;nan;nan;nan;nan
roberta-base;DY5_LYR-8;DY5;LYR-8;torch.Size([3840]);85,56;89,30;94,58;88,05;89,40;90,60;68,52;86,57;nan;nan;nan;nan;nan;nan
roberta-base;DY5-NS_LYR-8;DY5-NS;LYR-8;torch.Size([3840]);85,46;89,38;94,60;68,77;89,57;92,40;65,91;83,73;nan;nan;nan;nan;nan;nan
roberta-base;CLS_LYR-9;CLS;LYR-9;torch.Size([768]);74,58;63,76;82,98;68,77;81,11;33,00;66,49;67,24;nan;nan;nan;nan;nan;nan
roberta-base;AVG_LYR-9;AVG;LYR-9;torch.Size([768]);84,10;86,52;93,69;86,99;90,50;88,00;66,49;85,18;nan;nan;nan;nan;nan;nan
roberta-base;SUM_LYR-9;SUM;LYR-9;torch.Size([768]);82,87;86,62;93,77;86,83;90,83;91,80;64,17;85,27;nan;nan;nan;nan;nan;nan
roberta-base;MAX_LYR-9;MAX;LYR-9;torch.Size([768]);79,66;72,34;91,49;85,82;86,33;82,60;66,49;80,68;nan;nan;nan;nan;nan;nan
roberta-base;AVG-NS_LYR-9;AVG-NS;LYR-9;torch.Size([768]);83,62;86,97;93,70;87,27;90,72;88,20;66,49;85,28;nan;nan;nan;nan;nan;nan
roberta-base;SUM-NS_LYR-9;SUM-NS;LYR-9;torch.Size([768]);82,91;86,62;93,81;87,02;90,88;91,20;66,49;85,56;nan;nan;nan;nan;nan;nan
roberta-base;MAX-NS_LYR-9;MAX-NS;LYR-9;torch.Size([768]);78,95;70,73;91,22;85,99;86,27;85,00;66,49;80,66;nan;nan;nan;nan;nan;nan
roberta-base;CLS+AVG_LYR-9;CLS+AVG;LYR-9;torch.Size([1536]);83,47;83,15;93,73;87,47;90,44;86,00;73,16;85,35;nan;nan;nan;nan;nan;nan
roberta-base;CLS+SUM_LYR-9;CLS+SUM;LYR-9;torch.Size([1536]);82,56;86,54;93,81;86,93;90,44;92,20;66,55;85,58;nan;nan;nan;nan;nan;nan
roberta-base;CLS+MAX_LYR-9;CLS+MAX;LYR-9;torch.Size([1536]);78,98;68,48;91,68;85,96;87,15;84,40;70,72;81,05;nan;nan;nan;nan;nan;nan
roberta-base;CLS+AVG-NS_LYR-9;CLS+AVG-NS;LYR-9;torch.Size([1536]);83,40;82,70;93,49;87,38;90,61;83,40;71,77;84,68;nan;nan;nan;nan;nan;nan
roberta-base;CLS+SUM-NS_LYR-9;CLS+SUM-NS;LYR-9;torch.Size([1536]);82,70;86,25;93,47;86,68;90,50;90,80;66,03;85,20;nan;nan;nan;nan;nan;nan
roberta-base;CLS+MAX-NS_LYR-9;CLS+MAX-NS;LYR-9;torch.Size([1536]);79,20;69,72;91,51;85,93;87,15;84,60;66,78;80,70;nan;nan;nan;nan;nan;nan
roberta-base;DY3_LYR-9;DY3;LYR-9;torch.Size([2304]);84,62;88,05;94,61;88,36;89,51;90,00;68,70;86,26;nan;nan;nan;nan;nan;nan
roberta-base;DY3-NS_LYR-9;DY3-NS;LYR-9;torch.Size([2304]);84,65;87,74;94,74;87,94;89,79;91,60;67,36;86,26;nan;nan;nan;nan;nan;nan
roberta-base;DY5_LYR-9;DY5;LYR-9;torch.Size([3840]);84,92;88,26;94,98;87,58;89,79;89,80;68,58;86,27;nan;nan;nan;nan;nan;nan
roberta-base;DY5-NS_LYR-9;DY5-NS;LYR-9;torch.Size([3840]);84,89;88,08;94,86;68,77;89,29;93,00;67,94;83,83;nan;nan;nan;nan;nan;nan
roberta-base;CLS_LYR-10;CLS;LYR-10;torch.Size([768]);76,08;63,76;85,89;68,77;80,83;38,00;66,49;68,55;nan;nan;nan;nan;nan;nan
roberta-base;AVG_LYR-10;AVG;LYR-10;torch.Size([768]);83,63;86,38;93,66;87,03;90,50;89,20;66,49;85,27;nan;nan;nan;nan;nan;nan
roberta-base;SUM_LYR-10;SUM;LYR-10;torch.Size([768]);83,07;86,54;94,01;86,46;90,28;92,40;66,43;85,60;nan;nan;nan;nan;nan;nan
roberta-base;MAX_LYR-10;MAX;LYR-10;torch.Size([768]);79,18;70,89;91,40;86,08;87,04;84,20;66,49;80,75;nan;nan;nan;nan;nan;nan
roberta-base;AVG-NS_LYR-10;AVG-NS;LYR-10;torch.Size([768]);83,26;86,38;93,78;87,08;90,50;89,20;66,49;85,24;nan;nan;nan;nan;nan;nan
roberta-base;SUM-NS_LYR-10;SUM-NS;LYR-10;torch.Size([768]);83,07;86,54;94,26;86,59;89,62;90,80;63,01;84,84;nan;nan;nan;nan;nan;nan
roberta-base;MAX-NS_LYR-10;MAX-NS;LYR-10;torch.Size([768]);79,44;70,73;91,72;86,34;87,70;84,20;66,49;80,95;nan;nan;nan;nan;nan;nan
roberta-base;CLS+AVG_LYR-10;CLS+AVG;LYR-10;torch.Size([1536]);82,40;82,01;93,47;86,52;90,06;88,40;75,07;85,42;nan;nan;nan;nan;nan;nan
roberta-base;CLS+SUM_LYR-10;CLS+SUM;LYR-10;torch.Size([1536]);83,13;86,55;93,73;86,99;89,51;92,20;67,25;85,62;nan;nan;nan;nan;nan;nan
roberta-base;CLS+MAX_LYR-10;CLS+MAX;LYR-10;torch.Size([1536]);79,87;69,96;92,12;85,94;87,92;83,80;71,36;81,57;nan;nan;nan;nan;nan;nan
roberta-base;CLS+AVG-NS_LYR-10;CLS+AVG-NS;LYR-10;torch.Size([1536]);82,75;82,73;93,64;87,59;90,44;89,60;75,07;85,97;nan;nan;nan;nan;nan;nan
roberta-base;CLS+SUM-NS_LYR-10;CLS+SUM-NS;LYR-10;torch.Size([1536]);83,55;86,23;93,52;87,09;89,35;93,20;66,96;85,70;nan;nan;nan;nan;nan;nan
roberta-base;CLS+MAX-NS_LYR-10;CLS+MAX-NS;LYR-10;torch.Size([1536]);79,90;69,72;91,91;86,22;87,70;84,40;70,61;81,49;nan;nan;nan;nan;nan;nan
roberta-base;DY3_LYR-10;DY3;LYR-10;torch.Size([2304]);83,94;87,23;94,62;88,26;89,18;90,60;68,75;86,08;nan;nan;nan;nan;nan;nan
roberta-base;DY3-NS_LYR-10;DY3-NS;LYR-10;torch.Size([2304]);83,69;88,21;94,42;87,77;89,02;91,00;66,67;85,83;nan;nan;nan;nan;nan;nan
roberta-base;DY5_LYR-10;DY5;LYR-10;torch.Size([3840]);84,55;88,29;95,27;87,47;89,35;89,00;68,12;86,01;nan;nan;nan;nan;nan;nan
roberta-base;DY5-NS_LYR-10;DY5-NS;LYR-10;torch.Size([3840]);83,95;87,44;94,63;68,77;88,03;92,80;66,20;83,12;nan;nan;nan;nan;nan;nan
roberta-base;CLS_LYR-11;CLS;LYR-11;torch.Size([768]);77,53;63,76;85,77;68,77;83,09;47,00;66,49;70,34;nan;nan;nan;nan;nan;nan
roberta-base;AVG_LYR-11;AVG;LYR-11;torch.Size([768]);82,52;84,42;93,55;86,17;89,51;87,80;66,49;84,35;nan;nan;nan;nan;nan;nan
roberta-base;SUM_LYR-11;SUM;LYR-11;torch.Size([768]);82,18;86,20;93,31;86,06;88,74;91,20;66,72;84,92;nan;nan;nan;nan;nan;nan
roberta-base;MAX_LYR-11;MAX;LYR-11;torch.Size([768]);77,65;70,12;92,04;84,80;85,34;82,00;66,49;79,78;nan;nan;nan;nan;nan;nan
roberta-base;AVG-NS_LYR-11;AVG-NS;LYR-11;torch.Size([768]);82,65;85,27;93,75;86,11;89,68;86,60;63,71;83,97;nan;nan;nan;nan;nan;nan
roberta-base;SUM-NS_LYR-11;SUM-NS;LYR-11;torch.Size([768]);82,07;86,68;93,50;85,86;89,40;92,80;62,78;84,73;nan;nan;nan;nan;nan;nan
roberta-base;MAX-NS_LYR-11;MAX-NS;LYR-11;torch.Size([768]);77,80;70,86;92,44;84,91;85,01;82,40;66,49;79,99;nan;nan;nan;nan;nan;nan
roberta-base;CLS+AVG_LYR-11;CLS+AVG;LYR-11;torch.Size([1536]);82,58;80,66;93,87;86,40;89,95;83,20;73,62;84,33;nan;nan;nan;nan;nan;nan
roberta-base;CLS+SUM_LYR-11;CLS+SUM;LYR-11;torch.Size([1536]);82,13;85,85;93,72;86,09;89,46;92,40;65,91;85,08;nan;nan;nan;nan;nan;nan
roberta-base;CLS+MAX_LYR-11;CLS+MAX;LYR-11;torch.Size([1536]);78,88;71,81;92,42;85,04;86,38;82,00;72,00;81,22;nan;nan;nan;nan;nan;nan
roberta-base;CLS+AVG-NS_LYR-11;CLS+AVG-NS;LYR-11;torch.Size([1536]);82,84;80,87;93,80;86,44;89,73;88,20;74,14;85,15;nan;nan;nan;nan;nan;nan
roberta-base;CLS+SUM-NS_LYR-11;CLS+SUM-NS;LYR-11;torch.Size([1536]);81,93;85,48;93,87;85,80;89,84;92,20;67,25;85,20;nan;nan;nan;nan;nan;nan
roberta-base;CLS+MAX-NS_LYR-11;CLS+MAX-NS;LYR-11;torch.Size([1536]);78,61;70,83;92,46;85,21;86,16;82,40;70,26;80,85;nan;nan;nan;nan;nan;nan
roberta-base;DY3_LYR-11;DY3;LYR-11;torch.Size([2304]);84,05;86,92;94,81;87,80;88,30;90,60;68,23;85,82;nan;nan;nan;nan;nan;nan
roberta-base;DY3-NS_LYR-11;DY3-NS;LYR-11;torch.Size([2304]);83,83;86,33;94,87;87,31;87,64;90,80;68,81;85,66;nan;nan;nan;nan;nan;nan
roberta-base;DY5_LYR-11;DY5;LYR-11;torch.Size([3840]);83,90;86,57;95,21;86,95;87,75;89,20;68,93;85,50;nan;nan;nan;nan;nan;nan
roberta-base;DY5-NS_LYR-11;DY5-NS;LYR-11;torch.Size([3840]);83,73;86,67;94,96;68,77;87,86;91,00;67,36;82,91;nan;nan;nan;nan;nan;nan
roberta-base;CLS_LYR-12;CLS;LYR-12;torch.Size([768]);77,47;63,76;91,50;68,77;84,62;50,20;66,49;71,83;nan;nan;nan;nan;nan;nan
roberta-base;AVG_LYR-12;AVG;LYR-12;torch.Size([768]);80,91;79,10;93,18;83,66;87,81;78,80;66,49;81,42;nan;nan;nan;nan;nan;nan
roberta-base;SUM_LYR-12;SUM;LYR-12;torch.Size([768]);82,51;85,46;94,70;84,73;89,46;91,00;66,49;84,91;nan;nan;nan;nan;nan;nan
roberta-base;MAX_LYR-12;MAX;LYR-12;torch.Size([768]);75,74;63,81;91,43;80,67;82,87;78,80;68,99;77,47;nan;nan;nan;nan;nan;nan
roberta-base;AVG-NS_LYR-12;AVG-NS;LYR-12;torch.Size([768]);80,89;77,38;93,29;84,47;88,41;80,00;66,49;81,56;nan;nan;nan;nan;nan;nan
roberta-base;SUM-NS_LYR-12;SUM-NS;LYR-12;torch.Size([768]);82,43;84,77;94,61;84,75;89,18;91,20;66,49;84,78;nan;nan;nan;nan;nan;nan
roberta-base;MAX-NS_LYR-12;MAX-NS;LYR-12;torch.Size([768]);75,76;63,87;91,47;82,04;82,87;78,80;68,99;77,69;nan;nan;nan;nan;nan;nan
roberta-base;CLS+AVG_LYR-12;CLS+AVG;LYR-12;torch.Size([1536]);81,49;77,54;93,12;83,80;87,86;80,60;74,26;82,67;nan;nan;nan;nan;nan;nan
roberta-base;CLS+SUM_LYR-12;CLS+SUM;LYR-12;torch.Size([1536]);82,44;85,38;94,19;85,10;88,80;93,20;67,94;85,29;nan;nan;nan;nan;nan;nan
roberta-base;CLS+MAX_LYR-12;CLS+MAX;LYR-12;torch.Size([1536]);77,21;63,79;92,30;83,57;85,34;75,40;72,41;78,57;nan;nan;nan;nan;nan;nan
roberta-base;CLS+AVG-NS_LYR-12;CLS+AVG-NS;LYR-12;torch.Size([1536]);81,33;76,95;93,06;84,58;87,70;80,60;74,32;82,65;nan;nan;nan;nan;nan;nan
roberta-base;CLS+SUM-NS_LYR-12;CLS+SUM-NS;LYR-12;torch.Size([1536]);82,70;86,01;94,14;85,36;89,07;93,20;67,83;85,47;nan;nan;nan;nan;nan;nan
roberta-base;CLS+MAX-NS_LYR-12;CLS+MAX-NS;LYR-12;torch.Size([1536]);77,80;63,79;92,30;83,66;84,51;75,60;72,46;78,59;nan;nan;nan;nan;nan;nan
roberta-base;DY3_LYR-12;DY3;LYR-12;torch.Size([2304]);82,35;81,72;93,99;85,52;87,04;87,20;69,04;83,84;nan;nan;nan;nan;nan;nan
roberta-base;DY3-NS_LYR-12;DY3-NS;LYR-12;torch.Size([2304]);82,26;82,91;93,97;85,34;86,71;88,40;68,75;84,05;nan;nan;nan;nan;nan;nan
roberta-base;DY5_LYR-12;DY5;LYR-12;torch.Size([3840]);82,66;83,55;94,17;85,81;86,11;86,20;68,29;83,83;nan;nan;nan;nan;nan;nan
roberta-base;DY5-NS_LYR-12;DY5-NS;LYR-12;torch.Size([3840]);82,95;83,74;94,26;68,77;87,15;91,00;70,03;82,56;nan;nan;nan;nan;nan;nan
roberta-base;CLS_SUML4L;CLS;SUML4L;torch.Size([768]);77,82;63,76;91,07;68,77;84,84;42,80;66,49;70,79;nan;nan;nan;nan;nan;nan
roberta-base;AVG_SUML4L;AVG;SUML4L;torch.Size([768]);84,21;88,19;94,10;87,14;90,06;93,20;62,61;85,64;nan;nan;nan;nan;nan;nan
roberta-base;SUM_SUML4L;SUM;SUML4L;torch.Size([768]);79,85;83,76;93,03;85,66;89,40;88,20;66,09;83,71;nan;nan;nan;nan;nan;nan
roberta-base;MAX_SUML4L;MAX;SUML4L;torch.Size([768]);78,51;70,38;92,15;85,33;86,38;87,40;66,49;80,95;nan;nan;nan;nan;nan;nan
roberta-base;AVG-NS_SUML4L;AVG-NS;SUML4L;torch.Size([768]);84,27;88,05;94,15;87,06;90,12;92,00;66,49;86,02;nan;nan;nan;nan;nan;nan
roberta-base;SUM-NS_SUML4L;SUM-NS;SUML4L;torch.Size([768]);79,94;85,83;93,02;85,61;89,35;91,00;66,49;84,46;nan;nan;nan;nan;nan;nan
roberta-base;MAX-NS_SUML4L;MAX-NS;SUML4L;torch.Size([768]);78,57;71,89;92,07;85,55;86,33;87,80;66,49;81,24;nan;nan;nan;nan;nan;nan
roberta-base;CLS+AVG_SUML4L;CLS+AVG;SUML4L;torch.Size([1536]);83,88;86,81;94,05;87,09;89,79;92,20;69,74;86,22;nan;nan;nan;nan;nan;nan
roberta-base;CLS+SUM_SUML4L;CLS+SUM;SUML4L;torch.Size([1536]);80,74;86,04;92,95;86,20;89,02;90,60;65,28;84,40;nan;nan;nan;nan;nan;nan
roberta-base;CLS+MAX_SUML4L;CLS+MAX;SUML4L;torch.Size([1536]);79,70;76,58;92,99;86,42;86,49;88,00;65,62;82,26;nan;nan;nan;nan;nan;nan
roberta-base;CLS+AVG-NS_SUML4L;CLS+AVG-NS;SUML4L;torch.Size([1536]);84,23;86,09;94,18;87,19;90,50;92,40;70,43;86,43;nan;nan;nan;nan;nan;nan
roberta-base;CLS+SUM-NS_SUML4L;CLS+SUM-NS;SUML4L;torch.Size([1536]);80,80;84,69;92,96;86,07;89,29;90,40;66,49;84,39;nan;nan;nan;nan;nan;nan
roberta-base;CLS+MAX-NS_SUML4L;CLS+MAX-NS;SUML4L;torch.Size([1536]);79,46;74,51;93,03;86,15;86,38;88,20;66,61;82,05;nan;nan;nan;nan;nan;nan
roberta-base;DY3_SUML4L;DY3;SUML4L;torch.Size([2304]);84,96;88,45;95,23;88,28;89,40;91,00;67,59;86,42;nan;nan;nan;nan;nan;nan
roberta-base;DY3-NS_SUML4L;DY3-NS;SUML4L;torch.Size([2304]);84,66;88,61;95,55;87,35;89,29;91,00;66,49;86,14;nan;nan;nan;nan;nan;nan
roberta-base;DY5_SUML4L;DY5;SUML4L;torch.Size([3840]);84,86;88,16;95,53;87,41;88,58;90,80;65,04;85,77;nan;nan;nan;nan;nan;nan
roberta-base;DY5-NS_SUML4L;DY5-NS;SUML4L;torch.Size([3840]);84,71;88,34;95,38;68,77;88,08;93,60;64,17;83,29;nan;nan;nan;nan;nan;nan
roberta-base;CLS_AVGL4L;CLS;AVGL4L;torch.Size([768]);77,74;63,76;89,96;68,77;83,53;38,80;66,49;69,86;nan;nan;nan;nan;nan;nan
roberta-base;AVG_AVGL4L;AVG;AVGL4L;torch.Size([768]);83,10;85,14;93,67;86,39;90,39;85,00;66,49;84,31;nan;nan;nan;nan;nan;nan
roberta-base;SUM_AVGL4L;SUM;AVGL4L;torch.Size([768]);83,09;87,21;93,98;86,44;90,28;93,20;65,80;85,71;nan;nan;nan;nan;nan;nan
roberta-base;MAX_AVGL4L;MAX;AVGL4L;torch.Size([768]);78,98;70,09;92,02;85,96;86,11;83,80;66,49;80,49;nan;nan;nan;nan;nan;nan
roberta-base;AVG-NS_AVGL4L;AVG-NS;AVGL4L;torch.Size([768]);83,26;85,70;93,44;86,69;90,33;90,20;66,49;85,16;nan;nan;nan;nan;nan;nan
roberta-base;SUM-NS_AVGL4L;SUM-NS;AVGL4L;torch.Size([768]);83,40;87,05;94,04;86,46;90,39;92,60;66,49;85,78;nan;nan;nan;nan;nan;nan
roberta-base;MAX-NS_AVGL4L;MAX-NS;AVGL4L;torch.Size([768]);79,17;70,09;92,25;85,69;85,83;83,80;66,49;80,47;nan;nan;nan;nan;nan;nan
roberta-base;CLS+AVG_AVGL4L;CLS+AVG;AVGL4L;torch.Size([1536]);82,85;78,91;93,89;86,85;90,17;89,80;74,67;85,31;nan;nan;nan;nan;nan;nan
roberta-base;CLS+SUM_AVGL4L;CLS+SUM;AVGL4L;torch.Size([1536]);83,86;86,91;93,31;86,91;90,23;92,00;66,32;85,65;nan;nan;nan;nan;nan;nan
roberta-base;CLS+MAX_AVGL4L;CLS+MAX;AVGL4L;torch.Size([1536]);78,82;68,24;92,48;86,11;86,11;80,60;72,81;80,74;nan;nan;nan;nan;nan;nan
roberta-base;CLS+AVG-NS_AVGL4L;CLS+AVG-NS;AVGL4L;torch.Size([1536]);82,64;82,75;93,89;87,01;90,12;88,40;75,19;85,71;nan;nan;nan;nan;nan;nan
roberta-base;CLS+SUM-NS_AVGL4L;CLS+SUM-NS;AVGL4L;torch.Size([1536]);83,41;87,26;93,09;86,82;90,12;91,80;66,20;85,53;nan;nan;nan;nan;nan;nan
roberta-base;CLS+MAX-NS_AVGL4L;CLS+MAX-NS;AVGL4L;torch.Size([1536]);79,32;69,67;92,42;86,37;85,72;84,80;72,06;81,48;nan;nan;nan;nan;nan;nan
roberta-base;DY3_AVGL4L;DY3;AVGL4L;torch.Size([2304]);83,94;87,05;94,56;88,02;89,13;88,40;68,64;85,68;nan;nan;nan;nan;nan;nan
roberta-base;DY3-NS_AVGL4L;DY3-NS;AVGL4L;torch.Size([2304]);83,75;86,07;94,61;87,15;89,40;90,20;67,59;85,54;nan;nan;nan;nan;nan;nan
roberta-base;DY5_AVGL4L;DY5;AVGL4L;torch.Size([3840]);84,66;87,26;95,06;87,41;88,58;89,00;65,28;85,32;nan;nan;nan;nan;nan;nan
roberta-base;DY5-NS_AVGL4L;DY5-NS;AVGL4L;torch.Size([3840]);84,22;88,37;94,78;68,77;88,41;91,20;66,61;83,19;nan;nan;nan;nan;nan;nan
roberta-base;CLS_SUMALL;CLS;SUMALL;torch.Size([768]);75,53;63,76;88,77;68,77;85,17;39,00;66,49;69,64;nan;nan;nan;nan;nan;nan
roberta-base;AVG_SUMALL;AVG;SUMALL;torch.Size([768]);83,46;87,76;94,71;87,90;90,23;90,40;62,78;85,32;nan;nan;nan;nan;nan;nan
roberta-base;SUM_SUMALL;SUM;SUMALL;torch.Size([768]);78,20;83,34;92,81;85,46;89,35;88,00;62,43;82,80;nan;nan;nan;nan;nan;nan
roberta-base;MAX_SUMALL;MAX;SUMALL;torch.Size([768]);74,49;64,63;90,16;85,24;86,44;86,00;64,99;78,85;nan;nan;nan;nan;nan;nan
roberta-base;AVG-NS_SUMALL;AVG-NS;SUMALL;torch.Size([768]);83,57;87,39;94,45;88,11;90,50;90,60;66,49;85,87;nan;nan;nan;nan;nan;nan
roberta-base;SUM-NS_SUMALL;SUM-NS;SUMALL;torch.Size([768]);78,34;83,13;92,60;85,52;89,51;88,40;66,43;83,42;nan;nan;nan;nan;nan;nan
roberta-base;MAX-NS_SUMALL;MAX-NS;SUMALL;torch.Size([768]);74,84;64,32;90,26;85,79;86,11;86,40;64,87;78,94;nan;nan;nan;nan;nan;nan
roberta-base;CLS+AVG_SUMALL;CLS+AVG;SUMALL;torch.Size([1536]);83,34;85,99;94,46;87,99;90,88;90,00;68,29;85,85;nan;nan;nan;nan;nan;nan
roberta-base;CLS+SUM_SUMALL;CLS+SUM;SUMALL;torch.Size([1536]);79,07;85,56;92,89;85,71;89,95;87,20;67,13;83,93;nan;nan;nan;nan;nan;nan
roberta-base;CLS+MAX_SUMALL;CLS+MAX;SUMALL;torch.Size([1536]);77,74;71,21;90,95;85,95;87,48;89,60;63,30;80,89;nan;nan;nan;nan;nan;nan
roberta-base;CLS+AVG-NS_SUMALL;CLS+AVG-NS;SUMALL;torch.Size([1536]);83,19;86,65;94,51;87,65;90,23;89,80;67,65;85,67;nan;nan;nan;nan;nan;nan
roberta-base;CLS+SUM-NS_SUMALL;CLS+SUM-NS;SUMALL;torch.Size([1536]);79,37;83,26;93,19;86,07;87,75;87,80;65,39;83,26;nan;nan;nan;nan;nan;nan
roberta-base;CLS+MAX-NS_SUMALL;CLS+MAX-NS;SUMALL;torch.Size([1536]);78,02;69,25;91,30;86,11;87,10;88,20;66,49;80,92;nan;nan;nan;nan;nan;nan
roberta-base;DY3_SUMALL;DY3;SUMALL;torch.Size([2304]);83,85;87,76;95,05;89,07;89,57;91,00;66,49;86,11;nan;nan;nan;nan;nan;nan
roberta-base;DY3-NS_SUMALL;DY3-NS;SUMALL;torch.Size([2304]);84,22;87,95;95,16;88,15;89,62;90,60;65,10;85,83;nan;nan;nan;nan;nan;nan
roberta-base;DY5_SUMALL;DY5;SUMALL;torch.Size([3840]);83,65;86,33;94,35;87,13;88,58;87,80;65,28;84,73;nan;nan;nan;nan;nan;nan
roberta-base;DY5-NS_SUMALL;DY5-NS;SUMALL;torch.Size([3840]);83,32;86,49;94,97;68,77;87,37;88,80;65,33;82,15;nan;nan;nan;nan;nan;nan
roberta-base;CLS_AVGALL;CLS;AVGALL;torch.Size([768]);72,33;63,76;84,74;68,77;81,60;34,80;66,49;67,50;nan;nan;nan;nan;nan;nan
roberta-base;AVG_AVGALL;AVG;AVGALL;torch.Size([768]);82,68;84,53;93,40;87,76;89,51;91,00;66,49;85,05;nan;nan;nan;nan;nan;nan
roberta-base;SUM_AVGALL;SUM;AVGALL;torch.Size([768]);82,48;85,80;93,89;87,56;89,90;91,20;66,49;85,33;nan;nan;nan;nan;nan;nan
roberta-base;MAX_AVGALL;MAX;AVGALL;torch.Size([768]);77,84;66,39;91,55;85,98;86,99;76,80;65,28;78,69;nan;nan;nan;nan;nan;nan
roberta-base;AVG-NS_AVGALL;AVG-NS;AVGALL;torch.Size([768]);82,74;83,76;93,37;87,84;89,51;91,00;66,49;84,96;nan;nan;nan;nan;nan;nan
roberta-base;SUM-NS_AVGALL;SUM-NS;AVGALL;torch.Size([768]);82,19;85,77;93,80;87,74;89,90;92,00;66,38;85,40;nan;nan;nan;nan;nan;nan
roberta-base;MAX-NS_AVGALL;MAX-NS;AVGALL;torch.Size([768]);77,89;69,59;91,55;86,16;86,55;76,80;65,39;79,13;nan;nan;nan;nan;nan;nan
roberta-base;CLS+AVG_AVGALL;CLS+AVG;AVGALL;torch.Size([1536]);82,72;77,93;93,56;87,64;89,79;88,20;71,83;84,52;nan;nan;nan;nan;nan;nan
roberta-base;CLS+SUM_AVGALL;CLS+SUM;AVGALL;torch.Size([1536]);82,91;85,03;93,74;87,56;89,79;90,40;67,77;85,31;nan;nan;nan;nan;nan;nan
roberta-base;CLS+MAX_AVGALL;CLS+MAX;AVGALL;torch.Size([1536]);78,31;63,87;91,44;86,15;85,45;78,20;72,12;79,36;nan;nan;nan;nan;nan;nan
roberta-base;CLS+AVG-NS_AVGALL;CLS+AVG-NS;AVGALL;torch.Size([1536]);82,67;78,76;93,50;87,80;89,84;88,60;72,99;84,88;nan;nan;nan;nan;nan;nan
roberta-base;CLS+SUM-NS_AVGALL;CLS+SUM-NS;AVGALL;torch.Size([1536]);83,38;85,22;93,89;87,53;89,79;91,40;67,59;85,54;nan;nan;nan;nan;nan;nan
roberta-base;CLS+MAX-NS_AVGALL;CLS+MAX-NS;AVGALL;torch.Size([1536]);78,12;63,92;91,68;86,09;86,99;77,00;73,39;79,60;nan;nan;nan;nan;nan;nan
roberta-base;DY3_AVGALL;DY3;AVGALL;torch.Size([2304]);83,81;84,24;94,52;88,69;89,62;89,40;68,23;85,50;nan;nan;nan;nan;nan;nan
roberta-base;DY3-NS_AVGALL;DY3-NS;AVGALL;torch.Size([2304]);83,34;85,69;94,13;88,51;89,02;89,40;67,48;85,37;nan;nan;nan;nan;nan;nan
roberta-base;DY5_AVGALL;DY5;AVGALL;torch.Size([3840]);83,87;86,07;94,49;88,34;88,58;88,60;65,74;85,10;nan;nan;nan;nan;nan;nan
roberta-base;DY5-NS_AVGALL;DY5-NS;AVGALL;torch.Size([3840]);83,36;85,91;94,46;68,77;87,70;90,40;61,16;81,68;nan;nan;nan;nan;nan;nan
deberta-base;CLS_LYR-7;CLS;LYR-7;torch.Size([768]);53,06;63,76;55,80;68,77;49,92;18,80;66,49;53,80;nan;nan;nan;nan;nan;nan
deberta-base;AVG_LYR-7;AVG;LYR-7;torch.Size([768]);82,99;82,73;94,00;90,25;90,77;92,60;75,48;86,97;nan;nan;nan;nan;nan;nan
deberta-base;SUM_LYR-7;SUM;LYR-7;torch.Size([768]);83,20;87,52;94,46;90,08;90,99;94,80;68,93;87,14;nan;nan;nan;nan;nan;nan
deberta-base;MAX_LYR-7;MAX;LYR-7;torch.Size([768]);80,84;79,18;91,94;89,38;87,75;89,60;74,32;84,72;nan;nan;nan;nan;nan;nan
deberta-base;AVG-NS_LYR-7;AVG-NS;LYR-7;torch.Size([768]);83,35;83,05;94,18;90,34;90,88;93,60;75,48;87,27;nan;nan;nan;nan;nan;nan
deberta-base;SUM-NS_LYR-7;SUM-NS;LYR-7;torch.Size([768]);83,30;87,47;94,52;90,54;90,94;94,60;66,61;86,85;nan;nan;nan;nan;nan;nan
deberta-base;MAX-NS_LYR-7;MAX-NS;LYR-7;torch.Size([768]);80,89;79,18;91,94;89,79;87,64;89,60;74,32;84,77;nan;nan;nan;nan;nan;nan
deberta-base;CLS+AVG_LYR-7;CLS+AVG;LYR-7;torch.Size([1536]);83,47;85,99;94,15;89,89;90,72;93,60;75,83;87,66;nan;nan;nan;nan;nan;nan
deberta-base;CLS+SUM_LYR-7;CLS+SUM;LYR-7;torch.Size([1536]);82,87;88,48;94,66;90,20;90,12;96,00;71,59;87,70;nan;nan;nan;nan;nan;nan
deberta-base;CLS+MAX_LYR-7;CLS+MAX;LYR-7;torch.Size([1536]);80,27;77,78;92,08;89,13;87,10;92,00;71,59;84,28;nan;nan;nan;nan;nan;nan
deberta-base;CLS+AVG-NS_LYR-7;CLS+AVG-NS;LYR-7;torch.Size([1536]);83,42;86,62;94,09;90,44;90,94;94,00;76,06;87,94;nan;nan;nan;nan;nan;nan
deberta-base;CLS+SUM-NS_LYR-7;CLS+SUM-NS;LYR-7;torch.Size([1536]);83,69;87,10;94,65;90,21;90,06;96,00;71,77;87,64;nan;nan;nan;nan;nan;nan
deberta-base;CLS+MAX-NS_LYR-7;CLS+MAX-NS;LYR-7;torch.Size([1536]);80,44;77,78;92,08;89,19;87,10;92,00;71,59;84,31;nan;nan;nan;nan;nan;nan
deberta-base;DY3_LYR-7;DY3;LYR-7;torch.Size([2304]);84,49;87,95;94,68;90,31;89,40;89,40;68,46;86,38;nan;nan;nan;nan;nan;nan
deberta-base;DY3-NS_LYR-7;DY3-NS;LYR-7;torch.Size([2304]);84,35;88,90;94,99;68,77;89,57;94,00;67,65;84,03;nan;nan;nan;nan;nan;nan
deberta-base;DY5_LYR-7;DY5;LYR-7;torch.Size([3840]);84,32;88,80;95,13;68,77;88,96;84,60;63,07;81,95;nan;nan;nan;nan;nan;nan
deberta-base;DY5-NS_LYR-7;DY5-NS;LYR-7;torch.Size([3840]);83,79;89,38;95,59;68,77;50,08;94,20;70,03;78,83;nan;nan;nan;nan;nan;nan
deberta-base;CLS_LYR-8;CLS;LYR-8;torch.Size([768]);54,81;63,76;58,97;68,77;49,92;18,80;66,49;54,50;nan;nan;nan;nan;nan;nan
deberta-base;AVG_LYR-8;AVG;LYR-8;torch.Size([768]);85,02;87,50;94,66;89,66;91,54;93,60;75,94;88,27;nan;nan;nan;nan;nan;nan
deberta-base;SUM_LYR-8;SUM;LYR-8;torch.Size([768]);84,47;87,79;94,44;89,67;91,65;95,20;68,46;87,38;nan;nan;nan;nan;nan;nan
deberta-base;MAX_LYR-8;MAX;LYR-8;torch.Size([768]);82,35;79,68;92,74;89,03;89,07;89,80;72,06;84,96;nan;nan;nan;nan;nan;nan
deberta-base;AVG-NS_LYR-8;AVG-NS;LYR-8;torch.Size([768]);85,08;87,42;94,62;90,21;91,43;94,00;76,12;88,41;nan;nan;nan;nan;nan;nan
deberta-base;SUM-NS_LYR-8;SUM-NS;LYR-8;torch.Size([768]);84,20;88,37;94,45;89,74;91,60;95,20;68,12;87,38;nan;nan;nan;nan;nan;nan
deberta-base;MAX-NS_LYR-8;MAX-NS;LYR-8;torch.Size([768]);82,36;79,71;92,74;89,45;89,02;89,20;72,06;84,93;nan;nan;nan;nan;nan;nan
deberta-base;CLS+AVG_LYR-8;CLS+AVG;LYR-8;torch.Size([1536]);85,28;86,81;94,65;89,60;91,65;93,80;75,48;88,18;nan;nan;nan;nan;nan;nan
deberta-base;CLS+SUM_LYR-8;CLS+SUM;LYR-8;torch.Size([1536]);85,65;89,40;95,01;89,56;91,60;96,00;70,55;88,25;nan;nan;nan;nan;nan;nan
deberta-base;CLS+MAX_LYR-8;CLS+MAX;LYR-8;torch.Size([1536]);82,62;77,94;92,24;88,42;88,80;92,40;72,46;84,98;nan;nan;nan;nan;nan;nan
deberta-base;CLS+AVG-NS_LYR-8;CLS+AVG-NS;LYR-8;torch.Size([1536]);85,20;88,24;94,58;90,29;91,60;94,60;75,65;88,59;nan;nan;nan;nan;nan;nan
deberta-base;CLS+SUM-NS_LYR-8;CLS+SUM-NS;LYR-8;torch.Size([1536]);85,23;89,19;94,99;89,61;91,65;96,00;70,32;88,14;nan;nan;nan;nan;nan;nan
deberta-base;CLS+MAX-NS_LYR-8;CLS+MAX-NS;LYR-8;torch.Size([1536]);82,65;77,91;92,24;88,87;88,69;90,80;72,46;84,80;nan;nan;nan;nan;nan;nan
deberta-base;DY3_LYR-8;DY3;LYR-8;torch.Size([2304]);84,52;88,82;94,92;90,14;90,77;91,80;68,93;87,13;nan;nan;nan;nan;nan;nan
deberta-base;DY3-NS_LYR-8;DY3-NS;LYR-8;torch.Size([2304]);85,88;88,90;94,92;68,77;91,16;93,80;66,67;84,30;nan;nan;nan;nan;nan;nan
deberta-base;DY5_LYR-8;DY5;LYR-8;torch.Size([3840]);86,00;89,93;95,15;68,77;90,50;87,20;63,42;83,00;nan;nan;nan;nan;nan;nan
deberta-base;DY5-NS_LYR-8;DY5-NS;LYR-8;torch.Size([3840]);85,45;89,80;95,42;68,77;50,08;94,60;70,32;79,21;nan;nan;nan;nan;nan;nan
deberta-base;CLS_LYR-9;CLS;LYR-9;torch.Size([768]);78,06;63,76;87,83;68,77;80,34;18,80;66,49;66,29;nan;nan;nan;nan;nan;nan
deberta-base;AVG_LYR-9;AVG;LYR-9;torch.Size([768]);85,72;88,56;93,98;89,87;91,76;92,20;74,72;88,12;nan;nan;nan;nan;nan;nan
deberta-base;SUM_LYR-9;SUM;LYR-9;torch.Size([768]);85,67;88,85;94,66;89,25;91,38;96,00;66,32;87,45;nan;nan;nan;nan;nan;nan
deberta-base;MAX_LYR-9;MAX;LYR-9;torch.Size([768]);83,13;79,26;92,27;88,83;89,07;91,40;73,04;85,29;nan;nan;nan;nan;nan;nan
deberta-base;AVG-NS_LYR-9;AVG-NS;LYR-9;torch.Size([768]);85,89;88,42;94,19;90,09;91,71;93,20;75,07;88,37;nan;nan;nan;nan;nan;nan
deberta-base;SUM-NS_LYR-9;SUM-NS;LYR-9;torch.Size([768]);85,86;89,22;94,13;89,15;91,43;96,00;66,61;87,49;nan;nan;nan;nan;nan;nan
deberta-base;MAX-NS_LYR-9;MAX-NS;LYR-9;torch.Size([768]);82,78;78,04;92,36;89,20;89,07;91,40;73,10;85,14;nan;nan;nan;nan;nan;nan
deberta-base;CLS+AVG_LYR-9;CLS+AVG;LYR-9;torch.Size([1536]);85,97;88,88;94,34;89,59;91,76;92,00;76,00;88,36;nan;nan;nan;nan;nan;nan
deberta-base;CLS+SUM_LYR-9;CLS+SUM;LYR-9;torch.Size([1536]);86,32;90,54;94,45;89,51;91,87;96,40;68,00;88,16;nan;nan;nan;nan;nan;nan
deberta-base;CLS+MAX_LYR-9;CLS+MAX;LYR-9;torch.Size([1536]);82,97;78,78;92,22;88,62;89,29;91,60;72,52;85,14;nan;nan;nan;nan;nan;nan
deberta-base;CLS+AVG-NS_LYR-9;CLS+AVG-NS;LYR-9;torch.Size([1536]);85,98;89,22;94,45;90,20;91,82;93,40;74,55;88,52;nan;nan;nan;nan;nan;nan
deberta-base;CLS+SUM-NS_LYR-9;CLS+SUM-NS;LYR-9;torch.Size([1536]);86,25;90,46;94,45;89,74;91,87;96,40;68,29;88,21;nan;nan;nan;nan;nan;nan
deberta-base;CLS+MAX-NS_LYR-9;CLS+MAX-NS;LYR-9;torch.Size([1536]);82,96;78,81;92,22;88,99;89,24;91,60;72,75;85,22;nan;nan;nan;nan;nan;nan
deberta-base;DY3_LYR-9;DY3;LYR-9;torch.Size([2304]);86,99;89,80;95,12;89,66;91,43;91,20;68,12;87,47;nan;nan;nan;nan;nan;nan
deberta-base;DY3-NS_LYR-9;DY3-NS;LYR-9;torch.Size([2304]);86,10;89,99;95,04;68,77;91,43;91,80;68,00;84,45;nan;nan;nan;nan;nan;nan
deberta-base;DY5_LYR-9;DY5;LYR-9;torch.Size([3840]);86,96;89,91;95,64;68,77;90,77;84,80;65,74;83,23;nan;nan;nan;nan;nan;nan
deberta-base;DY5-NS_LYR-9;DY5-NS;LYR-9;torch.Size([3840]);86,79;90,81;95,83;68,77;50,08;94,20;69,39;79,41;nan;nan;nan;nan;nan;nan
deberta-base;CLS_LYR-10;CLS;LYR-10;torch.Size([768]);67,00;63,76;67,90;68,77;49,92;19,00;66,49;57,55;nan;nan;nan;nan;nan;nan
deberta-base;AVG_LYR-10;AVG;LYR-10;torch.Size([768]);86,81;89,09;94,15;89,02;92,42;90,00;74,84;88,05;nan;nan;nan;nan;nan;nan
deberta-base;SUM_LYR-10;SUM;LYR-10;torch.Size([768]);85,87;89,40;94,27;89,45;92,37;94,80;66,49;87,52;nan;nan;nan;nan;nan;nan
deberta-base;MAX_LYR-10;MAX;LYR-10;torch.Size([768]);83,91;81,86;92,24;89,10;90,33;87,00;71,30;85,11;nan;nan;nan;nan;nan;nan
deberta-base;AVG-NS_LYR-10;AVG-NS;LYR-10;torch.Size([768]);86,80;89,11;94,42;89,77;92,42;90,20;75,13;88,26;nan;nan;nan;nan;nan;nan
deberta-base;SUM-NS_LYR-10;SUM-NS;LYR-10;torch.Size([768]);85,75;89,14;94,35;89,63;92,31;94,80;67,83;87,69;nan;nan;nan;nan;nan;nan
deberta-base;MAX-NS_LYR-10;MAX-NS;LYR-10;torch.Size([768]);83,90;82,28;92,25;89,15;90,44;87,00;71,30;85,19;nan;nan;nan;nan;nan;nan
deberta-base;CLS+AVG_LYR-10;CLS+AVG;LYR-10;torch.Size([1536]);86,81;89,93;94,40;89,16;92,37;90,80;74,96;88,35;nan;nan;nan;nan;nan;nan
deberta-base;CLS+SUM_LYR-10;CLS+SUM;LYR-10;torch.Size([1536]);86,85;90,07;94,56;89,45;92,15;96,40;67,65;88,16;nan;nan;nan;nan;nan;nan
deberta-base;CLS+MAX_LYR-10;CLS+MAX;LYR-10;torch.Size([1536]);84,14;81,51;92,24;88,64;90,17;88,00;72,46;85,31;nan;nan;nan;nan;nan;nan
deberta-base;CLS+AVG-NS_LYR-10;CLS+AVG-NS;LYR-10;torch.Size([1536]);86,61;89,88;94,44;89,97;92,20;92,40;75,30;88,69;nan;nan;nan;nan;nan;nan
deberta-base;CLS+SUM-NS_LYR-10;CLS+SUM-NS;LYR-10;torch.Size([1536]);86,02;90,20;94,95;89,75;92,15;96,40;72,12;88,80;nan;nan;nan;nan;nan;nan
deberta-base;CLS+MAX-NS_LYR-10;CLS+MAX-NS;LYR-10;torch.Size([1536]);84,15;83,18;92,24;89,16;90,12;88,00;72,46;85,62;nan;nan;nan;nan;nan;nan
deberta-base;DY3_LYR-10;DY3;LYR-10;torch.Size([2304]);87,27;90,60;95,27;89,62;91,54;87,40;68,23;87,13;nan;nan;nan;nan;nan;nan
deberta-base;DY3-NS_LYR-10;DY3-NS;LYR-10;torch.Size([2304]);86,74;90,68;95,09;68,77;91,65;91,60;68,00;84,65;nan;nan;nan;nan;nan;nan
deberta-base;DY5_LYR-10;DY5;LYR-10;torch.Size([3840]);87,49;91,07;96,01;68,77;91,54;85,60;68,06;84,08;nan;nan;nan;nan;nan;nan
deberta-base;DY5-NS_LYR-10;DY5-NS;LYR-10;torch.Size([3840]);87,33;91,13;95,89;68,77;50,08;94,40;69,22;79,55;nan;nan;nan;nan;nan;nan
deberta-base;CLS_LYR-11;CLS;LYR-11;torch.Size([768]);77,63;63,76;85,94;72,41;84,29;35,60;66,20;69,40;nan;nan;nan;nan;nan;nan
deberta-base;AVG_LYR-11;AVG;LYR-11;torch.Size([768]);86,32;88,24;94,35;88,50;92,59;90,00;72,75;87,54;nan;nan;nan;nan;nan;nan
deberta-base;SUM_LYR-11;SUM;LYR-11;torch.Size([768]);86,26;88,05;94,34;89,27;92,04;94,00;69,91;87,70;nan;nan;nan;nan;nan;nan
deberta-base;MAX_LYR-11;MAX;LYR-11;torch.Size([768]);81,21;68,51;91,51;87,67;89,90;83,00;71,88;81,95;nan;nan;nan;nan;nan;nan
deberta-base;AVG-NS_LYR-11;AVG-NS;LYR-11;torch.Size([768]);85,39;87,26;94,09;88,99;92,31;86,40;72,87;86,76;nan;nan;nan;nan;nan;nan
deberta-base;SUM-NS_LYR-11;SUM-NS;LYR-11;torch.Size([768]);86,57;88,34;94,56;89,51;92,04;94,20;70,03;87,89;nan;nan;nan;nan;nan;nan
deberta-base;MAX-NS_LYR-11;MAX-NS;LYR-11;torch.Size([768]);81,07;66,28;91,42;88,42;90,12;83,40;71,83;81,79;nan;nan;nan;nan;nan;nan
deberta-base;CLS+AVG_LYR-11;CLS+AVG;LYR-11;torch.Size([1536]);85,97;88,21;94,25;88,83;92,53;88,00;74,20;87,43;nan;nan;nan;nan;nan;nan
deberta-base;CLS+SUM_LYR-11;CLS+SUM;LYR-11;torch.Size([1536]);87,31;90,09;94,91;88,71;92,26;93,80;67,71;87,83;nan;nan;nan;nan;nan;nan
deberta-base;CLS+MAX_LYR-11;CLS+MAX;LYR-11;torch.Size([1536]);81,97;70,83;91,27;87,62;90,72;84,40;71,71;82,65;nan;nan;nan;nan;nan;nan
deberta-base;CLS+AVG-NS_LYR-11;CLS+AVG-NS;LYR-11;torch.Size([1536]);85,90;88,08;94,36;89,44;92,15;90,20;72,58;87,53;nan;nan;nan;nan;nan;nan
deberta-base;CLS+SUM-NS_LYR-11;CLS+SUM-NS;LYR-11;torch.Size([1536]);86,99;90,28;94,96;89,03;92,04;94,80;69,97;88,30;nan;nan;nan;nan;nan;nan
deberta-base;CLS+MAX-NS_LYR-11;CLS+MAX-NS;LYR-11;torch.Size([1536]);82,22;70,76;91,77;88,17;90,61;84,40;71,71;82,81;nan;nan;nan;nan;nan;nan
deberta-base;DY3_LYR-11;DY3;LYR-11;torch.Size([2304]);86,61;88,24;94,98;89,63;91,98;85,00;69,39;86,55;nan;nan;nan;nan;nan;nan
deberta-base;DY3-NS_LYR-11;DY3-NS;LYR-11;torch.Size([2304]);86,63;88,90;94,94;68,77;91,93;88,40;67,42;83,86;nan;nan;nan;nan;nan;nan
deberta-base;DY5_LYR-11;DY5;LYR-11;torch.Size([3840]);87,62;90,62;95,31;68,77;91,76;87,40;67,83;84,19;nan;nan;nan;nan;nan;nan
deberta-base;DY5-NS_LYR-11;DY5-NS;LYR-11;torch.Size([3840]);87,10;89,62;95,36;68,77;50,08;93,60;68,99;79,07;nan;nan;nan;nan;nan;nan
deberta-base;CLS_LYR-12;CLS;LYR-12;torch.Size([768]);71,47;63,76;82,50;72,81;81,22;47,00;66,49;69,32;nan;nan;nan;nan;nan;nan
deberta-base;AVG_LYR-12;AVG;LYR-12;torch.Size([768]);84,17;83,05;93,03;84,97;91,05;83,00;70,03;84,19;nan;nan;nan;nan;nan;nan
deberta-base;SUM_LYR-12;SUM;LYR-12;torch.Size([768]);83,74;82,70;93,04;86,19;90,83;89,80;68,46;84,97;nan;nan;nan;nan;nan;nan
deberta-base;MAX_LYR-12;MAX;LYR-12;torch.Size([768]);75,31;63,18;87,34;82,09;86,22;77,60;66,20;76,85;nan;nan;nan;nan;nan;nan
deberta-base;AVG-NS_LYR-12;AVG-NS;LYR-12;torch.Size([768]);84,40;82,83;92,95;86,26;91,10;82,80;70,09;84,35;nan;nan;nan;nan;nan;nan
deberta-base;SUM-NS_LYR-12;SUM-NS;LYR-12;torch.Size([768]);83,30;83,13;93,50;86,56;91,10;89,80;67,77;85,02;nan;nan;nan;nan;nan;nan
deberta-base;MAX-NS_LYR-12;MAX-NS;LYR-12;torch.Size([768]);75,51;63,26;87,28;83,05;86,77;77,60;66,20;77,10;nan;nan;nan;nan;nan;nan
deberta-base;CLS+AVG_LYR-12;CLS+AVG;LYR-12;torch.Size([1536]);84,01;83,42;92,85;85,04;91,65;83,20;69,74;84,27;nan;nan;nan;nan;nan;nan
deberta-base;CLS+SUM_LYR-12;CLS+SUM;LYR-12;torch.Size([1536]);82,56;84,82;93,94;86,45;90,66;90,40;66,03;84,98;nan;nan;nan;nan;nan;nan
deberta-base;CLS+MAX_LYR-12;CLS+MAX;LYR-12;torch.Size([1536]);77,75;63,87;88,42;80,87;88,30;79,40;66,72;77,90;nan;nan;nan;nan;nan;nan
deberta-base;CLS+AVG-NS_LYR-12;CLS+AVG-NS;LYR-12;torch.Size([1536]);83,69;84,11;92,92;86,95;91,71;81,60;69,68;84,38;nan;nan;nan;nan;nan;nan
deberta-base;CLS+SUM-NS_LYR-12;CLS+SUM-NS;LYR-12;torch.Size([1536]);83,10;85,09;94,05;86,88;90,88;90,80;64,46;85,04;nan;nan;nan;nan;nan;nan
deberta-base;CLS+MAX-NS_LYR-12;CLS+MAX-NS;LYR-12;torch.Size([1536]);77,80;63,92;88,35;82,36;88,30;79,20;66,67;78,09;nan;nan;nan;nan;nan;nan
deberta-base;DY3_LYR-12;DY3;LYR-12;torch.Size([2304]);84,52;84,69;94,03;86,39;89,68;85,00;62,61;83,85;nan;nan;nan;nan;nan;nan
deberta-base;DY3-NS_LYR-12;DY3-NS;LYR-12;torch.Size([2304]);84,27;86,86;93,67;68,77;89,40;85,60;66,49;82,15;nan;nan;nan;nan;nan;nan
deberta-base;DY5_LYR-12;DY5;LYR-12;torch.Size([3840]);84,97;86,75;94,06;68,77;89,68;67,00;65,04;79,47;nan;nan;nan;nan;nan;nan
deberta-base;DY5-NS_LYR-12;DY5-NS;LYR-12;torch.Size([3840]);85,71;85,61;94,20;68,77;50,08;89,00;60,64;76,29;nan;nan;nan;nan;nan;nan
deberta-base;CLS_SUML4L;CLS;SUML4L;torch.Size([768]);76,91;63,76;83,52;74,39;86,27;39,00;66,20;70,01;nan;nan;nan;nan;nan;nan
deberta-base;AVG_SUML4L;AVG;SUML4L;torch.Size([768]);87,03;88,90;95,07;89,76;91,60;92,20;72,99;88,22;nan;nan;nan;nan;nan;nan
deberta-base;SUM_SUML4L;SUM;SUML4L;torch.Size([768]);83,31;86,20;93,46;89,16;90,72;92,60;66,38;85,98;nan;nan;nan;nan;nan;nan
deberta-base;MAX_SUML4L;MAX;SUML4L;torch.Size([768]);81,50;63,55;91,61;88,50;90,33;90,20;66,72;81,77;nan;nan;nan;nan;nan;nan
deberta-base;AVG-NS_SUML4L;AVG-NS;SUML4L;torch.Size([768]);86,74;88,93;94,95;90,26;91,65;93,20;73,10;88,40;nan;nan;nan;nan;nan;nan
deberta-base;SUM-NS_SUML4L;SUM-NS;SUML4L;torch.Size([768]);83,28;87,05;93,14;88,62;90,77;93,80;66,43;86,16;nan;nan;nan;nan;nan;nan
deberta-base;MAX-NS_SUML4L;MAX-NS;SUML4L;torch.Size([768]);81,51;64,56;91,45;88,80;90,23;91,20;66,61;82,05;nan;nan;nan;nan;nan;nan
deberta-base;CLS+AVG_SUML4L;CLS+AVG;SUML4L;torch.Size([1536]);86,89;89,80;94,80;89,85;92,86;93,60;74,20;88,86;nan;nan;nan;nan;nan;nan
deberta-base;CLS+SUM_SUML4L;CLS+SUM;SUML4L;torch.Size([1536]);84,66;88,58;94,29;88,75;91,76;90,80;64,35;86,17;nan;nan;nan;nan;nan;nan
deberta-base;CLS+MAX_SUML4L;CLS+MAX;SUML4L;torch.Size([1536]);83,17;79,71;92,63;88,15;90,44;90,40;69,86;84,91;nan;nan;nan;nan;nan;nan
deberta-base;CLS+AVG-NS_SUML4L;CLS+AVG-NS;SUML4L;torch.Size([1536]);86,95;89,30;94,74;90,35;92,92;94,40;73,80;88,92;nan;nan;nan;nan;nan;nan
deberta-base;CLS+SUM-NS_SUML4L;CLS+SUM-NS;SUML4L;torch.Size([1536]);84,44;88,40;93,97;88,98;91,76;92,60;66,20;86,62;nan;nan;nan;nan;nan;nan
deberta-base;CLS+MAX-NS_SUML4L;CLS+MAX-NS;SUML4L;torch.Size([1536]);82,73;79,90;92,62;88,09;90,28;91,00;68,12;84,68;nan;nan;nan;nan;nan;nan
deberta-base;DY3_SUML4L;DY3;SUML4L;torch.Size([2304]);87,76;90,46;95,48;90,51;92,26;88,80;70,03;87,90;nan;nan;nan;nan;nan;nan
deberta-base;DY3-NS_SUML4L;DY3-NS;SUML4L;torch.Size([2304]);87,58;89,99;95,34;68,77;91,38;93,20;69,16;85,06;nan;nan;nan;nan;nan;nan
deberta-base;DY5_SUML4L;DY5;SUML4L;torch.Size([3840]);87,34;90,12;95,84;68,77;90,77;80,40;69,33;83,22;nan;nan;nan;nan;nan;nan
deberta-base;DY5-NS_SUML4L;DY5-NS;SUML4L;torch.Size([3840]);87,20;89,64;95,68;68,77;50,08;94,80;66,78;78,99;nan;nan;nan;nan;nan;nan
deberta-base;CLS_AVGL4L;CLS;AVGL4L;torch.Size([768]);71,27;63,76;77,91;69,98;82,37;39,60;66,49;67,34;nan;nan;nan;nan;nan;nan
deberta-base;AVG_AVGL4L;AVG;AVGL4L;torch.Size([768]);85,75;87,15;94,20;88,96;92,31;90,60;73,04;87,43;nan;nan;nan;nan;nan;nan
deberta-base;SUM_AVGL4L;SUM;AVGL4L;torch.Size([768]);86,10;88,77;94,10;89,14;92,09;94,80;66,26;87,32;nan;nan;nan;nan;nan;nan
deberta-base;MAX_AVGL4L;MAX;AVGL4L;torch.Size([768]);82,24;64,32;91,64;88,12;89,46;84,80;70,38;81,57;nan;nan;nan;nan;nan;nan
deberta-base;AVG-NS_AVGL4L;AVG-NS;AVGL4L;torch.Size([768]);85,77;86,97;94,32;89,88;92,37;91,00;71,71;87,43;nan;nan;nan;nan;nan;nan
deberta-base;SUM-NS_AVGL4L;SUM-NS;AVGL4L;torch.Size([768]);86,44;88,32;94,69;89,56;92,04;94,80;66,26;87,44;nan;nan;nan;nan;nan;nan
deberta-base;MAX-NS_AVGL4L;MAX-NS;AVGL4L;torch.Size([768]);82,35;64,34;91,67;88,48;89,24;81,60;70,55;81,18;nan;nan;nan;nan;nan;nan
deberta-base;CLS+AVG_AVGL4L;CLS+AVG;AVGL4L;torch.Size([1536]);85,62;88,18;93,88;89,12;92,42;90,80;74,32;87,76;nan;nan;nan;nan;nan;nan
deberta-base;CLS+SUM_AVGL4L;CLS+SUM;AVGL4L;torch.Size([1536]);86,59;90,01;95,48;89,44;91,71;94,80;71,07;88,44;nan;nan;nan;nan;nan;nan
deberta-base;CLS+MAX_AVGL4L;CLS+MAX;AVGL4L;torch.Size([1536]);83,05;72,42;92,09;87,51;89,13;89,00;71,88;83,58;nan;nan;nan;nan;nan;nan
deberta-base;CLS+AVG-NS_AVGL4L;CLS+AVG-NS;AVGL4L;torch.Size([1536]);85,63;88,16;93,99;89,75;92,31;92,20;74,96;88,14;nan;nan;nan;nan;nan;nan
deberta-base;CLS+SUM-NS_AVGL4L;CLS+SUM-NS;AVGL4L;torch.Size([1536]);86,56;89,83;95,17;89,52;91,71;94,60;71,59;88,43;nan;nan;nan;nan;nan;nan
deberta-base;CLS+MAX-NS_AVGL4L;CLS+MAX-NS;AVGL4L;torch.Size([1536]);83,49;72,42;91,60;87,97;89,07;89,00;71,88;83,63;nan;nan;nan;nan;nan;nan
deberta-base;DY3_AVGL4L;DY3;AVGL4L;torch.Size([2304]);86,80;87,52;94,88;89,54;92,09;88,80;68,75;86,91;nan;nan;nan;nan;nan;nan
deberta-base;DY3-NS_AVGL4L;DY3-NS;AVGL4L;torch.Size([2304]);86,56;88,79;95,08;68,77;91,54;91,20;67,25;84,17;nan;nan;nan;nan;nan;nan
deberta-base;DY5_AVGL4L;DY5;AVGL4L;torch.Size([3840]);87,28;89,11;95,42;68,77;91,05;85,80;62,78;82,89;nan;nan;nan;nan;nan;nan
deberta-base;DY5-NS_AVGL4L;DY5-NS;AVGL4L;torch.Size([3840]);87,23;89,64;95,48;68,77;50,08;93,20;69,45;79,12;nan;nan;nan;nan;nan;nan
deberta-base;CLS_SUMALL;CLS;SUMALL;torch.Size([768]);73,23;63,76;75,32;73,01;86,55;44,40;66,49;68,97;nan;nan;nan;nan;nan;nan
deberta-base;AVG_SUMALL;AVG;SUMALL;torch.Size([768]);85,89;87,44;95,38;90,90;91,49;93,20;70,32;87,80;nan;nan;nan;nan;nan;nan
deberta-base;SUM_SUMALL;SUM;SUMALL;torch.Size([768]);81,19;85,06;93,38;88,38;90,44;91,00;63,77;84,75;nan;nan;nan;nan;nan;nan
deberta-base;MAX_SUMALL;MAX;SUMALL;torch.Size([768]);78,07;64,48;91,34;89,08;87,42;91,40;65,80;81,08;nan;nan;nan;nan;nan;nan
deberta-base;AVG-NS_SUMALL;AVG-NS;SUMALL;torch.Size([768]);85,51;87,26;95,26;90,42;91,76;94,40;70,03;87,81;nan;nan;nan;nan;nan;nan
deberta-base;SUM-NS_SUMALL;SUM-NS;SUMALL;torch.Size([768]);81,29;85,19;93,33;87,94;90,33;90,00;66,49;84,94;nan;nan;nan;nan;nan;nan
deberta-base;MAX-NS_SUMALL;MAX-NS;SUMALL;torch.Size([768]);78,42;64,37;91,34;89,09;87,37;91,20;65,80;81,08;nan;nan;nan;nan;nan;nan
deberta-base;CLS+AVG_SUMALL;CLS+AVG;SUMALL;torch.Size([1536]);86,05;88,34;95,61;89,94;91,60;95,40;68,75;87,96;nan;nan;nan;nan;nan;nan
deberta-base;CLS+SUM_SUMALL;CLS+SUM;SUMALL;torch.Size([1536]);81,63;85,22;93,94;88,09;89,68;92,20;67,13;85,41;nan;nan;nan;nan;nan;nan
deberta-base;CLS+MAX_SUMALL;CLS+MAX;SUMALL;torch.Size([1536]);78,96;66,36;91,37;89,26;87,53;92,40;64,58;81,49;nan;nan;nan;nan;nan;nan
deberta-base;CLS+AVG-NS_SUMALL;CLS+AVG-NS;SUMALL;torch.Size([1536]);85,83;88,79;95,54;90,58;91,60;95,60;68,29;88,03;nan;nan;nan;nan;nan;nan
deberta-base;CLS+SUM-NS_SUMALL;CLS+SUM-NS;SUMALL;torch.Size([1536]);82,24;85,25;93,87;88,62;89,57;92,40;67,30;85,61;nan;nan;nan;nan;nan;nan
deberta-base;CLS+MAX-NS_SUMALL;CLS+MAX-NS;SUMALL;torch.Size([1536]);78,40;66,36;91,45;89,40;88,03;92,60;64,58;81,55;nan;nan;nan;nan;nan;nan
deberta-base;DY3_SUMALL;DY3;SUMALL;torch.Size([2304]);85,74;88,77;95,44;89,66;89,84;80,00;64,99;84,92;nan;nan;nan;nan;nan;nan
deberta-base;DY3-NS_SUMALL;DY3-NS;SUMALL;torch.Size([2304]);85,67;88,61;95,23;68,77;89,73;92,80;68,29;84,16;nan;nan;nan;nan;nan;nan
deberta-base;DY5_SUMALL;DY5;SUMALL;torch.Size([3840]);85,36;87,95;95,44;68,77;89,07;78,00;63,71;81,19;nan;nan;nan;nan;nan;nan
deberta-base;DY5-NS_SUMALL;DY5-NS;SUMALL;torch.Size([3840]);84,43;87,42;95,01;68,77;50,08;92,00;68,17;77,98;nan;nan;nan;nan;nan;nan
deberta-base;CLS_AVGALL;CLS;AVGALL;torch.Size([768]);66,97;63,76;73,42;68,77;78,97;41,60;66,49;65,71;nan;nan;nan;nan;nan;nan
deberta-base;AVG_AVGALL;AVG;AVGALL;torch.Size([768]);83,88;83,87;93,50;90,44;90,88;92,20;73,91;86,95;nan;nan;nan;nan;nan;nan
deberta-base;SUM_AVGALL;SUM;AVGALL;torch.Size([768]);84,78;87,13;94,79;90,58;91,49;94,80;67,25;87,26;nan;nan;nan;nan;nan;nan
deberta-base;MAX_AVGALL;MAX;AVGALL;torch.Size([768]);79,63;67,23;91,44;89,01;87,75;82,80;72,70;81,51;nan;nan;nan;nan;nan;nan
deberta-base;AVG-NS_AVGALL;AVG-NS;AVGALL;torch.Size([768]);84,22;84,32;93,42;90,74;90,99;91,60;75,13;87,20;nan;nan;nan;nan;nan;nan
deberta-base;SUM-NS_AVGALL;SUM-NS;AVGALL;torch.Size([768]);85,09;86,86;94,94;90,82;91,54;94,60;68,41;87,47;nan;nan;nan;nan;nan;nan
deberta-base;MAX-NS_AVGALL;MAX-NS;AVGALL;torch.Size([768]);79,61;67,26;91,27;89,66;87,81;82,80;72,70;81,59;nan;nan;nan;nan;nan;nan
deberta-base;CLS+AVG_AVGALL;CLS+AVG;AVGALL;torch.Size([1536]);84,21;84,77;93,65;89,77;90,99;91,20;75,01;87,09;nan;nan;nan;nan;nan;nan
deberta-base;CLS+SUM_AVGALL;CLS+SUM;AVGALL;torch.Size([1536]);85,77;87,89;95,68;89,99;90,72;95,60;68,99;87,81;nan;nan;nan;nan;nan;nan
deberta-base;CLS+MAX_AVGALL;CLS+MAX;AVGALL;torch.Size([1536]);79,44;70,81;91,63;88,98;88,08;88,20;73,10;82,89;nan;nan;nan;nan;nan;nan
deberta-base;CLS+AVG-NS_AVGALL;CLS+AVG-NS;AVGALL;torch.Size([1536]);84,36;84,21;93,68;90,09;91,05;91,60;74,96;87,14;nan;nan;nan;nan;nan;nan
deberta-base;CLS+SUM-NS_AVGALL;CLS+SUM-NS;AVGALL;torch.Size([1536]);85,50;86,70;95,69;90,61;90,88;95,60;72,46;88,21;nan;nan;nan;nan;nan;nan
deberta-base;CLS+MAX-NS_AVGALL;CLS+MAX-NS;AVGALL;torch.Size([1536]);79,40;70,83;91,63;89,75;88,08;88,20;73,86;83,11;nan;nan;nan;nan;nan;nan
deberta-base;DY3_AVGALL;DY3;AVGALL;torch.Size([2304]);84,34;87,34;94,12;89,97;89,68;83,00;67,71;85,17;nan;nan;nan;nan;nan;nan
deberta-base;DY3-NS_AVGALL;DY3-NS;AVGALL;torch.Size([2304]);83,89;86,78;93,88;68,77;90,33;91,00;66,96;83,09;nan;nan;nan;nan;nan;nan
deberta-base;DY5_AVGALL;DY5;AVGALL;torch.Size([3840]);84,53;87,10;95,20;68,77;90,28;87,60;65,45;82,70;nan;nan;nan;nan;nan;nan
deberta-base;DY5-NS_AVGALL;DY5-NS;AVGALL;torch.Size([3840]);84,78;87,76;95,06;68,77;50,08;93,40;68,99;78,41;nan;nan;nan;nan;nan;nan
deberta-base;CLS+AVG+AVG-NS_LYR-7;CLS+AVG+AVG-NS;LYR-7;torch.Size([2304]);84,21;87,44;94,90;90,62;91,43;95,00;76,46;88,58;nan;nan;nan;nan;nan;nan
deberta-base;CLS+AVG+SUM-NS_LYR-7;CLS+AVG+SUM-NS;LYR-7;torch.Size([2304]);84,35;89,99;95,27;90,55;90,99;95,60;67,54;87,76;nan;nan;nan;nan;nan;nan
deberta-base;CLS+AVG+MAX-NS_LYR-7;CLS+AVG+MAX-NS;LYR-7;torch.Size([2304]);83,83;85,16;94,39;90,46;90,94;94,00;73,97;87,54;nan;nan;nan;nan;nan;nan
deberta-base;CLS+SUM+AVG-NS_LYR-7;CLS+SUM+AVG-NS;LYR-7;torch.Size([2304]);84,72;88,21;94,97;90,60;90,61;95,00;71,13;87,89;nan;nan;nan;nan;nan;nan
deberta-base;CLS+SUM+SUM-NS_LYR-7;CLS+SUM+SUM-NS;LYR-7;torch.Size([2304]);83,86;88,42;94,28;90,32;90,44;95,40;70,14;87,55;nan;nan;nan;nan;nan;nan
deberta-base;CLS+SUM+MAX-NS_LYR-7;CLS+SUM+MAX-NS;LYR-7;torch.Size([2304]);84,34;88,63;94,64;90,82;90,61;95,40;70,67;87,87;nan;nan;nan;nan;nan;nan
deberta-base;CLS+MAX+AVG-NS_LYR-7;CLS+MAX+AVG-NS;LYR-7;torch.Size([2304]);83,87;85,14;94,39;90,38;90,77;94,20;73,57;87,47;nan;nan;nan;nan;nan;nan
deberta-base;CLS+MAX+SUM-NS_LYR-7;CLS+MAX+SUM-NS;LYR-7;torch.Size([2304]);84,34;89,19;94,93;90,48;90,99;95,40;70,38;87,96;nan;nan;nan;nan;nan;nan
deberta-base;CLS+MAX+MAX-NS_LYR-7;CLS+MAX+MAX-NS;LYR-7;torch.Size([2304]);80,44;80,00;91,79;88,95;87,20;93,60;74,32;85,19;nan;nan;nan;nan;nan;nan
deberta-base;CLS+AVG+AVG-NS_LYR-8;CLS+AVG+AVG-NS;LYR-8;torch.Size([2304]);85,74;88,95;95,07;90,19;92,04;95,20;76,41;89,09;nan;nan;nan;nan;nan;nan
deberta-base;CLS+AVG+SUM-NS_LYR-8;CLS+AVG+SUM-NS;LYR-8;torch.Size([2304]);85,49;89,96;94,74;89,91;91,82;96,20;71,54;88,52;nan;nan;nan;nan;nan;nan
deberta-base;CLS+AVG+MAX-NS_LYR-8;CLS+AVG+MAX-NS;LYR-8;torch.Size([2304]);85,54;87,97;94,10;90,12;91,54;93,80;73,51;88,08;nan;nan;nan;nan;nan;nan
deberta-base;CLS+SUM+AVG-NS_LYR-8;CLS+SUM+AVG-NS;LYR-8;torch.Size([2304]);85,87;89,88;95,18;90,32;91,16;96,20;71,65;88,61;nan;nan;nan;nan;nan;nan
deberta-base;CLS+SUM+SUM-NS_LYR-8;CLS+SUM+SUM-NS;LYR-8;torch.Size([2304]);85,16;90,01;95,19;89,64;90,44;96,40;70,96;88,26;nan;nan;nan;nan;nan;nan
deberta-base;CLS+SUM+MAX-NS_LYR-8;CLS+SUM+MAX-NS;LYR-8;torch.Size([2304]);85,14;89,69;95,09;90,12;90,88;95,40;72,52;88,41;nan;nan;nan;nan;nan;nan
deberta-base;CLS+MAX+AVG-NS_LYR-8;CLS+MAX+AVG-NS;LYR-8;torch.Size([2304]);85,08;86,97;94,26;90,27;91,76;94,80;73,45;88,08;nan;nan;nan;nan;nan;nan
deberta-base;CLS+MAX+SUM-NS_LYR-8;CLS+MAX+SUM-NS;LYR-8;torch.Size([2304]);85,68;89,88;95,07;89,94;90,61;95,60;71,77;88,36;nan;nan;nan;nan;nan;nan
deberta-base;CLS+MAX+MAX-NS_LYR-8;CLS+MAX+MAX-NS;LYR-8;torch.Size([2304]);82,59;78,68;92,52;89,35;89,51;93,40;73,91;85,71;nan;nan;nan;nan;nan;nan
deberta-base;CLS+AVG+AVG-NS_LYR-9;CLS+AVG+AVG-NS;LYR-9;torch.Size([2304]);86,55;89,56;94,84;90,27;91,82;94,60;76,99;89,23;nan;nan;nan;nan;nan;nan
deberta-base;CLS+AVG+SUM-NS_LYR-9;CLS+AVG+SUM-NS;LYR-9;torch.Size([2304]);86,49;90,49;95,11;89,93;91,71;96,00;69,39;88,45;nan;nan;nan;nan;nan;nan
deberta-base;CLS+AVG+MAX-NS_LYR-9;CLS+AVG+MAX-NS;LYR-9;torch.Size([2304]);85,92;88,80;93,87;90,14;91,76;94,40;74,67;88,51;nan;nan;nan;nan;nan;nan
deberta-base;CLS+SUM+AVG-NS_LYR-9;CLS+SUM+AVG-NS;LYR-9;torch.Size([2304]);87,13;90,86;95,27;89,82;91,43;96,40;71,25;88,88;nan;nan;nan;nan;nan;nan
deberta-base;CLS+SUM+SUM-NS_LYR-9;CLS+SUM+SUM-NS;LYR-9;torch.Size([2304]);86,23;89,96;95,15;89,81;91,60;96,20;72,58;88,79;nan;nan;nan;nan;nan;nan
deberta-base;CLS+SUM+MAX-NS_LYR-9;CLS+SUM+MAX-NS;LYR-9;torch.Size([2304]);86,82;90,36;95,33;90,00;91,54;95,60;72,23;88,84;nan;nan;nan;nan;nan;nan
deberta-base;CLS+MAX+AVG-NS_LYR-9;CLS+MAX+AVG-NS;LYR-9;torch.Size([2304]);85,99;89,16;93,98;90,01;91,93;93,80;74,14;88,43;nan;nan;nan;nan;nan;nan
deberta-base;CLS+MAX+SUM-NS_LYR-9;CLS+MAX+SUM-NS;LYR-9;torch.Size([2304]);86,48;89,99;95,34;89,77;91,60;95,60;68,93;88,24;nan;nan;nan;nan;nan;nan
deberta-base;CLS+MAX+MAX-NS_LYR-9;CLS+MAX+MAX-NS;LYR-9;torch.Size([2304]);83,87;81,35;92,58;89,44;89,29;92,00;74,43;86,14;nan;nan;nan;nan;nan;nan
deberta-base;CLS+AVG+AVG-NS_LYR-10;CLS+AVG+AVG-NS;LYR-10;torch.Size([2304]);86,94;90,09;94,75;89,92;92,70;93,40;76,17;89,14;nan;nan;nan;nan;nan;nan
deberta-base;CLS+AVG+SUM-NS_LYR-10;CLS+AVG+SUM-NS;LYR-10;torch.Size([2304]);87,19;90,78;94,98;90,00;92,53;96,20;71,77;89,06;nan;nan;nan;nan;nan;nan
deberta-base;CLS+AVG+MAX-NS_LYR-10;CLS+AVG+MAX-NS;LYR-10;torch.Size([2304]);87,08;90,07;94,37;90,08;93,08;93,80;74,32;88,97;nan;nan;nan;nan;nan;nan
deberta-base;CLS+SUM+AVG-NS_LYR-10;CLS+SUM+AVG-NS;LYR-10;torch.Size([2304]);87,20;90,92;94,88;89,71;92,53;95,80;70,32;88,77;nan;nan;nan;nan;nan;nan
deberta-base;CLS+SUM+SUM-NS_LYR-10;CLS+SUM+SUM-NS;LYR-10;torch.Size([2304]);87,36;91,15;94,95;89,70;91,98;95,80;68,58;88,50;nan;nan;nan;nan;nan;nan
deberta-base;CLS+SUM+MAX-NS_LYR-10;CLS+SUM+MAX-NS;LYR-10;torch.Size([2304]);87,17;90,92;94,85;90,06;92,48;96,00;70,43;88,84;nan;nan;nan;nan;nan;nan
deberta-base;CLS+MAX+AVG-NS_LYR-10;CLS+MAX+AVG-NS;LYR-10;torch.Size([2304]);86,72;89,78;94,53;89,99;93,03;94,00;74,49;88,93;nan;nan;nan;nan;nan;nan
deberta-base;CLS+MAX+SUM-NS_LYR-10;CLS+MAX+SUM-NS;LYR-10;torch.Size([2304]);87,43;90,41;94,63;89,80;92,42;95,00;71,54;88,75;nan;nan;nan;nan;nan;nan
deberta-base;CLS+MAX+MAX-NS_LYR-10;CLS+MAX+MAX-NS;LYR-10;torch.Size([2304]);84,21;82,20;92,84;89,17;90,94;93,40;73,39;86,59;nan;nan;nan;nan;nan;nan
deberta-base;CLS+AVG+AVG-NS_LYR-11;CLS+AVG+AVG-NS;LYR-11;torch.Size([2304]);86,51;88,82;94,71;89,36;92,92;91,20;75,42;88,42;nan;nan;nan;nan;nan;nan
deberta-base;CLS+AVG+SUM-NS_LYR-11;CLS+AVG+SUM-NS;LYR-11;torch.Size([2304]);87,91;89,94;95,08;89,33;92,42;94,60;64,64;87,70;nan;nan;nan;nan;nan;nan
deberta-base;CLS+AVG+MAX-NS_LYR-11;CLS+AVG+MAX-NS;LYR-11;torch.Size([2304]);86,44;88,71;94,25;89,28;93,36;90,60;72,70;87,91;nan;nan;nan;nan;nan;nan
deberta-base;CLS+SUM+AVG-NS_LYR-11;CLS+SUM+AVG-NS;LYR-11;torch.Size([2304]);87,53;89,80;95,25;89,46;92,37;94,80;70,61;88,55;nan;nan;nan;nan;nan;nan
deberta-base;CLS+SUM+SUM-NS_LYR-11;CLS+SUM+SUM-NS;LYR-11;torch.Size([2304]);87,41;90,28;95,18;89,19;92,37;94,60;69,86;88,41;nan;nan;nan;nan;nan;nan
deberta-base;CLS+SUM+MAX-NS_LYR-11;CLS+SUM+MAX-NS;LYR-11;torch.Size([2304]);87,50;89,85;94,91;89,23;92,70;94,60;70,96;88,54;nan;nan;nan;nan;nan;nan
deberta-base;CLS+MAX+AVG-NS_LYR-11;CLS+MAX+AVG-NS;LYR-11;torch.Size([2304]);85,93;88,63;94,26;89,31;93,30;90,80;73,91;88,02;nan;nan;nan;nan;nan;nan
deberta-base;CLS+MAX+SUM-NS_LYR-11;CLS+MAX+SUM-NS;LYR-11;torch.Size([2304]);87,36;88,95;95,08;89,11;92,64;95,00;69,16;88,19;nan;nan;nan;nan;nan;nan
deberta-base;CLS+MAX+MAX-NS_LYR-11;CLS+MAX+MAX-NS;LYR-11;torch.Size([2304]);81,85;71,55;91,68;88,33;89,73;88,00;73,86;83,57;nan;nan;nan;nan;nan;nan
deberta-base;CLS+AVG+AVG-NS_LYR-12;CLS+AVG+AVG-NS;LYR-12;torch.Size([2304]);84,15;85,67;93,59;87,76;91,38;85,60;70,03;85,45;nan;nan;nan;nan;nan;nan
deberta-base;CLS+AVG+SUM-NS_LYR-12;CLS+AVG+SUM-NS;LYR-12;torch.Size([2304]);84,35;85,32;93,57;87,19;90,99;90,80;67,36;85,65;nan;nan;nan;nan;nan;nan
deberta-base;CLS+AVG+MAX-NS_LYR-12;CLS+AVG+MAX-NS;LYR-12;torch.Size([2304]);83,97;80,82;92,16;86,71;91,43;85,80;68,00;84,13;nan;nan;nan;nan;nan;nan
deberta-base;CLS+SUM+AVG-NS_LYR-12;CLS+SUM+AVG-NS;LYR-12;torch.Size([2304]);83,58;84,00;93,92;87,73;91,05;90,80;67,30;85,48;nan;nan;nan;nan;nan;nan
deberta-base;CLS+SUM+SUM-NS_LYR-12;CLS+SUM+SUM-NS;LYR-12;torch.Size([2304]);82,17;84,45;93,46;87,36;90,39;88,60;70,49;85,27;nan;nan;nan;nan;nan;nan
deberta-base;CLS+SUM+MAX-NS_LYR-12;CLS+SUM+MAX-NS;LYR-12;torch.Size([2304]);83,57;83,89;93,83;87,37;91,10;90,40;67,25;85,34;nan;nan;nan;nan;nan;nan
deberta-base;CLS+MAX+AVG-NS_LYR-12;CLS+MAX+AVG-NS;LYR-12;torch.Size([2304]);83,46;82,07;92,59;86,73;91,49;87,80;66,49;84,38;nan;nan;nan;nan;nan;nan
deberta-base;CLS+MAX+SUM-NS_LYR-12;CLS+MAX+SUM-NS;LYR-12;torch.Size([2304]);84,56;85,19;93,87;86,56;91,16;90,00;67,42;85,54;nan;nan;nan;nan;nan;nan
deberta-base;CLS+MAX+MAX-NS_LYR-12;CLS+MAX+MAX-NS;LYR-12;torch.Size([2304]);78,80;68,21;89,48;84,24;86,22;83,40;68,35;79,81;nan;nan;nan;nan;nan;nan
deberta-base;CLS+AVG+AVG-NS_SUML4L;CLS+AVG+AVG-NS;SUML4L;torch.Size([2304]);87,40;89,98;95,26;90,49;92,59;95,80;75,94;89,64;nan;nan;nan;nan;nan;nan
deberta-base;CLS+AVG+SUM-NS_SUML4L;CLS+AVG+SUM-NS;SUML4L;torch.Size([2304]);84,77;89,14;94,26;89,37;91,71;95,60;68,64;87,64;nan;nan;nan;nan;nan;nan
deberta-base;CLS+AVG+MAX-NS_SUML4L;CLS+AVG+MAX-NS;SUML4L;torch.Size([2304]);86,54;88,90;94,70;90,14;92,53;94,60;70,84;88,32;nan;nan;nan;nan;nan;nan
deberta-base;CLS+SUM+AVG-NS_SUML4L;CLS+SUM+AVG-NS;SUML4L;torch.Size([2304]);84,67;89,22;94,44;89,89;91,16;95,20;72,12;88,10;nan;nan;nan;nan;nan;nan
deberta-base;CLS+SUM+SUM-NS_SUML4L;CLS+SUM+SUM-NS;SUML4L;torch.Size([2304]);84,23;89,22;94,43;89,20;91,71;95,20;69,10;87,58;nan;nan;nan;nan;nan;nan
deberta-base;CLS+SUM+MAX-NS_SUML4L;CLS+SUM+MAX-NS;SUML4L;torch.Size([2304]);84,19;88,37;94,51;89,38;91,21;94,60;71,94;87,74;nan;nan;nan;nan;nan;nan
deberta-base;CLS+MAX+AVG-NS_SUML4L;CLS+MAX+AVG-NS;SUML4L;torch.Size([2304]);86,67;88,85;94,49;90,23;92,37;94,40;67,54;87,79;nan;nan;nan;nan;nan;nan
deberta-base;CLS+MAX+SUM-NS_SUML4L;CLS+MAX+SUM-NS;SUML4L;torch.Size([2304]);84,63;89,14;94,53;89,57;91,16;94,00;67,48;87,22;nan;nan;nan;nan;nan;nan
deberta-base;CLS+MAX+MAX-NS_SUML4L;CLS+MAX+MAX-NS;SUML4L;torch.Size([2304]);83,21;80,43;92,69;88,86;89,73;91,00;67,77;84,81;nan;nan;nan;nan;nan;nan
deberta-base;CLS+AVG+AVG-NS_AVGL4L;CLS+AVG+AVG-NS;AVGL4L;torch.Size([2304]);86,49;89,14;94,76;89,78;92,37;92,80;75,54;88,70;nan;nan;nan;nan;nan;nan
deberta-base;CLS+AVG+SUM-NS_AVGL4L;CLS+AVG+SUM-NS;AVGL4L;torch.Size([2304]);86,73;88,98;95,03;89,55;92,59;96,00;68,29;88,17;nan;nan;nan;nan;nan;nan
deberta-base;CLS+AVG+MAX-NS_AVGL4L;CLS+AVG+MAX-NS;AVGL4L;torch.Size([2304]);85,99;88,05;93,78;89,47;92,42;92,20;73,74;87,95;nan;nan;nan;nan;nan;nan
deberta-base;CLS+SUM+AVG-NS_AVGL4L;CLS+SUM+AVG-NS;AVGL4L;torch.Size([2304]);86,99;89,46;95,53;89,88;92,48;95,40;72,75;88,93;nan;nan;nan;nan;nan;nan
deberta-base;CLS+SUM+SUM-NS_AVGL4L;CLS+SUM+SUM-NS;AVGL4L;torch.Size([2304]);86,47;89,88;95,07;89,53;91,87;95,40;72,29;88,64;nan;nan;nan;nan;nan;nan
deberta-base;CLS+SUM+MAX-NS_AVGL4L;CLS+SUM+MAX-NS;AVGL4L;torch.Size([2304]);86,99;90,17;95,09;89,65;91,98;95,00;71,83;88,67;nan;nan;nan;nan;nan;nan
deberta-base;CLS+MAX+AVG-NS_AVGL4L;CLS+MAX+AVG-NS;AVGL4L;torch.Size([2304]);86,19;88,21;94,16;89,55;92,53;91,60;72,81;87,86;nan;nan;nan;nan;nan;nan
deberta-base;CLS+MAX+SUM-NS_AVGL4L;CLS+MAX+SUM-NS;AVGL4L;torch.Size([2304]);87,17;89,67;95,03;89,64;91,98;95,00;68,58;88,15;nan;nan;nan;nan;nan;nan
deberta-base;CLS+MAX+MAX-NS_AVGL4L;CLS+MAX+MAX-NS;AVGL4L;torch.Size([2304]);83,17;75,89;92,35;88,47;90,50;90,60;74,14;85,02;nan;nan;nan;nan;nan;nan
deberta-base;CLS+AVG+AVG-NS_SUMALL;CLS+AVG+AVG-NS;SUMALL;torch.Size([2304]);86,00;88,95;96,06;90,81;91,32;95,60;74,90;89,09;nan;nan;nan;nan;nan;nan
deberta-base;CLS+AVG+SUM-NS_SUMALL;CLS+AVG+SUM-NS;SUMALL;torch.Size([2304]);81,60;86,99;94,19;89,21;90,01;92,40;67,77;86,02;nan;nan;nan;nan;nan;nan
deberta-base;CLS+AVG+MAX-NS_SUMALL;CLS+AVG+MAX-NS;SUMALL;torch.Size([2304]);83,83;86,52;94,30;90,18;92,20;91,60;69,39;86,86;nan;nan;nan;nan;nan;nan
deberta-base;CLS+SUM+AVG-NS_SUMALL;CLS+SUM+AVG-NS;SUMALL;torch.Size([2304]);81,99;86,22;94,34;88,95;90,83;94,20;69,04;86,51;nan;nan;nan;nan;nan;nan
deberta-base;CLS+SUM+SUM-NS_SUMALL;CLS+SUM+SUM-NS;SUMALL;torch.Size([2304]);82,00;87,57;94,08;88,63;90,39;91,80;70,61;86,44;nan;nan;nan;nan;nan;nan
deberta-base;CLS+SUM+MAX-NS_SUMALL;CLS+SUM+MAX-NS;SUMALL;torch.Size([2304]);81,87;86,33;94,36;88,98;90,12;95,00;69,62;86,61;nan;nan;nan;nan;nan;nan
deberta-base;CLS+MAX+AVG-NS_SUMALL;CLS+MAX+AVG-NS;SUMALL;torch.Size([2304]);84,06;86,75;94,27;89,75;91,76;95,00;69,04;87,23;nan;nan;nan;nan;nan;nan
deberta-base;CLS+MAX+SUM-NS_SUMALL;CLS+MAX+SUM-NS;SUMALL;torch.Size([2304]);81,68;87,55;94,08;88,91;90,17;90,80;67,94;85,88;nan;nan;nan;nan;nan;nan
deberta-base;CLS+MAX+MAX-NS_SUMALL;CLS+MAX+MAX-NS;SUMALL;torch.Size([2304]);78,70;69,06;92,06;89,33;87,86;90,60;69,16;82,40;nan;nan;nan;nan;nan;nan
deberta-base;CLS+AVG+AVG-NS_AVGALL;CLS+AVG+AVG-NS;AVGALL;torch.Size([2304]);84,84;87,76;94,72;90,98;91,65;93,40;77,04;88,63;nan;nan;nan;nan;nan;nan
deberta-base;CLS+AVG+SUM-NS_AVGALL;CLS+AVG+SUM-NS;AVGALL;torch.Size([2304]);85,75;89,32;95,46;90,64;91,60;95,20;72,87;88,69;nan;nan;nan;nan;nan;nan
deberta-base;CLS+AVG+MAX-NS_AVGALL;CLS+AVG+MAX-NS;AVGALL;torch.Size([2304]);83,64;85,51;93,88;90,41;91,43;94,00;74,26;87,59;nan;nan;nan;nan;nan;nan
deberta-base;CLS+SUM+AVG-NS_AVGALL;CLS+SUM+AVG-NS;AVGALL;torch.Size([2304]);85,82;87,57;95,86;90,71;91,60;95,20;72,41;88,45;nan;nan;nan;nan;nan;nan
deberta-base;CLS+SUM+SUM-NS_AVGALL;CLS+SUM+SUM-NS;AVGALL;torch.Size([2304]);85,14;89,01;95,51;90,23;90,88;95,80;71,71;88,33;nan;nan;nan;nan;nan;nan
deberta-base;CLS+SUM+MAX-NS_AVGALL;CLS+SUM+MAX-NS;AVGALL;torch.Size([2304]);85,43;88,39;95,76;90,25;90,94;95,80;72,99;88,51;nan;nan;nan;nan;nan;nan
deberta-base;CLS+MAX+AVG-NS_AVGALL;CLS+MAX+AVG-NS;AVGALL;torch.Size([2304]);83,41;85,16;94,19;90,37;91,43;94,40;73,91;87,55;nan;nan;nan;nan;nan;nan
deberta-base;CLS+MAX+SUM-NS_AVGALL;CLS+MAX+SUM-NS;AVGALL;torch.Size([2304]);85,26;89,24;95,20;90,28;91,65;94,20;72,99;88,40;nan;nan;nan;nan;nan;nan
deberta-base;CLS+MAX+MAX-NS_AVGALL;CLS+MAX+MAX-NS;AVGALL;torch.Size([2304]);80,12;74,99;92,01;89,92;87,86;92,20;73,80;84,41;nan;nan;nan;nan;nan;nan
allmpnet;CLS_LYR-7;CLS;LYR-7;torch.Size([768]);81,54;86,12;92,29;68,75;87,26;18,80;68,46;71,89;nan;nan;nan;nan;nan;nan
allmpnet;AVG_LYR-7;AVG;LYR-7;torch.Size([768]);84,52;89,56;94,22;89,54;90,83;90,40;71,54;87,23;nan;nan;nan;nan;nan;nan
allmpnet;SUM_LYR-7;SUM;LYR-7;torch.Size([768]);85,17;90,78;95,43;89,36;90,23;94,40;69,10;87,78;nan;nan;nan;nan;nan;nan
allmpnet;MAX_LYR-7;MAX;LYR-7;torch.Size([768]);81,12;85,17;92,39;88,60;88,69;82,40;72,87;84,46;nan;nan;nan;nan;nan;nan
allmpnet;AVG-NS_LYR-7;AVG-NS;LYR-7;torch.Size([768]);83,67;89,75;94,05;90,04;91,16;90,80;71,71;87,31;nan;nan;nan;nan;nan;nan
allmpnet;SUM-NS_LYR-7;SUM-NS;LYR-7;torch.Size([768]);85,22;90,49;95,28;89,35;90,61;94,80;65,33;87,30;nan;nan;nan;nan;nan;nan
allmpnet;MAX-NS_LYR-7;MAX-NS;LYR-7;torch.Size([768]);80,77;84,79;92,64;88,63;88,91;82,40;72,64;84,40;nan;nan;nan;nan;nan;nan
allmpnet;CLS+AVG_LYR-7;CLS+AVG;LYR-7;torch.Size([1536]);85,23;89,48;95,09;89,01;91,54;91,60;73,91;87,98;nan;nan;nan;nan;nan;nan
allmpnet;CLS+SUM_LYR-7;CLS+SUM;LYR-7;torch.Size([1536]);86,02;90,78;95,77;90,25;90,55;94,20;70,84;88,34;nan;nan;nan;nan;nan;nan
allmpnet;CLS+MAX_LYR-7;CLS+MAX;LYR-7;torch.Size([1536]);83,41;88,77;94,75;88,70;90,66;84,60;72,87;86,25;nan;nan;nan;nan;nan;nan
allmpnet;CLS+AVG-NS_LYR-7;CLS+AVG-NS;LYR-7;torch.Size([1536]);85,30;89,72;95,19;89,36;91,65;92,00;73,80;88,15;nan;nan;nan;nan;nan;nan
allmpnet;CLS+SUM-NS_LYR-7;CLS+SUM-NS;LYR-7;torch.Size([1536]);86,31;91,02;95,56;90,14;90,55;94,20;70,20;88,28;nan;nan;nan;nan;nan;nan
allmpnet;CLS+MAX-NS_LYR-7;CLS+MAX-NS;LYR-7;torch.Size([1536]);83,29;89,25;94,65;88,64;91,32;84,60;72,58;86,33;nan;nan;nan;nan;nan;nan
allmpnet;CLS+AVG+AVG-NS_LYR-7;CLS+AVG+AVG-NS;LYR-7;torch.Size([2304]);85,97;90,76;95,34;89,98;91,27;93,60;74,96;88,84;nan;nan;nan;nan;nan;nan
allmpnet;CLS+AVG+SUM-NS_LYR-7;CLS+AVG+SUM-NS;LYR-7;torch.Size([2304]);86,10;91,74;95,36;90,28;90,06;94,60;67,59;87,96;nan;nan;nan;nan;nan;nan
allmpnet;CLS+AVG+MAX-NS_LYR-7;CLS+AVG+MAX-NS;LYR-7;torch.Size([2304]);85,44;90,83;95,05;89,99;91,98;93,00;73,39;88,53;nan;nan;nan;nan;nan;nan
allmpnet;CLS+SUM+AVG-NS_LYR-7;CLS+SUM+AVG-NS;LYR-7;torch.Size([2304]);86,36;90,52;95,50;89,91;90,61;94,60;70,20;88,24;nan;nan;nan;nan;nan;nan
allmpnet;CLS+SUM+SUM-NS_LYR-7;CLS+SUM+SUM-NS;LYR-7;torch.Size([2304]);85,64;90,36;95,47;90,01;90,39;94,80;68,46;87,88;nan;nan;nan;nan;nan;nan
allmpnet;CLS+SUM+MAX-NS_LYR-7;CLS+SUM+MAX-NS;LYR-7;torch.Size([2304]);85,74;91,18;94,91;90,09;90,94;94,80;67,07;87,82;nan;nan;nan;nan;nan;nan
allmpnet;CLS+MAX+AVG-NS_LYR-7;CLS+MAX+AVG-NS;LYR-7;torch.Size([2304]);85,58;90,60;95,33;90,06;91,49;92,40;73,04;88,36;nan;nan;nan;nan;nan;nan
allmpnet;CLS+MAX+SUM-NS_LYR-7;CLS+MAX+SUM-NS;LYR-7;torch.Size([2304]);86,03;91,26;95,38;90,04;90,94;95,20;68,00;88,12;nan;nan;nan;nan;nan;nan
allmpnet;CLS+MAX+MAX-NS_LYR-7;CLS+MAX+MAX-NS;LYR-7;torch.Size([2304]);83,82;89,56;94,26;89,03;91,49;90,40;72,12;87,24;nan;nan;nan;nan;nan;nan
allmpnet;CLS_LYR-8;CLS;LYR-8;torch.Size([768]);81,86;84,61;91,28;68,77;87,86;44,20;66,72;75,04;nan;nan;nan;nan;nan;nan
allmpnet;AVG_LYR-8;AVG;LYR-8;torch.Size([768]);85,90;89,48;94,15;89,19;90,61;91,60;70,67;87,37;nan;nan;nan;nan;nan;nan
allmpnet;SUM_LYR-8;SUM;LYR-8;torch.Size([768]);85,24;90,99;95,09;89,60;90,77;94,60;70,32;88,09;nan;nan;nan;nan;nan;nan
allmpnet;MAX_LYR-8;MAX;LYR-8;torch.Size([768]);83,13;87,42;92,78;88,33;89,29;85,00;72,64;85,51;nan;nan;nan;nan;nan;nan
allmpnet;AVG-NS_LYR-8;AVG-NS;LYR-8;torch.Size([768]);85,99;89,19;94,33;89,52;90,88;92,20;70,96;87,58;nan;nan;nan;nan;nan;nan
allmpnet;SUM-NS_LYR-8;SUM-NS;LYR-8;torch.Size([768]);85,43;90,65;95,09;89,71;90,50;94,60;69,97;87,99;nan;nan;nan;nan;nan;nan
allmpnet;MAX-NS_LYR-8;MAX-NS;LYR-8;torch.Size([768]);83,54;87,36;92,55;88,30;89,35;84,80;72,70;85,51;nan;nan;nan;nan;nan;nan
allmpnet;CLS+AVG_LYR-8;CLS+AVG;LYR-8;torch.Size([1536]);85,96;89,27;95,02;88,98;91,82;92,40;70,61;87,72;nan;nan;nan;nan;nan;nan
allmpnet;CLS+SUM_LYR-8;CLS+SUM;LYR-8;torch.Size([1536]);85,72;90,76;95,13;89,89;90,61;93,20;70,09;87,91;nan;nan;nan;nan;nan;nan
allmpnet;CLS+MAX_LYR-8;CLS+MAX;LYR-8;torch.Size([1536]);84,70;88,37;94,57;88,55;90,66;84,00;71,30;86,02;nan;nan;nan;nan;nan;nan
allmpnet;CLS+AVG-NS_LYR-8;CLS+AVG-NS;LYR-8;torch.Size([1536]);86,20;89,96;95,04;89,50;91,87;90,60;70,43;87,66;nan;nan;nan;nan;nan;nan
allmpnet;CLS+SUM-NS_LYR-8;CLS+SUM-NS;LYR-8;torch.Size([1536]);85,82;90,30;94,99;90,00;91,10;93,20;70,32;87,96;nan;nan;nan;nan;nan;nan
allmpnet;CLS+MAX-NS_LYR-8;CLS+MAX-NS;LYR-8;torch.Size([1536]);84,64;88,05;94,51;88,55;90,61;84,00;73,16;86,22;nan;nan;nan;nan;nan;nan
allmpnet;CLS+AVG+AVG-NS_LYR-8;CLS+AVG+AVG-NS;LYR-8;torch.Size([2304]);86,09;90,78;95,40;90,13;91,93;94,80;73,74;88,98;nan;nan;nan;nan;nan;nan
allmpnet;CLS+AVG+SUM-NS_LYR-8;CLS+AVG+SUM-NS;LYR-8;torch.Size([2304]);85,94;90,25;95,53;89,93;90,99;95,00;70,14;88,25;nan;nan;nan;nan;nan;nan
allmpnet;CLS+AVG+MAX-NS_LYR-8;CLS+AVG+MAX-NS;LYR-8;torch.Size([2304]);85,33;90,15;95,07;89,90;91,27;92,60;72,64;88,14;nan;nan;nan;nan;nan;nan
allmpnet;CLS+SUM+AVG-NS_LYR-8;CLS+SUM+AVG-NS;LYR-8;torch.Size([2304]);86,09;90,73;95,53;89,76;91,27;94,20;68,64;88,03;nan;nan;nan;nan;nan;nan
allmpnet;CLS+SUM+SUM-NS_LYR-8;CLS+SUM+SUM-NS;LYR-8;torch.Size([2304]);85,45;91,36;95,09;90,18;90,99;95,80;69,68;88,36;nan;nan;nan;nan;nan;nan
allmpnet;CLS+SUM+MAX-NS_LYR-8;CLS+SUM+MAX-NS;LYR-8;torch.Size([2304]);86,13;90,91;95,44;90,06;91,05;95,80;68,52;88,27;nan;nan;nan;nan;nan;nan
allmpnet;CLS+MAX+AVG-NS_LYR-8;CLS+MAX+AVG-NS;LYR-8;torch.Size([2304]);86,21;90,28;95,04;89,88;92,09;92,00;73,45;88,42;nan;nan;nan;nan;nan;nan
allmpnet;CLS+MAX+SUM-NS_LYR-8;CLS+MAX+SUM-NS;LYR-8;torch.Size([2304]);86,10;90,84;95,24;90,07;91,05;95,40;70,26;88,42;nan;nan;nan;nan;nan;nan
allmpnet;CLS+MAX+MAX-NS_LYR-8;CLS+MAX+MAX-NS;LYR-8;torch.Size([2304]);84,65;88,11;94,12;88,81;90,83;89,60;71,59;86,82;nan;nan;nan;nan;nan;nan
allmpnet;CLS_LYR-9;CLS;LYR-9;torch.Size([768]);76,01;63,76;84,02;68,77;82,70;38,00;66,49;68,54;nan;nan;nan;nan;nan;nan
allmpnet;AVG_LYR-9;AVG;LYR-9;torch.Size([768]);85,28;87,26;94,09;89,10;91,05;94,80;71,01;87,51;nan;nan;nan;nan;nan;nan
allmpnet;SUM_LYR-9;SUM;LYR-9;torch.Size([768]);85,30;90,51;94,78;89,39;90,28;95,20;69,10;87,79;nan;nan;nan;nan;nan;nan
allmpnet;MAX_LYR-9;MAX;LYR-9;torch.Size([768]);83,09;83,58;92,45;88,44;90,23;84,60;72,70;85,01;nan;nan;nan;nan;nan;nan
allmpnet;AVG-NS_LYR-9;AVG-NS;LYR-9;torch.Size([768]);85,20;87,18;94,04;89,41;90,99;95,00;70,67;87,50;nan;nan;nan;nan;nan;nan
allmpnet;SUM-NS_LYR-9;SUM-NS;LYR-9;torch.Size([768]);85,31;90,38;94,95;89,63;90,12;95,40;67,59;87,63;nan;nan;nan;nan;nan;nan
allmpnet;MAX-NS_LYR-9;MAX-NS;LYR-9;torch.Size([768]);83,08;83,60;92,41;88,40;90,17;84,60;72,70;84,99;nan;nan;nan;nan;nan;nan
allmpnet;CLS+AVG_LYR-9;CLS+AVG;LYR-9;torch.Size([1536]);85,21;87,82;94,17;89,18;90,88;93,20;70,96;87,35;nan;nan;nan;nan;nan;nan
allmpnet;CLS+SUM_LYR-9;CLS+SUM;LYR-9;torch.Size([1536]);85,65;90,33;95,18;89,65;90,88;96,20;69,33;88,17;nan;nan;nan;nan;nan;nan
allmpnet;CLS+MAX_LYR-9;CLS+MAX;LYR-9;torch.Size([1536]);83,66;85,09;92,77;88,41;90,23;89,40;71,88;85,92;nan;nan;nan;nan;nan;nan
allmpnet;CLS+AVG-NS_LYR-9;CLS+AVG-NS;LYR-9;torch.Size([1536]);85,22;88,08;94,09;89,57;91,05;93,00;71,30;87,47;nan;nan;nan;nan;nan;nan
allmpnet;CLS+SUM-NS_LYR-9;CLS+SUM-NS;LYR-9;torch.Size([1536]);85,49;90,14;95,05;89,57;91,10;96,40;68,75;88,07;nan;nan;nan;nan;nan;nan
allmpnet;CLS+MAX-NS_LYR-9;CLS+MAX-NS;LYR-9;torch.Size([1536]);83,69;84,16;92,76;88,68;90,23;89,40;71,88;85,83;nan;nan;nan;nan;nan;nan
allmpnet;CLS+AVG+AVG-NS_LYR-9;CLS+AVG+AVG-NS;LYR-9;torch.Size([2304]);85,80;88,58;94,85;89,83;91,05;94,80;73,91;88,40;nan;nan;nan;nan;nan;nan
allmpnet;CLS+AVG+SUM-NS_LYR-9;CLS+AVG+SUM-NS;LYR-9;torch.Size([2304]);85,94;90,46;95,46;89,80;90,88;94,60;69,51;88,09;nan;nan;nan;nan;nan;nan
allmpnet;CLS+AVG+MAX-NS_LYR-9;CLS+AVG+MAX-NS;LYR-9;torch.Size([2304]);85,23;88,56;94,34;89,39;92,20;95,60;72,75;88,30;nan;nan;nan;nan;nan;nan
allmpnet;CLS+SUM+AVG-NS_LYR-9;CLS+SUM+AVG-NS;LYR-9;torch.Size([2304]);85,84;89,11;95,58;89,65;91,27;96,00;68,64;88,01;nan;nan;nan;nan;nan;nan
allmpnet;CLS+SUM+SUM-NS_LYR-9;CLS+SUM+SUM-NS;LYR-9;torch.Size([2304]);85,46;89,57;95,30;89,58;90,72;95,80;68,81;87,89;nan;nan;nan;nan;nan;nan
allmpnet;CLS+SUM+MAX-NS_LYR-9;CLS+SUM+MAX-NS;LYR-9;torch.Size([2304]);85,64;89,25;95,28;89,97;90,72;96,20;69,91;88,14;nan;nan;nan;nan;nan;nan
allmpnet;CLS+MAX+AVG-NS_LYR-9;CLS+MAX+AVG-NS;LYR-9;torch.Size([2304]);85,53;88,77;94,28;89,60;92,09;94,40;73,39;88,29;nan;nan;nan;nan;nan;nan
allmpnet;CLS+MAX+SUM-NS_LYR-9;CLS+MAX+SUM-NS;LYR-9;torch.Size([2304]);85,81;89,72;95,60;89,85;90,77;95,40;69,22;88,05;nan;nan;nan;nan;nan;nan
allmpnet;CLS+MAX+MAX-NS_LYR-9;CLS+MAX+MAX-NS;LYR-9;torch.Size([2304]);82,99;86,01;92,83;88,82;90,33;93,60;72,17;86,68;nan;nan;nan;nan;nan;nan
allmpnet;CLS_LYR-10;CLS;LYR-10;torch.Size([768]);62,80;63,76;76,50;68,77;58,54;18,40;66,49;59,32;nan;nan;nan;nan;nan;nan
allmpnet;AVG_LYR-10;AVG;LYR-10;torch.Size([768]);85,35;85,59;93,78;89,06;90,01;94,80;74,09;87,53;nan;nan;nan;nan;nan;nan
allmpnet;SUM_LYR-10;SUM;LYR-10;torch.Size([768]);85,03;89,99;94,65;89,55;90,17;96,00;70,61;88,00;nan;nan;nan;nan;nan;nan
allmpnet;MAX_LYR-10;MAX;LYR-10;torch.Size([768]);84,28;84,03;92,73;88,44;90,01;87,20;73,33;85,72;nan;nan;nan;nan;nan;nan
allmpnet;AVG-NS_LYR-10;AVG-NS;LYR-10;torch.Size([768]);85,28;85,99;93,77;89,08;90,17;94,00;74,32;87,52;nan;nan;nan;nan;nan;nan
allmpnet;SUM-NS_LYR-10;SUM-NS;LYR-10;torch.Size([768]);84,27;89,11;94,65;89,38;90,06;95,80;70,96;87,75;nan;nan;nan;nan;nan;nan
allmpnet;MAX-NS_LYR-10;MAX-NS;LYR-10;torch.Size([768]);84,28;84,00;92,77;88,33;89,95;89,00;73,33;85,95;nan;nan;nan;nan;nan;nan
allmpnet;CLS+AVG_LYR-10;CLS+AVG;LYR-10;torch.Size([1536]);84,76;84,18;93,85;88,94;90,28;93,40;73,86;87,04;nan;nan;nan;nan;nan;nan
allmpnet;CLS+SUM_LYR-10;CLS+SUM;LYR-10;torch.Size([1536]);85,53;89,22;94,85;89,47;90,28;95,80;68,52;87,67;nan;nan;nan;nan;nan;nan
allmpnet;CLS+MAX_LYR-10;CLS+MAX;LYR-10;torch.Size([1536]);83,98;84,16;92,53;88,04;90,28;88,00;71,36;85,48;nan;nan;nan;nan;nan;nan
allmpnet;CLS+AVG-NS_LYR-10;CLS+AVG-NS;LYR-10;torch.Size([1536]);84,70;85,38;93,93;89,23;90,44;93,80;74,96;87,49;nan;nan;nan;nan;nan;nan
allmpnet;CLS+SUM-NS_LYR-10;CLS+SUM-NS;LYR-10;torch.Size([1536]);85,45;89,67;94,89;89,38;90,50;95,80;70,03;87,96;nan;nan;nan;nan;nan;nan
allmpnet;CLS+MAX-NS_LYR-10;CLS+MAX-NS;LYR-10;torch.Size([1536]);83,98;84,16;92,49;88,00;90,06;88,00;71,36;85,44;nan;nan;nan;nan;nan;nan
allmpnet;CLS+AVG+AVG-NS_LYR-10;CLS+AVG+AVG-NS;LYR-10;torch.Size([2304]);85,10;87,04;94,31;89,79;90,23;95,40;75,71;88,23;nan;nan;nan;nan;nan;nan
allmpnet;CLS+AVG+SUM-NS_LYR-10;CLS+AVG+SUM-NS;LYR-10;torch.Size([2304]);85,16;88,85;95,17;89,78;90,39;95,80;67,71;87,55;nan;nan;nan;nan;nan;nan
allmpnet;CLS+AVG+MAX-NS_LYR-10;CLS+AVG+MAX-NS;LYR-10;torch.Size([2304]);85,35;84,50;93,53;89,20;90,55;94,20;75,77;87,59;nan;nan;nan;nan;nan;nan
allmpnet;CLS+SUM+AVG-NS_LYR-10;CLS+SUM+AVG-NS;LYR-10;torch.Size([2304]);85,85;89,40;95,16;89,81;90,33;95,40;68,17;87,73;nan;nan;nan;nan;nan;nan
allmpnet;CLS+SUM+SUM-NS_LYR-10;CLS+SUM+SUM-NS;LYR-10;torch.Size([2304]);85,31;89,75;95,03;89,60;90,44;95,60;69,04;87,82;nan;nan;nan;nan;nan;nan
allmpnet;CLS+SUM+MAX-NS_LYR-10;CLS+SUM+MAX-NS;LYR-10;torch.Size([2304]);85,75;88,98;95,13;89,82;90,66;96,00;68,70;87,86;nan;nan;nan;nan;nan;nan
allmpnet;CLS+MAX+AVG-NS_LYR-10;CLS+MAX+AVG-NS;LYR-10;torch.Size([2304]);84,89;85,54;93,52;89,52;90,23;94,60;74,43;87,53;nan;nan;nan;nan;nan;nan
allmpnet;CLS+MAX+SUM-NS_LYR-10;CLS+MAX+SUM-NS;LYR-10;torch.Size([2304]);85,49;89,16;95,01;90,01;90,55;96,00;67,94;87,74;nan;nan;nan;nan;nan;nan
allmpnet;CLS+MAX+MAX-NS_LYR-10;CLS+MAX+MAX-NS;LYR-10;torch.Size([2304]);84,50;84,11;92,77;88,99;90,39;92,80;70,96;86,36;nan;nan;nan;nan;nan;nan
allmpnet;CLS_LYR-11;CLS;LYR-11;torch.Size([768]);76,29;63,76;83,45;68,77;80,51;77,40;66,49;73,81;nan;nan;nan;nan;nan;nan
allmpnet;AVG_LYR-11;AVG;LYR-11;torch.Size([768]);84,49;84,45;93,43;88,39;89,57;93,80;75,42;87,08;nan;nan;nan;nan;nan;nan
allmpnet;SUM_LYR-11;SUM;LYR-11;torch.Size([768]);84,35;87,68;94,54;88,95;89,24;95,00;67,36;86,73;nan;nan;nan;nan;nan;nan
allmpnet;MAX_LYR-11;MAX;LYR-11;torch.Size([768]);82,92;82,22;91,99;87,90;88,91;85,20;73,16;84,61;nan;nan;nan;nan;nan;nan
allmpnet;AVG-NS_LYR-11;AVG-NS;LYR-11;torch.Size([768]);84,58;84,37;93,33;88,57;89,68;94,20;75,83;87,22;nan;nan;nan;nan;nan;nan
allmpnet;SUM-NS_LYR-11;SUM-NS;LYR-11;torch.Size([768]);84,67;87,73;94,51;88,90;89,29;95,00;67,48;86,80;nan;nan;nan;nan;nan;nan
allmpnet;MAX-NS_LYR-11;MAX-NS;LYR-11;torch.Size([768]);83,00;82,25;92,00;87,78;89,02;86,60;73,10;84,82;nan;nan;nan;nan;nan;nan
allmpnet;CLS+AVG_LYR-11;CLS+AVG;LYR-11;torch.Size([1536]);84,81;84,24;93,54;88,29;89,73;94,00;75,42;87,15;nan;nan;nan;nan;nan;nan
allmpnet;CLS+SUM_LYR-11;CLS+SUM;LYR-11;torch.Size([1536]);84,94;87,31;94,19;89,40;90,44;96,00;71,07;87,62;nan;nan;nan;nan;nan;nan
allmpnet;CLS+MAX_LYR-11;CLS+MAX;LYR-11;torch.Size([1536]);83,23;82,67;92,03;88,06;89,24;90,80;73,57;85,66;nan;nan;nan;nan;nan;nan
allmpnet;CLS+AVG-NS_LYR-11;CLS+AVG-NS;LYR-11;torch.Size([1536]);84,61;85,04;93,68;89,05;89,73;94,80;75,07;87,43;nan;nan;nan;nan;nan;nan
allmpnet;CLS+SUM-NS_LYR-11;CLS+SUM-NS;LYR-11;torch.Size([1536]);84,92;87,31;94,27;89,15;90,44;96,00;71,36;87,64;nan;nan;nan;nan;nan;nan
allmpnet;CLS+MAX-NS_LYR-11;CLS+MAX-NS;LYR-11;torch.Size([1536]);83,24;82,83;92,19;87,98;89,24;90,60;73,62;85,67;nan;nan;nan;nan;nan;nan
allmpnet;CLS+AVG+AVG-NS_LYR-11;CLS+AVG+AVG-NS;LYR-11;torch.Size([2304]);85,25;85,75;94,03;89,30;89,68;94,60;74,96;87,65;nan;nan;nan;nan;nan;nan
allmpnet;CLS+AVG+SUM-NS_LYR-11;CLS+AVG+SUM-NS;LYR-11;torch.Size([2304]);85,31;87,79;94,86;89,46;90,23;96,00;72,17;87,97;nan;nan;nan;nan;nan;nan
allmpnet;CLS+AVG+MAX-NS_LYR-11;CLS+AVG+MAX-NS;LYR-11;torch.Size([2304]);84,80;85,22;93,94;88,89;90,23;95,80;75,36;87,75;nan;nan;nan;nan;nan;nan
allmpnet;CLS+SUM+AVG-NS_LYR-11;CLS+SUM+AVG-NS;LYR-11;torch.Size([2304]);85,10;88,40;94,99;89,58;90,12;96,00;71,13;87,90;nan;nan;nan;nan;nan;nan
allmpnet;CLS+SUM+SUM-NS_LYR-11;CLS+SUM+SUM-NS;LYR-11;torch.Size([2304]);84,19;87,81;94,73;89,61;90,06;96,20;71,01;87,66;nan;nan;nan;nan;nan;nan
allmpnet;CLS+SUM+MAX-NS_LYR-11;CLS+SUM+MAX-NS;LYR-11;torch.Size([2304]);84,99;88,40;94,99;89,36;90,61;96,60;72,06;88,14;nan;nan;nan;nan;nan;nan
allmpnet;CLS+MAX+AVG-NS_LYR-11;CLS+MAX+AVG-NS;LYR-11;torch.Size([2304]);85,19;85,67;93,96;89,25;90,17;95,40;75,36;87,86;nan;nan;nan;nan;nan;nan
allmpnet;CLS+MAX+SUM-NS_LYR-11;CLS+MAX+SUM-NS;LYR-11;torch.Size([2304]);84,96;88,11;94,78;89,22;90,33;96,20;72,41;88,00;nan;nan;nan;nan;nan;nan
allmpnet;CLS+MAX+MAX-NS_LYR-11;CLS+MAX+MAX-NS;LYR-11;torch.Size([2304]);83,74;83,71;92,17;88,04;89,07;93,40;70,96;85,87;nan;nan;nan;nan;nan;nan
allmpnet;CLS_LYR-12;CLS;LYR-12;torch.Size([768]);83,05;82,60;91,24;87,42;87,26;84,00;72,58;84,02;nan;nan;nan;nan;nan;nan
allmpnet;AVG_LYR-12;AVG;LYR-12;torch.Size([768]);84,34;82,15;92,49;88,08;88,63;90,00;72,93;85,52;nan;nan;nan;nan;nan;nan
allmpnet;SUM_LYR-12;SUM;LYR-12;torch.Size([768]);84,06;86,36;93,70;88,41;88,36;94,40;70,20;86,50;nan;nan;nan;nan;nan;nan
allmpnet;MAX_LYR-12;MAX;LYR-12;torch.Size([768]);83,79;80,10;91,39;87,64;89,24;84,60;74,14;84,41;nan;nan;nan;nan;nan;nan
allmpnet;AVG-NS_LYR-12;AVG-NS;LYR-12;torch.Size([768]);84,14;81,99;92,58;87,80;89,02;90,20;72,87;85,51;nan;nan;nan;nan;nan;nan
allmpnet;SUM-NS_LYR-12;SUM-NS;LYR-12;torch.Size([768]);84,06;85,59;93,94;88,30;88,36;94,60;70,14;86,43;nan;nan;nan;nan;nan;nan
allmpnet;MAX-NS_LYR-12;MAX-NS;LYR-12;torch.Size([768]);83,83;80,16;91,42;87,87;89,07;85,80;74,09;84,61;nan;nan;nan;nan;nan;nan
allmpnet;CLS+AVG_LYR-12;CLS+AVG;LYR-12;torch.Size([1536]);84,20;84,69;93,02;88,57;88,47;89,20;75,42;86,22;nan;nan;nan;nan;nan;nan
allmpnet;CLS+SUM_LYR-12;CLS+SUM;LYR-12;torch.Size([1536]);84,48;87,10;93,85;88,83;89,29;94,40;71,07;87,00;nan;nan;nan;nan;nan;nan
allmpnet;CLS+MAX_LYR-12;CLS+MAX;LYR-12;torch.Size([1536]);83,63;83,63;92,79;88,70;87,97;90,20;74,14;85,87;nan;nan;nan;nan;nan;nan
allmpnet;CLS+AVG-NS_LYR-12;CLS+AVG-NS;LYR-12;torch.Size([1536]);84,23;84,72;92,94;88,61;88,52;91,60;75,25;86,55;nan;nan;nan;nan;nan;nan
allmpnet;CLS+SUM-NS_LYR-12;CLS+SUM-NS;LYR-12;torch.Size([1536]);84,50;86,89;93,81;88,45;88,30;94,80;71,25;86,86;nan;nan;nan;nan;nan;nan
allmpnet;CLS+MAX-NS_LYR-12;CLS+MAX-NS;LYR-12;torch.Size([1536]);83,63;83,68;92,86;88,65;87,97;89,00;74,03;85,69;nan;nan;nan;nan;nan;nan
allmpnet;CLS+AVG+AVG-NS_LYR-12;CLS+AVG+AVG-NS;LYR-12;torch.Size([2304]);84,85;85,72;93,41;88,61;88,52;92,40;75,30;86,97;nan;nan;nan;nan;nan;nan
allmpnet;CLS+AVG+SUM-NS_LYR-12;CLS+AVG+SUM-NS;LYR-12;torch.Size([2304]);84,35;86,65;93,96;88,71;88,41;94,40;71,07;86,79;nan;nan;nan;nan;nan;nan
allmpnet;CLS+AVG+MAX-NS_LYR-12;CLS+AVG+MAX-NS;LYR-12;torch.Size([2304]);84,23;84,74;93,28;88,97;89,40;92,40;74,49;86,79;nan;nan;nan;nan;nan;nan
allmpnet;CLS+SUM+AVG-NS_LYR-12;CLS+SUM+AVG-NS;LYR-12;torch.Size([2304]);84,64;86,97;93,85;88,81;88,52;94,20;69,62;86,66;nan;nan;nan;nan;nan;nan
allmpnet;CLS+SUM+SUM-NS_LYR-12;CLS+SUM+SUM-NS;LYR-12;torch.Size([2304]);84,26;87,10;94,05;89,02;89,13;94,40;70,20;86,88;nan;nan;nan;nan;nan;nan
allmpnet;CLS+SUM+MAX-NS_LYR-12;CLS+SUM+MAX-NS;LYR-12;torch.Size([2304]);84,45;87,21;93,99;88,74;89,79;93,80;69,28;86,75;nan;nan;nan;nan;nan;nan
allmpnet;CLS+MAX+AVG-NS_LYR-12;CLS+MAX+AVG-NS;LYR-12;torch.Size([2304]);84,66;85,09;93,38;88,98;88,91;91,60;74,20;86,69;nan;nan;nan;nan;nan;nan
allmpnet;CLS+MAX+SUM-NS_LYR-12;CLS+MAX+SUM-NS;LYR-12;torch.Size([2304]);84,32;86,12;94,02;89,06;88,08;94,80;71,30;86,81;nan;nan;nan;nan;nan;nan
allmpnet;CLS+MAX+MAX-NS_LYR-12;CLS+MAX+MAX-NS;LYR-12;torch.Size([2304]);84,37;85,14;93,06;88,83;88,80;92,00;73,74;86,56;nan;nan;nan;nan;nan;nan
allmpnet;CLS_SUML4L;CLS;SUML4L;torch.Size([768]);82,88;82,75;90,70;87,70;87,64;84,60;73,45;84,25;nan;nan;nan;nan;nan;nan
allmpnet;AVG_SUML4L;AVG;SUML4L;torch.Size([768]);86,02;89,06;94,63;89,89;91,21;95,40;76,29;88,93;nan;nan;nan;nan;nan;nan
allmpnet;SUM_SUML4L;SUM;SUML4L;torch.Size([768]);82,85;88,56;93,83;89,33;89,62;95,00;69,04;86,89;nan;nan;nan;nan;nan;nan
allmpnet;MAX_SUML4L;MAX;SUML4L;torch.Size([768]);83,71;85,51;92,55;88,47;90,06;93,20;71,25;86,39;nan;nan;nan;nan;nan;nan
allmpnet;AVG-NS_SUML4L;AVG-NS;SUML4L;torch.Size([768]);86,05;89,19;94,41;90,06;90,94;95,80;76,70;89,02;nan;nan;nan;nan;nan;nan
allmpnet;SUM-NS_SUML4L;SUM-NS;SUML4L;torch.Size([768]);82,39;88,42;93,83;89,17;89,51;95,20;70,03;86,94;nan;nan;nan;nan;nan;nan
allmpnet;MAX-NS_SUML4L;MAX-NS;SUML4L;torch.Size([768]);83,68;85,48;92,46;88,70;90,12;93,60;71,30;86,48;nan;nan;nan;nan;nan;nan
allmpnet;CLS+AVG_SUML4L;CLS+AVG;SUML4L;torch.Size([1536]);85,94;88,58;94,71;90,00;91,10;96,40;76,35;89,01;nan;nan;nan;nan;nan;nan
allmpnet;CLS+SUM_SUML4L;CLS+SUM;SUML4L;torch.Size([1536]);83,98;88,42;94,29;89,92;89,95;95,00;69,86;87,35;nan;nan;nan;nan;nan;nan
allmpnet;CLS+MAX_SUML4L;CLS+MAX;SUML4L;torch.Size([1536]);84,66;85,96;93,64;89,77;90,83;95,60;74,26;87,82;nan;nan;nan;nan;nan;nan
allmpnet;CLS+AVG-NS_SUML4L;CLS+AVG-NS;SUML4L;torch.Size([1536]);85,79;88,63;94,61;90,13;90,61;96,20;76,23;88,89;nan;nan;nan;nan;nan;nan
allmpnet;CLS+SUM-NS_SUML4L;CLS+SUM-NS;SUML4L;torch.Size([1536]);84,20;88,79;94,32;89,81;90,06;95,00;69,45;87,38;nan;nan;nan;nan;nan;nan
allmpnet;CLS+MAX-NS_SUML4L;CLS+MAX-NS;SUML4L;torch.Size([1536]);84,73;86,52;93,64;89,58;90,83;95,60;74,26;87,88;nan;nan;nan;nan;nan;nan
allmpnet;CLS+AVG+AVG-NS_SUML4L;CLS+AVG+AVG-NS;SUML4L;torch.Size([2304]);86,26;89,14;95,10;90,44;90,77;95,80;76,23;89,11;nan;nan;nan;nan;nan;nan
allmpnet;CLS+AVG+SUM-NS_SUML4L;CLS+AVG+SUM-NS;SUML4L;torch.Size([2304]);84,49;88,71;94,71;90,00;90,23;95,00;71,77;87,84;nan;nan;nan;nan;nan;nan
allmpnet;CLS+AVG+MAX-NS_SUML4L;CLS+AVG+MAX-NS;SUML4L;torch.Size([2304]);85,22;88,34;94,83;89,77;90,94;95,60;73,28;88,28;nan;nan;nan;nan;nan;nan
allmpnet;CLS+SUM+AVG-NS_SUML4L;CLS+SUM+AVG-NS;SUML4L;torch.Size([2304]);84,16;88,93;94,67;90,18;90,39;93,40;70,78;87,50;nan;nan;nan;nan;nan;nan
allmpnet;CLS+SUM+SUM-NS_SUML4L;CLS+SUM+SUM-NS;SUML4L;torch.Size([2304]);83,27;86,91;94,45;89,96;90,23;94,40;68,64;86,84;nan;nan;nan;nan;nan;nan
allmpnet;CLS+SUM+MAX-NS_SUML4L;CLS+SUM+MAX-NS;SUML4L;torch.Size([2304]);83,75;89,35;94,77;89,96;90,33;95,20;69,68;87,58;nan;nan;nan;nan;nan;nan
allmpnet;CLS+MAX+AVG-NS_SUML4L;CLS+MAX+AVG-NS;SUML4L;torch.Size([2304]);85,86;89,41;94,29;90,26;90,44;95,40;74,20;88,55;nan;nan;nan;nan;nan;nan
allmpnet;CLS+MAX+SUM-NS_SUML4L;CLS+MAX+SUM-NS;SUML4L;torch.Size([2304]);83,70;88,74;94,76;89,59;90,55;94,80;71,94;87,73;nan;nan;nan;nan;nan;nan
allmpnet;CLS+MAX+MAX-NS_SUML4L;CLS+MAX+MAX-NS;SUML4L;torch.Size([2304]);84,44;85,25;93,14;89,63;89,51;96,20;70,09;86,89;nan;nan;nan;nan;nan;nan
allmpnet;CLS_AVGL4L;CLS;AVGL4L;torch.Size([768]);82,05;66,22;90,02;79,90;86,93;81,20;66,49;78,97;nan;nan;nan;nan;nan;nan
allmpnet;AVG_AVGL4L;AVG;AVGL4L;torch.Size([768]);84,89;85,77;93,70;88,33;90,61;93,80;74,61;87,39;nan;nan;nan;nan;nan;nan
allmpnet;SUM_AVGL4L;SUM;AVGL4L;torch.Size([768]);85,22;90,22;94,58;89,62;90,01;95,60;71,36;88,09;nan;nan;nan;nan;nan;nan
allmpnet;MAX_AVGL4L;MAX;AVGL4L;torch.Size([768]);84,09;83,60;92,66;88,20;90,12;88,40;72,00;85,58;nan;nan;nan;nan;nan;nan
allmpnet;AVG-NS_AVGL4L;AVG-NS;AVGL4L;torch.Size([768]);84,79;86,38;93,69;89,05;90,55;92,40;73,57;87,20;nan;nan;nan;nan;nan;nan
allmpnet;SUM-NS_AVGL4L;SUM-NS;AVGL4L;torch.Size([768]);85,27;90,17;94,56;89,42;90,88;96,20;70,61;88,16;nan;nan;nan;nan;nan;nan
allmpnet;MAX-NS_AVGL4L;MAX-NS;AVGL4L;torch.Size([768]);84,07;83,63;92,76;88,14;90,33;88,00;72,29;85,60;nan;nan;nan;nan;nan;nan
allmpnet;CLS+AVG_AVGL4L;CLS+AVG;AVGL4L;torch.Size([1536]);85,28;86,09;93,99;89,27;90,23;93,40;74,67;87,56;nan;nan;nan;nan;nan;nan
allmpnet;CLS+SUM_AVGL4L;CLS+SUM;AVGL4L;torch.Size([1536]);85,58;89,88;95,01;89,60;90,83;96,00;70,61;88,22;nan;nan;nan;nan;nan;nan
allmpnet;CLS+MAX_AVGL4L;CLS+MAX;AVGL4L;torch.Size([1536]);84,44;85,16;92,32;88,54;90,06;89,60;71,83;85,99;nan;nan;nan;nan;nan;nan
allmpnet;CLS+AVG-NS_AVGL4L;CLS+AVG-NS;AVGL4L;torch.Size([1536]);85,20;85,83;94,12;89,37;90,33;93,60;74,84;87,61;nan;nan;nan;nan;nan;nan
allmpnet;CLS+SUM-NS_AVGL4L;CLS+SUM-NS;AVGL4L;torch.Size([1536]);85,61;89,83;94,88;89,39;91,05;96,00;70,43;88,17;nan;nan;nan;nan;nan;nan
allmpnet;CLS+MAX-NS_AVGL4L;CLS+MAX-NS;AVGL4L;torch.Size([1536]);84,47;85,35;92,31;88,61;90,06;89,60;71,88;86,04;nan;nan;nan;nan;nan;nan
allmpnet;CLS+AVG+AVG-NS_AVGL4L;CLS+AVG+AVG-NS;AVGL4L;torch.Size([2304]);85,42;87,81;94,46;89,64;90,66;95,80;75,94;88,53;nan;nan;nan;nan;nan;nan
allmpnet;CLS+AVG+SUM-NS_AVGL4L;CLS+AVG+SUM-NS;AVGL4L;torch.Size([2304]);85,51;89,93;95,14;90,06;91,27;95,60;73,28;88,68;nan;nan;nan;nan;nan;nan
allmpnet;CLS+AVG+MAX-NS_AVGL4L;CLS+AVG+MAX-NS;AVGL4L;torch.Size([2304]);85,27;86,78;93,75;89,71;90,44;95,20;75,83;88,14;nan;nan;nan;nan;nan;nan
allmpnet;CLS+SUM+AVG-NS_AVGL4L;CLS+SUM+AVG-NS;AVGL4L;torch.Size([2304]);85,75;89,91;95,15;89,98;90,28;96,20;71,19;88,35;nan;nan;nan;nan;nan;nan
allmpnet;CLS+SUM+SUM-NS_AVGL4L;CLS+SUM+SUM-NS;AVGL4L;torch.Size([2304]);85,49;88,69;94,95;89,92;90,66;95,40;69,97;87,87;nan;nan;nan;nan;nan;nan
allmpnet;CLS+SUM+MAX-NS_AVGL4L;CLS+SUM+MAX-NS;AVGL4L;torch.Size([2304]);85,69;90,06;94,87;89,85;91,54;96,20;72,29;88,64;nan;nan;nan;nan;nan;nan
allmpnet;CLS+MAX+AVG-NS_AVGL4L;CLS+MAX+AVG-NS;AVGL4L;torch.Size([2304]);85,31;86,97;93,91;89,74;90,39;95,60;75,83;88,25;nan;nan;nan;nan;nan;nan
allmpnet;CLS+MAX+SUM-NS_AVGL4L;CLS+MAX+SUM-NS;AVGL4L;torch.Size([2304]);85,53;90,15;95,17;90,08;91,49;95,00;72,99;88,63;nan;nan;nan;nan;nan;nan
allmpnet;CLS+MAX+MAX-NS_AVGL4L;CLS+MAX+MAX-NS;AVGL4L;torch.Size([2304]);84,43;84,58;93,08;89,00;90,61;90,20;74,55;86,64;nan;nan;nan;nan;nan;nan
allmpnet;CLS_SUMALL;CLS;SUMALL;torch.Size([768]);84,09;87,42;94,68;87,03;90,39;85,60;68,81;85,43;nan;nan;nan;nan;nan;nan
allmpnet;AVG_SUMALL;AVG;SUMALL;torch.Size([768]);85,85;90,12;95,35;90,39;91,21;95,20;75,25;89,05;nan;nan;nan;nan;nan;nan
allmpnet;SUM_SUMALL;SUM;SUMALL;torch.Size([768]);82,22;88,11;94,11;89,53;90,28;94,60;69,80;86,95;nan;nan;nan;nan;nan;nan
allmpnet;MAX_SUMALL;MAX;SUMALL;torch.Size([768]);82,01;73,46;92,48;89,83;89,24;91,80;65,91;83,53;nan;nan;nan;nan;nan;nan
allmpnet;AVG-NS_SUMALL;AVG-NS;SUMALL;torch.Size([768]);85,91;90,54;95,25;90,45;91,21;95,40;74,55;89,04;nan;nan;nan;nan;nan;nan
allmpnet;SUM-NS_SUMALL;SUM-NS;SUMALL;torch.Size([768]);82,05;87,87;94,07;89,45;90,01;93,60;67,59;86,38;nan;nan;nan;nan;nan;nan
allmpnet;MAX-NS_SUMALL;MAX-NS;SUMALL;torch.Size([768]);82,08;73,09;92,58;89,66;89,29;89,60;65,91;83,17;nan;nan;nan;nan;nan;nan
allmpnet;CLS+AVG_SUMALL;CLS+AVG;SUMALL;torch.Size([1536]);86,64;90,31;95,68;90,86;91,43;96,00;66,49;88,20;nan;nan;nan;nan;nan;nan
allmpnet;CLS+SUM_SUMALL;CLS+SUM;SUMALL;torch.Size([1536]);82,60;88,69;94,50;89,71;90,23;92,60;70,84;87,02;nan;nan;nan;nan;nan;nan
allmpnet;CLS+MAX_SUMALL;CLS+MAX;SUMALL;torch.Size([1536]);84,07;87,34;94,98;89,93;91,32;93,60;57,10;85,48;nan;nan;nan;nan;nan;nan
allmpnet;CLS+AVG-NS_SUMALL;CLS+AVG-NS;SUMALL;torch.Size([1536]);86,53;90,36;95,60;91,04;91,49;96,00;66,49;88,22;nan;nan;nan;nan;nan;nan
allmpnet;CLS+SUM-NS_SUMALL;CLS+SUM-NS;SUMALL;torch.Size([1536]);83,24;88,50;94,57;90,24;90,55;92,80;67,94;86,83;nan;nan;nan;nan;nan;nan
allmpnet;CLS+MAX-NS_SUMALL;CLS+MAX-NS;SUMALL;torch.Size([1536]);84,09;87,39;94,99;90,03;91,32;93,80;57,22;85,55;nan;nan;nan;nan;nan;nan
allmpnet;CLS+AVG+AVG-NS_SUMALL;CLS+AVG+AVG-NS;SUMALL;torch.Size([2304]);86,65;90,68;95,92;90,98;91,98;95,80;73,10;89,30;nan;nan;nan;nan;nan;nan
allmpnet;CLS+AVG+SUM-NS_SUMALL;CLS+AVG+SUM-NS;SUMALL;torch.Size([2304]);84,11;89,38;95,00;90,73;90,44;93,00;67,19;87,12;nan;nan;nan;nan;nan;nan
allmpnet;CLS+AVG+MAX-NS_SUMALL;CLS+AVG+MAX-NS;SUMALL;torch.Size([2304]);85,56;89,99;95,56;90,53;91,76;95,40;72,41;88,74;nan;nan;nan;nan;nan;nan
allmpnet;CLS+SUM+AVG-NS_SUMALL;CLS+SUM+AVG-NS;SUMALL;torch.Size([2304]);82,99;89,11;94,78;89,85;90,23;93,60;67,77;86,90;nan;nan;nan;nan;nan;nan
allmpnet;CLS+SUM+SUM-NS_SUMALL;CLS+SUM+SUM-NS;SUMALL;torch.Size([2304]);83,41;90,07;94,78;89,57;89,24;92,20;67,30;86,65;nan;nan;nan;nan;nan;nan
allmpnet;CLS+SUM+MAX-NS_SUMALL;CLS+SUM+MAX-NS;SUMALL;torch.Size([2304]);82,92;89,24;94,68;89,57;90,77;94,00;66,90;86,87;nan;nan;nan;nan;nan;nan
allmpnet;CLS+MAX+AVG-NS_SUMALL;CLS+MAX+AVG-NS;SUMALL;torch.Size([2304]);85,45;89,25;95,36;90,85;91,93;95,20;68,93;88,14;nan;nan;nan;nan;nan;nan
allmpnet;CLS+MAX+SUM-NS_SUMALL;CLS+MAX+SUM-NS;SUMALL;torch.Size([2304]);83,59;89,19;94,72;90,42;90,17;93,20;67,48;86,97;nan;nan;nan;nan;nan;nan
allmpnet;CLS+MAX+MAX-NS_SUMALL;CLS+MAX+MAX-NS;SUMALL;torch.Size([2304]);83,54;87,68;94,81;89,99;91,16;93,40;64,35;86,42;nan;nan;nan;nan;nan;nan
allmpnet;CLS_AVGALL;CLS;AVGALL;torch.Size([768]);80,92;63,66;91,42;68,77;89,40;54,40;66,49;73,58;nan;nan;nan;nan;nan;nan
allmpnet;AVG_AVGALL;AVG;AVGALL;torch.Size([768]);83,94;86,97;93,96;90,19;91,32;89,80;66,49;86,10;nan;nan;nan;nan;nan;nan
allmpnet;SUM_AVGALL;SUM;AVGALL;torch.Size([768]);85,61;90,20;95,31;90,79;90,88;95,60;68,99;88,20;nan;nan;nan;nan;nan;nan
allmpnet;MAX_AVGALL;MAX;AVGALL;torch.Size([768]);82,29;78,57;92,56;89,37;89,35;81,00;70,38;83,36;nan;nan;nan;nan;nan;nan
allmpnet;AVG-NS_AVGALL;AVG-NS;AVGALL;torch.Size([768]);83,73;86,30;93,46;90,06;90,50;91,80;66,49;86,05;nan;nan;nan;nan;nan;nan
allmpnet;SUM-NS_AVGALL;SUM-NS;AVGALL;torch.Size([768]);85,59;90,15;95,42;90,61;90,72;95,80;70,49;88,40;nan;nan;nan;nan;nan;nan
allmpnet;MAX-NS_AVGALL;MAX-NS;AVGALL;torch.Size([768]);82,52;79,18;92,61;89,34;89,40;81,00;70,32;83,48;nan;nan;nan;nan;nan;nan
allmpnet;CLS+AVG_AVGALL;CLS+AVG;AVGALL;torch.Size([1536]);85,07;87,74;94,94;90,14;91,43;89,00;66,49;86,40;nan;nan;nan;nan;nan;nan
allmpnet;CLS+SUM_AVGALL;CLS+SUM;AVGALL;torch.Size([1536]);86,35;90,86;95,73;90,28;91,05;95,60;71,65;88,79;nan;nan;nan;nan;nan;nan
allmpnet;CLS+MAX_AVGALL;CLS+MAX;AVGALL;torch.Size([1536]);83,49;84,53;94,38;89,42;90,66;87,80;72,12;86,06;nan;nan;nan;nan;nan;nan
allmpnet;CLS+AVG-NS_AVGALL;CLS+AVG-NS;AVGALL;torch.Size([1536]);85,35;88,34;94,94;90,24;91,76;92,60;66,49;87,10;nan;nan;nan;nan;nan;nan
allmpnet;CLS+SUM-NS_AVGALL;CLS+SUM-NS;AVGALL;torch.Size([1536]);86,33;90,38;95,75;90,42;90,88;95,40;71,88;88,72;nan;nan;nan;nan;nan;nan
allmpnet;CLS+MAX-NS_AVGALL;CLS+MAX-NS;AVGALL;torch.Size([1536]);83,57;85,03;94,30;89,52;91,10;87,60;71,07;86,03;nan;nan;nan;nan;nan;nan
allmpnet;CLS+AVG+AVG-NS_AVGALL;CLS+AVG+AVG-NS;AVGALL;torch.Size([2304]);85,53;89,03;95,25;90,37;91,76;93,20;74,90;88,58;nan;nan;nan;nan;nan;nan
allmpnet;CLS+AVG+SUM-NS_AVGALL;CLS+AVG+SUM-NS;AVGALL;torch.Size([2304]);86,54;90,17;95,80;90,93;91,05;95,20;71,88;88,80;nan;nan;nan;nan;nan;nan
allmpnet;CLS+AVG+MAX-NS_AVGALL;CLS+AVG+MAX-NS;AVGALL;torch.Size([2304]);85,57;89,67;94,87;89,94;91,54;92,40;75,30;88,47;nan;nan;nan;nan;nan;nan
allmpnet;CLS+SUM+AVG-NS_AVGALL;CLS+SUM+AVG-NS;AVGALL;torch.Size([2304]);86,51;90,49;95,96;90,68;91,05;95,80;72,23;88,96;nan;nan;nan;nan;nan;nan
allmpnet;CLS+SUM+SUM-NS_AVGALL;CLS+SUM+SUM-NS;AVGALL;torch.Size([2304]);86,23;90,04;95,87;90,70;90,77;96,00;69,80;88,49;nan;nan;nan;nan;nan;nan
allmpnet;CLS+SUM+MAX-NS_AVGALL;CLS+SUM+MAX-NS;AVGALL;torch.Size([2304]);86,51;90,76;95,58;90,66;91,54;95,60;72,00;88,95;nan;nan;nan;nan;nan;nan
allmpnet;CLS+MAX+AVG-NS_AVGALL;CLS+MAX+AVG-NS;AVGALL;torch.Size([2304]);85,17;89,88;94,94;90,52;91,49;87,80;72,00;87,40;nan;nan;nan;nan;nan;nan
allmpnet;CLS+MAX+SUM-NS_AVGALL;CLS+MAX+SUM-NS;AVGALL;torch.Size([2304]);86,31;89,59;95,71;90,21;91,27;96,00;70,38;88,50;nan;nan;nan;nan;nan;nan
allmpnet;CLS+MAX+MAX-NS_AVGALL;CLS+MAX+MAX-NS;AVGALL;torch.Size([2304]);84,02;86,73;94,13;89,99;90,77;88,40;72,29;86,62;nan;nan;nan;nan;nan;nan
allmpnet;CLS_SUML6L;CLS;SUML6L;torch.Size([768]);84,42;88,66;94,58;87,69;89,68;85,60;70,55;85,88;nan;nan;nan;nan;nan;nan
allmpnet;AVG_SUML6L;AVG;SUML6L;torch.Size([768]);86,35;90,52;94,98;90,49;91,32;96,40;76,29;89,48;nan;nan;nan;nan;nan;nan
allmpnet;SUM_SUML6L;SUM;SUML6L;torch.Size([768]);82,59;88,74;94,14;89,30;89,29;94,00;69,45;86,79;nan;nan;nan;nan;nan;nan
allmpnet;MAX_SUML6L;MAX;SUML6L;torch.Size([768]);84,23;84,56;92,83;88,82;90,50;93,00;65,97;85,70;nan;nan;nan;nan;nan;nan
allmpnet;AVG-NS_SUML6L;AVG-NS;SUML6L;torch.Size([768]);86,40;90,46;94,92;89,68;91,32;96,20;76,87;89,41;nan;nan;nan;nan;nan;nan
allmpnet;SUM-NS_SUML6L;SUM-NS;SUML6L;torch.Size([768]);82,53;88,77;94,01;89,31;89,40;93,80;69,57;86,77;nan;nan;nan;nan;nan;nan
allmpnet;MAX-NS_SUML6L;MAX-NS;SUML6L;torch.Size([768]);84,32;84,24;92,86;89,13;90,50;92,00;66,03;85,58;nan;nan;nan;nan;nan;nan
allmpnet;CLS+AVG_SUML6L;CLS+AVG;SUML6L;torch.Size([1536]);86,86;90,99;95,59;90,48;91,93;96,40;75,54;89,68;nan;nan;nan;nan;nan;nan
allmpnet;CLS+SUM_SUML6L;CLS+SUM;SUML6L;torch.Size([1536]);84,24;89,59;94,48;90,17;90,88;95,20;71,77;88,05;nan;nan;nan;nan;nan;nan
allmpnet;CLS+MAX_SUML6L;CLS+MAX;SUML6L;torch.Size([1536]);85,53;89,54;95,19;89,95;91,82;94,80;71,48;88,33;nan;nan;nan;nan;nan;nan
allmpnet;CLS+AVG-NS_SUML6L;CLS+AVG-NS;SUML6L;torch.Size([1536]);86,81;91,42;95,61;90,61;91,82;96,40;75,54;89,74;nan;nan;nan;nan;nan;nan
allmpnet;CLS+SUM-NS_SUML6L;CLS+SUM-NS;SUML6L;torch.Size([1536]);84,48;89,53;94,59;90,13;91,05;95,00;69,04;87,69;nan;nan;nan;nan;nan;nan
allmpnet;CLS+MAX-NS_SUML6L;CLS+MAX-NS;SUML6L;torch.Size([1536]);85,39;89,38;95,07;90,10;91,87;94,80;71,59;88,31;nan;nan;nan;nan;nan;nan
allmpnet;CLS+AVG+AVG-NS_SUML6L;CLS+AVG+AVG-NS;SUML6L;torch.Size([2304]);86,84;91,95;95,74;90,74;91,71;96,20;75,88;89,87;nan;nan;nan;nan;nan;nan
allmpnet;CLS+AVG+SUM-NS_SUML6L;CLS+AVG+SUM-NS;SUML6L;torch.Size([2304]);84,78;90,33;94,82;90,09;91,27;94,20;69,80;87,90;nan;nan;nan;nan;nan;nan
allmpnet;CLS+AVG+MAX-NS_SUML6L;CLS+AVG+MAX-NS;SUML6L;torch.Size([2304]);86,34;91,52;95,39;90,31;91,87;96,00;72,58;89,14;nan;nan;nan;nan;nan;nan
allmpnet;CLS+SUM+AVG-NS_SUML6L;CLS+SUM+AVG-NS;SUML6L;torch.Size([2304]);84,56;89,24;94,77;90,31;91,10;96,60;68,35;87,85;nan;nan;nan;nan;nan;nan
allmpnet;CLS+SUM+SUM-NS_SUML6L;CLS+SUM+SUM-NS;SUML6L;torch.Size([2304]);84,04;90,09;94,62;89,90;90,66;93,00;70,09;87,49;nan;nan;nan;nan;nan;nan
allmpnet;CLS+SUM+MAX-NS_SUML6L;CLS+SUM+MAX-NS;SUML6L;torch.Size([2304]);83,98;89,62;94,70;89,96;90,88;95,00;72,52;88,09;nan;nan;nan;nan;nan;nan
allmpnet;CLS+MAX+AVG-NS_SUML6L;CLS+MAX+AVG-NS;SUML6L;torch.Size([2304]);85,89;91,26;95,50;90,38;92,15;95,60;75,19;89,42;nan;nan;nan;nan;nan;nan
allmpnet;CLS+MAX+SUM-NS_SUML6L;CLS+MAX+SUM-NS;SUML6L;torch.Size([2304]);84,70;90,49;94,57;90,18;90,66;94,20;69,57;87,77;nan;nan;nan;nan;nan;nan
allmpnet;CLS+MAX+MAX-NS_SUML6L;CLS+MAX+MAX-NS;SUML6L;torch.Size([2304]);85,18;89,61;94,39;90,07;92,15;95,60;67,77;87,82;nan;nan;nan;nan;nan;nan
allmpnet;CLS_AVGL6L;CLS;AVGL6L;torch.Size([768]);82,20;85,03;92,57;68,77;89,24;79,80;66,49;80,59;nan;nan;nan;nan;nan;nan
allmpnet;AVG_AVGL6L;AVG;AVGL6L;torch.Size([768]);85,48;87,58;93,89;88,84;91,32;92,00;71,42;87,22;nan;nan;nan;nan;nan;nan
allmpnet;SUM_AVGL6L;SUM;AVGL6L;torch.Size([768]);85,80;90,91;95,10;89,91;90,66;96,60;71,01;88,57;nan;nan;nan;nan;nan;nan
allmpnet;MAX_AVGL6L;MAX;AVGL6L;torch.Size([768]);84,20;85,22;92,84;88,71;90,39;88,00;72,81;86,02;nan;nan;nan;nan;nan;nan
allmpnet;AVG-NS_AVGL6L;AVG-NS;AVGL6L;torch.Size([768]);85,48;87,42;93,66;89,51;91,43;94,00;71,83;87,62;nan;nan;nan;nan;nan;nan
allmpnet;SUM-NS_AVGL6L;SUM-NS;AVGL6L;torch.Size([768]);85,82;90,73;95,09;89,57;90,61;96,60;71,13;88,51;nan;nan;nan;nan;nan;nan
allmpnet;MAX-NS_AVGL6L;MAX-NS;AVGL6L;torch.Size([768]);84,23;85,27;92,82;88,74;89,62;86,60;72,87;85,74;nan;nan;nan;nan;nan;nan
allmpnet;CLS+AVG_AVGL6L;CLS+AVG;AVGL6L;torch.Size([1536]);85,91;89,30;95,03;89,12;91,76;94,00;73,33;88,35;nan;nan;nan;nan;nan;nan
allmpnet;CLS+SUM_AVGL6L;CLS+SUM;AVGL6L;torch.Size([1536]);86,46;90,73;95,20;89,84;91,71;96,40;72,35;88,96;nan;nan;nan;nan;nan;nan
allmpnet;CLS+MAX_AVGL6L;CLS+MAX;AVGL6L;torch.Size([1536]);84,95;88,61;94,31;89,07;91,76;88,40;71,36;86,92;nan;nan;nan;nan;nan;nan
allmpnet;CLS+AVG-NS_AVGL6L;CLS+AVG-NS;AVGL6L;torch.Size([1536]);85,86;89,46;95,02;89,43;91,98;92,40;73,22;88,20;nan;nan;nan;nan;nan;nan
allmpnet;CLS+SUM-NS_AVGL6L;CLS+SUM-NS;AVGL6L;torch.Size([1536]);86,48;90,60;95,16;89,82;90,83;96,40;72,41;88,81;nan;nan;nan;nan;nan;nan
allmpnet;CLS+MAX-NS_AVGL6L;CLS+MAX-NS;AVGL6L;torch.Size([1536]);84,88;88,48;94,30;89,26;91,71;86,20;71,48;86,62;nan;nan;nan;nan;nan;nan
allmpnet;CLS+AVG+AVG-NS_AVGL6L;CLS+AVG+AVG-NS;AVGL6L;torch.Size([2304]);86,25;89,62;94,84;90,02;92,15;95,20;75,83;89,13;nan;nan;nan;nan;nan;nan
allmpnet;CLS+AVG+SUM-NS_AVGL6L;CLS+AVG+SUM-NS;AVGL6L;torch.Size([2304]);86,31;90,15;95,55;90,37;91,32;96,00;71,19;88,70;nan;nan;nan;nan;nan;nan
allmpnet;CLS+AVG+MAX-NS_AVGL6L;CLS+AVG+MAX-NS;AVGL6L;torch.Size([2304]);85,62;89,03;94,84;89,88;91,71;94,60;70,49;88,02;nan;nan;nan;nan;nan;nan
allmpnet;CLS+SUM+AVG-NS_AVGL6L;CLS+SUM+AVG-NS;AVGL6L;torch.Size([2304]);86,47;89,96;95,18;90,22;91,54;96,60;71,88;88,84;nan;nan;nan;nan;nan;nan
allmpnet;CLS+SUM+SUM-NS_AVGL6L;CLS+SUM+SUM-NS;AVGL6L;torch.Size([2304]);86,29;90,94;95,77;89,76;91,65;96,20;65,97;88,08;nan;nan;nan;nan;nan;nan
allmpnet;CLS+SUM+MAX-NS_AVGL6L;CLS+SUM+MAX-NS;AVGL6L;torch.Size([2304]);86,34;91,20;95,40;90,31;91,76;96,80;72,46;89,18;nan;nan;nan;nan;nan;nan
allmpnet;CLS+MAX+AVG-NS_AVGL6L;CLS+MAX+AVG-NS;AVGL6L;torch.Size([2304]);85,92;89,83;94,56;90,04;91,87;95,00;71,25;88,35;nan;nan;nan;nan;nan;nan
allmpnet;CLS+MAX+SUM-NS_AVGL6L;CLS+MAX+SUM-NS;AVGL6L;torch.Size([2304]);86,63;90,89;95,64;89,85;91,60;96,40;71,48;88,93;nan;nan;nan;nan;nan;nan
allmpnet;CLS+MAX+MAX-NS_AVGL6L;CLS+MAX+MAX-NS;AVGL6L;torch.Size([2304]);84,95;87,79;94,28;89,33;91,27;90,80;74,03;87,49;nan;nan;nan;nan;nan;nan
allmpnet;CLS_SUML4BL;CLS;SUML4BL;torch.Size([768]);81,31;84,79;91,09;68,77;88,30;64,40;66,61;77,90;nan;nan;nan;nan;nan;nan
allmpnet;AVG_SUML4BL;AVG;SUML4BL;torch.Size([768]);86,41;90,33;94,88;90,03;91,27;96,20;75,88;89,29;nan;nan;nan;nan;nan;nan
allmpnet;SUM_SUML4BL;SUM;SUML4BL;torch.Size([768]);82,66;89,03;94,00;89,04;89,68;94,80;69,04;86,89;nan;nan;nan;nan;nan;nan
allmpnet;MAX_SUML4BL;MAX;SUML4BL;torch.Size([768]);84,10;85,80;92,45;88,74;90,77;93,20;65,91;85,85;nan;nan;nan;nan;nan;nan
allmpnet;AVG-NS_SUML4BL;AVG-NS;SUML4BL;torch.Size([768]);86,39;90,39;94,89;90,27;91,27;96,00;76,06;89,32;nan;nan;nan;nan;nan;nan
allmpnet;SUM-NS_SUML4BL;SUM-NS;SUML4BL;torch.Size([768]);82,46;88,90;94,13;89,21;89,68;94,60;69,57;86,94;nan;nan;nan;nan;nan;nan
allmpnet;MAX-NS_SUML4BL;MAX-NS;SUML4BL;torch.Size([768]);83,57;85,69;92,56;89,19;90,39;92,80;65,91;85,73;nan;nan;nan;nan;nan;nan
allmpnet;CLS+AVG_SUML4BL;CLS+AVG;SUML4BL;torch.Size([1536]);86,73;90,83;95,30;90,17;92,09;96,20;75,19;89,50;nan;nan;nan;nan;nan;nan
allmpnet;CLS+SUM_SUML4BL;CLS+SUM;SUML4BL;torch.Size([1536]);84,21;89,24;94,40;90,02;91,05;94,60;69,39;87,56;nan;nan;nan;nan;nan;nan
allmpnet;CLS+MAX_SUML4BL;CLS+MAX;SUML4BL;torch.Size([1536]);85,29;88,27;94,21;88,77;91,65;94,20;72,00;87,77;nan;nan;nan;nan;nan;nan
allmpnet;CLS+AVG-NS_SUML4BL;CLS+AVG-NS;SUML4BL;torch.Size([1536]);86,58;90,81;95,30;90,46;91,60;96,40;75,71;89,55;nan;nan;nan;nan;nan;nan
allmpnet;CLS+SUM-NS_SUML4BL;CLS+SUM-NS;SUML4BL;torch.Size([1536]);84,38;89,22;94,39;90,11;91,05;95,40;67,71;87,47;nan;nan;nan;nan;nan;nan
allmpnet;CLS+MAX-NS_SUML4BL;CLS+MAX-NS;SUML4BL;torch.Size([1536]);85,26;88,21;94,20;89,05;91,65;94,00;72,75;87,87;nan;nan;nan;nan;nan;nan
allmpnet;CLS+AVG+AVG-NS_SUML4BL;CLS+AVG+AVG-NS;SUML4BL;torch.Size([2304]);87,15;91,18;95,56;90,48;91,60;96,40;74,78;89,59;nan;nan;nan;nan;nan;nan
allmpnet;CLS+AVG+SUM-NS_SUML4BL;CLS+AVG+SUM-NS;SUML4BL;torch.Size([2304]);84,88;89,62;95,01;90,20;90,66;95,40;69,10;87,84;nan;nan;nan;nan;nan;nan
allmpnet;CLS+AVG+MAX-NS_SUML4BL;CLS+AVG+MAX-NS;SUML4BL;torch.Size([2304]);86,06;90,38;95,07;90,18;91,54;95,60;73,80;88,95;nan;nan;nan;nan;nan;nan
allmpnet;CLS+SUM+AVG-NS_SUML4BL;CLS+SUM+AVG-NS;SUML4BL;torch.Size([2304]);84,77;90,15;94,96;90,30;90,66;95,80;68,35;87,86;nan;nan;nan;nan;nan;nan
allmpnet;CLS+SUM+SUM-NS_SUML4BL;CLS+SUM+SUM-NS;SUML4BL;torch.Size([2304]);84,23;89,56;94,81;89,91;90,39;94,40;70,49;87,68;nan;nan;nan;nan;nan;nan
allmpnet;CLS+SUM+MAX-NS_SUML4BL;CLS+SUM+MAX-NS;SUML4BL;torch.Size([2304]);84,54;89,91;94,71;89,93;90,77;95,40;68,99;87,75;nan;nan;nan;nan;nan;nan
allmpnet;CLS+MAX+AVG-NS_SUML4BL;CLS+MAX+AVG-NS;SUML4BL;torch.Size([2304]);86,07;90,20;94,60;90,33;91,76;95,40;74,20;88,94;nan;nan;nan;nan;nan;nan
allmpnet;CLS+MAX+SUM-NS_SUML4BL;CLS+MAX+SUM-NS;SUML4BL;torch.Size([2304]);84,66;89,51;94,83;90,15;90,77;95,20;69,80;87,85;nan;nan;nan;nan;nan;nan
allmpnet;CLS+MAX+MAX-NS_SUML4BL;CLS+MAX+MAX-NS;SUML4BL;torch.Size([2304]);83,94;87,68;93,69;89,31;91,16;95,00;71,36;87,45;nan;nan;nan;nan;nan;nan
allmpnet;CLS_AVGL4BL;CLS;AVGL4BL;torch.Size([768]);78,14;63,76;88,21;68,77;86,88;42,00;66,49;70,61;nan;nan;nan;nan;nan;nan
allmpnet;AVG_AVGL4BL;AVG;AVGL4BL;torch.Size([768]);84,83;87,44;93,58;89,17;90,94;94,40;72,81;87,60;nan;nan;nan;nan;nan;nan
allmpnet;SUM_AVGL4BL;SUM;AVGL4BL;torch.Size([768]);85,62;90,28;95,03;89,73;90,83;96,40;71,36;88,46;nan;nan;nan;nan;nan;nan
allmpnet;MAX_AVGL4BL;MAX;AVGL4BL;torch.Size([768]);84,03;84,45;92,67;88,50;90,17;84,40;71,71;85,13;nan;nan;nan;nan;nan;nan
allmpnet;AVG-NS_AVGL4BL;AVG-NS;AVGL4BL;torch.Size([768]);84,80;87,34;93,57;89,46;91,05;94,40;73,45;87,72;nan;nan;nan;nan;nan;nan
allmpnet;SUM-NS_AVGL4BL;SUM-NS;AVGL4BL;torch.Size([768]);85,49;90,33;94,93;89,72;90,94;95,80;71,36;88,37;nan;nan;nan;nan;nan;nan
allmpnet;MAX-NS_AVGL4BL;MAX-NS;AVGL4BL;torch.Size([768]);84,03;84,87;92,43;88,62;90,44;84,40;71,65;85,21;nan;nan;nan;nan;nan;nan
allmpnet;CLS+AVG_AVGL4BL;CLS+AVG;AVGL4BL;torch.Size([1536]);85,36;88,87;94,64;89,22;91,05;92,60;72,93;87,81;nan;nan;nan;nan;nan;nan
allmpnet;CLS+SUM_AVGL4BL;CLS+SUM;AVGL4BL;torch.Size([1536]);86,01;90,23;95,10;90,03;90,88;96,80;71,65;88,67;nan;nan;nan;nan;nan;nan
allmpnet;CLS+MAX_AVGL4BL;CLS+MAX;AVGL4BL;torch.Size([1536]);84,67;86,97;93,90;88,58;90,50;85,00;72,29;85,99;nan;nan;nan;nan;nan;nan
allmpnet;CLS+AVG-NS_AVGL4BL;CLS+AVG-NS;AVGL4BL;torch.Size([1536]);85,72;88,82;94,55;89,82;91,16;94,20;72,87;88,16;nan;nan;nan;nan;nan;nan
allmpnet;CLS+SUM-NS_AVGL4BL;CLS+SUM-NS;AVGL4BL;torch.Size([1536]);85,98;90,36;95,07;90,01;90,77;96,60;71,88;88,67;nan;nan;nan;nan;nan;nan
allmpnet;CLS+MAX-NS_AVGL4BL;CLS+MAX-NS;AVGL4BL;torch.Size([1536]);84,72;86,89;93,88;89,00;90,99;85,00;72,99;86,21;nan;nan;nan;nan;nan;nan
allmpnet;CLS+AVG+AVG-NS_AVGL4BL;CLS+AVG+AVG-NS;AVGL4BL;torch.Size([2304]);86,04;89,43;94,84;89,93;91,27;95,20;74,67;88,77;nan;nan;nan;nan;nan;nan
allmpnet;CLS+AVG+SUM-NS_AVGL4BL;CLS+AVG+SUM-NS;AVGL4BL;torch.Size([2304]);86,17;90,84;95,74;90,04;91,27;96,60;71,25;88,84;nan;nan;nan;nan;nan;nan
allmpnet;CLS+AVG+MAX-NS_AVGL4BL;CLS+AVG+MAX-NS;AVGL4BL;torch.Size([2304]);85,45;88,84;94,33;89,75;91,60;95,20;75,01;88,60;nan;nan;nan;nan;nan;nan
allmpnet;CLS+SUM+AVG-NS_AVGL4BL;CLS+SUM+AVG-NS;AVGL4BL;torch.Size([2304]);86,31;90,54;95,32;90,00;91,16;96,40;70,67;88,63;nan;nan;nan;nan;nan;nan
allmpnet;CLS+SUM+SUM-NS_AVGL4BL;CLS+SUM+SUM-NS;AVGL4BL;torch.Size([2304]);85,91;90,75;95,32;90,03;91,38;95,40;71,83;88,66;nan;nan;nan;nan;nan;nan
allmpnet;CLS+SUM+MAX-NS_AVGL4BL;CLS+SUM+MAX-NS;AVGL4BL;torch.Size([2304]);86,15;91,05;95,38;90,12;91,32;96,60;70,90;88,79;nan;nan;nan;nan;nan;nan
allmpnet;CLS+MAX+AVG-NS_AVGL4BL;CLS+MAX+AVG-NS;AVGL4BL;torch.Size([2304]);85,58;87,79;94,24;89,74;91,21;95,00;74,72;88,33;nan;nan;nan;nan;nan;nan
allmpnet;CLS+MAX+SUM-NS_AVGL4BL;CLS+MAX+SUM-NS;AVGL4BL;torch.Size([2304]);86,16;90,09;95,65;90,27;91,21;96,20;72,35;88,85;nan;nan;nan;nan;nan;nan
allmpnet;CLS+MAX+MAX-NS_AVGL4BL;CLS+MAX+MAX-NS;AVGL4BL;torch.Size([2304]);84,40;86,28;93,78;88,74;90,94;93,20;72,87;87,17;nan;nan;nan;nan;nan;nan
deberta-base;CLS_SUML6L;CLS;SUML6L;torch.Size([768]);75,98;63,66;81,03;73,72;86,93;38,60;66,49;69,49;nan;nan;nan;nan;nan;nan
deberta-base;AVG_SUML6L;AVG;SUML6L;torch.Size([768]);86,96;89,43;95,10;90,22;91,71;95,00;72,52;88,71;nan;nan;nan;nan;nan;nan
deberta-base;SUM_SUML6L;SUM;SUML6L;torch.Size([768]);82,96;87,55;93,87;88,47;91,65;94,60;66,49;86,51;nan;nan;nan;nan;nan;nan
deberta-base;MAX_SUML6L;MAX;SUML6L;torch.Size([768]);81,71;69,03;92,53;89,06;89,95;91,20;64,99;82,64;nan;nan;nan;nan;nan;nan
deberta-base;AVG-NS_SUML6L;AVG-NS;SUML6L;torch.Size([768]);87,03;89,56;95,22;90,33;91,98;95,00;72,29;88,77;nan;nan;nan;nan;nan;nan
deberta-base;SUM-NS_SUML6L;SUM-NS;SUML6L;torch.Size([768]);83,20;87,23;93,84;88,60;91,21;93,80;68,06;86,56;nan;nan;nan;nan;nan;nan
deberta-base;MAX-NS_SUML6L;MAX-NS;SUML6L;torch.Size([768]);81,74;69,03;92,53;89,37;90,01;93,20;65,04;82,99;nan;nan;nan;nan;nan;nan
deberta-base;CLS+AVG_SUML6L;CLS+AVG;SUML6L;torch.Size([1536]);87,00;89,99;94,82;90,21;92,48;94,60;74,61;89,10;nan;nan;nan;nan;nan;nan
deberta-base;CLS+SUM_SUML6L;CLS+SUM;SUML6L;torch.Size([1536]);82,84;87,60;94,56;88,71;91,27;92,00;67,83;86,40;nan;nan;nan;nan;nan;nan
deberta-base;CLS+MAX_SUML6L;CLS+MAX;SUML6L;torch.Size([1536]);81,87;75,58;92,54;88,78;89,84;93,60;66,84;84,15;nan;nan;nan;nan;nan;nan
deberta-base;CLS+AVG-NS_SUML6L;CLS+AVG-NS;SUML6L;torch.Size([1536]);87,36;89,72;94,96;90,04;92,59;95,40;74,49;89,22;nan;nan;nan;nan;nan;nan
deberta-base;CLS+SUM-NS_SUML6L;CLS+SUM-NS;SUML6L;torch.Size([1536]);83,57;87,23;94,45;88,98;91,16;90,00;69,86;86,46;nan;nan;nan;nan;nan;nan
deberta-base;CLS+MAX-NS_SUML6L;CLS+MAX-NS;SUML6L;torch.Size([1536]);81,82;75,47;92,53;89,28;89,90;93,60;65,16;83,97;nan;nan;nan;nan;nan;nan
deberta-base;CLS+AVG+AVG-NS_SUML6L;CLS+AVG+AVG-NS;SUML6L;torch.Size([2304]);87,04;90,28;95,82;90,56;92,59;94,80;75,59;89,53;nan;nan;nan;nan;nan;nan
deberta-base;CLS+AVG+SUM-NS_SUML6L;CLS+AVG+SUM-NS;SUML6L;torch.Size([2304]);85,27;88,61;94,74;89,20;91,49;94,00;66,61;87,13;nan;nan;nan;nan;nan;nan
deberta-base;CLS+AVG+MAX-NS_SUML6L;CLS+AVG+MAX-NS;SUML6L;torch.Size([2304]);86,13;89,16;94,82;90,28;91,71;95,20;69,91;88,17;nan;nan;nan;nan;nan;nan
deberta-base;CLS+SUM+AVG-NS_SUML6L;CLS+SUM+AVG-NS;SUML6L;torch.Size([2304]);83,51;88,69;95,01;89,82;90,72;94,40;72,35;87,79;nan;nan;nan;nan;nan;nan
deberta-base;CLS+SUM+SUM-NS_SUML6L;CLS+SUM+SUM-NS;SUML6L;torch.Size([2304]);84,09;88,66;94,89;88,98;91,43;93,40;68,70;87,16;nan;nan;nan;nan;nan;nan
deberta-base;CLS+SUM+MAX-NS_SUML6L;CLS+SUM+MAX-NS;SUML6L;torch.Size([2304]);83,81;88,50;94,77;89,28;92,09;94,00;69,86;87,47;nan;nan;nan;nan;nan;nan
deberta-base;CLS+MAX+AVG-NS_SUML6L;CLS+MAX+AVG-NS;SUML6L;torch.Size([2304]);86,50;89,19;94,68;90,07;92,53;93,60;67,01;87,65;nan;nan;nan;nan;nan;nan
deberta-base;CLS+MAX+SUM-NS_SUML6L;CLS+MAX+SUM-NS;SUML6L;torch.Size([2304]);84,01;89,14;94,51;89,10;92,09;92,80;72,64;87,76;nan;nan;nan;nan;nan;nan
deberta-base;CLS+MAX+MAX-NS_SUML6L;CLS+MAX+MAX-NS;SUML6L;torch.Size([2304]);83,48;80,05;92,82;89,33;89,73;93,40;70,49;85,61;nan;nan;nan;nan;nan;nan
deberta-base;CLS_AVGL6L;CLS;AVGL6L;torch.Size([768]);68,03;63,76;77,67;68,74;81,44;41,20;66,49;66,76;nan;nan;nan;nan;nan;nan
deberta-base;AVG_AVGL6L;AVG;AVGL6L;torch.Size([768]);85,00;85,56;94,03;90,01;92,04;91,60;73,68;87,42;nan;nan;nan;nan;nan;nan
deberta-base;SUM_AVGL6L;SUM;AVGL6L;torch.Size([768]);86,77;88,53;94,83;90,00;92,09;95,00;67,94;87,88;nan;nan;nan;nan;nan;nan
deberta-base;MAX_AVGL6L;MAX;AVGL6L;torch.Size([768]);82,55;67,21;92,32;88,78;89,18;86,80;72,46;82,76;nan;nan;nan;nan;nan;nan
deberta-base;AVG-NS_AVGL6L;AVG-NS;AVGL6L;torch.Size([768]);85,03;86,73;94,34;90,10;92,09;90,20;74,49;87,57;nan;nan;nan;nan;nan;nan
deberta-base;SUM-NS_AVGL6L;SUM-NS;AVGL6L;torch.Size([768]);86,46;88,50;94,84;90,25;92,09;95,60;68,29;88,00;nan;nan;nan;nan;nan;nan
deberta-base;MAX-NS_AVGL6L;MAX-NS;AVGL6L;torch.Size([768]);82,55;67,23;92,30;89,27;89,68;87,00;72,35;82,91;nan;nan;nan;nan;nan;nan
deberta-base;CLS+AVG_AVGL6L;CLS+AVG;AVGL6L;torch.Size([1536]);84,78;87,63;93,89;89,72;92,42;92,00;73,86;87,76;nan;nan;nan;nan;nan;nan
deberta-base;CLS+SUM_AVGL6L;CLS+SUM;AVGL6L;torch.Size([1536]);87,27;89,24;95,30;89,76;92,20;96,00;69,22;88,43;nan;nan;nan;nan;nan;nan
deberta-base;CLS+MAX_AVGL6L;CLS+MAX;AVGL6L;torch.Size([1536]);82,97;78,07;91,66;89,00;88,41;87,60;72,06;84,25;nan;nan;nan;nan;nan;nan
deberta-base;CLS+AVG-NS_AVGL6L;CLS+AVG-NS;AVGL6L;torch.Size([1536]);84,83;87,79;93,68;90,02;92,37;91,60;75,65;87,99;nan;nan;nan;nan;nan;nan
deberta-base;CLS+SUM-NS_AVGL6L;CLS+SUM-NS;AVGL6L;torch.Size([1536]);87,23;89,80;95,35;89,98;91,82;96,00;69,39;88,51;nan;nan;nan;nan;nan;nan
deberta-base;CLS+MAX-NS_AVGL6L;CLS+MAX-NS;AVGL6L;torch.Size([1536]);82,97;78,12;91,67;88,75;88,58;87,80;72,06;84,28;nan;nan;nan;nan;nan;nan
deberta-base;CLS+AVG+AVG-NS_AVGL6L;CLS+AVG+AVG-NS;AVGL6L;torch.Size([2304]);86,26;88,74;94,82;90,52;92,31;94,60;74,84;88,87;nan;nan;nan;nan;nan;nan
deberta-base;CLS+AVG+SUM-NS_AVGL6L;CLS+AVG+SUM-NS;AVGL6L;torch.Size([2304]);87,54;89,91;95,76;90,13;91,98;96,00;71,36;88,95;nan;nan;nan;nan;nan;nan
deberta-base;CLS+AVG+MAX-NS_AVGL6L;CLS+AVG+MAX-NS;AVGL6L;torch.Size([2304]);85,78;88,74;94,29;90,28;92,42;94,00;75,59;88,73;nan;nan;nan;nan;nan;nan
deberta-base;CLS+SUM+AVG-NS_AVGL6L;CLS+SUM+AVG-NS;AVGL6L;torch.Size([2304]);87,14;89,67;95,82;90,27;92,37;96,20;73,22;89,24;nan;nan;nan;nan;nan;nan
deberta-base;CLS+SUM+SUM-NS_AVGL6L;CLS+SUM+SUM-NS;AVGL6L;torch.Size([2304]);86,86;88,93;94,98;89,95;91,98;95,80;73,33;88,83;nan;nan;nan;nan;nan;nan
deberta-base;CLS+SUM+MAX-NS_AVGL6L;CLS+SUM+MAX-NS;AVGL6L;torch.Size([2304]);86,81;89,88;96,06;90,06;92,64;96,20;69,86;88,79;nan;nan;nan;nan;nan;nan
deberta-base;CLS+MAX+AVG-NS_AVGL6L;CLS+MAX+AVG-NS;AVGL6L;torch.Size([2304]);85,84;88,40;94,33;90,22;92,09;93,40;72,81;88,16;nan;nan;nan;nan;nan;nan
deberta-base;CLS+MAX+SUM-NS_AVGL6L;CLS+MAX+SUM-NS;AVGL6L;torch.Size([2304]);87,01;89,72;95,54;90,09;92,26;96,00;66,90;88,22;nan;nan;nan;nan;nan;nan
deberta-base;CLS+MAX+MAX-NS_AVGL6L;CLS+MAX+MAX-NS;AVGL6L;torch.Size([2304]);83,07;78,60;92,74;89,22;90,17;93,60;73,91;85,90;nan;nan;nan;nan;nan;nan
deberta-base;CLS_SUML4BL;CLS;SUML4BL;torch.Size([768]);75,45;63,76;84,01;70,75;84,18;42,20;65,86;69,46;nan;nan;nan;nan;nan;nan
deberta-base;AVG_SUML4BL;AVG;SUML4BL;torch.Size([768]);87,45;89,54;94,63;90,18;92,59;94,80;75,30;89,21;nan;nan;nan;nan;nan;nan
deberta-base;SUM_SUML4BL;SUM;SUML4BL;torch.Size([768]);83,55;88,18;93,88;89,01;92,26;95,40;67,01;87,04;nan;nan;nan;nan;nan;nan
deberta-base;MAX_SUML4BL;MAX;SUML4BL;torch.Size([768]);83,90;82,01;92,77;89,43;90,55;91,80;63,77;84,89;nan;nan;nan;nan;nan;nan
deberta-base;AVG-NS_SUML4BL;AVG-NS;SUML4BL;torch.Size([768]);87,38;89,56;94,65;90,45;92,53;95,00;75,36;89,28;nan;nan;nan;nan;nan;nan
deberta-base;SUM-NS_SUML4BL;SUM-NS;SUML4BL;torch.Size([768]);83,64;88,21;93,97;89,29;92,26;94,40;66,61;86,91;nan;nan;nan;nan;nan;nan
deberta-base;MAX-NS_SUML4BL;MAX-NS;SUML4BL;torch.Size([768]);83,86;82,28;92,81;89,48;90,66;91,80;63,77;84,95;nan;nan;nan;nan;nan;nan
deberta-base;CLS+AVG_SUML4BL;CLS+AVG;SUML4BL;torch.Size([1536]);87,27;90,52;95,16;90,07;92,86;95,00;75,36;89,46;nan;nan;nan;nan;nan;nan
deberta-base;CLS+SUM_SUML4BL;CLS+SUM;SUML4BL;torch.Size([1536]);84,56;88,90;94,48;89,27;92,20;94,20;64,93;86,93;nan;nan;nan;nan;nan;nan
deberta-base;CLS+MAX_SUML4BL;CLS+MAX;SUML4BL;torch.Size([1536]);83,29;72,26;92,72;89,12;90,01;92,60;67,77;83,97;nan;nan;nan;nan;nan;nan
deberta-base;CLS+AVG-NS_SUML4BL;CLS+AVG-NS;SUML4BL;torch.Size([1536]);87,15;90,57;95,33;90,25;92,15;95,40;75,59;89,49;nan;nan;nan;nan;nan;nan
deberta-base;CLS+SUM-NS_SUML4BL;CLS+SUM-NS;SUML4BL;torch.Size([1536]);84,36;88,80;94,17;89,33;92,15;93,80;67,54;87,16;nan;nan;nan;nan;nan;nan
deberta-base;CLS+MAX-NS_SUML4BL;CLS+MAX-NS;SUML4BL;torch.Size([1536]);83,67;72,24;92,72;89,12;90,23;92,40;67,71;84,01;nan;nan;nan;nan;nan;nan
deberta-base;CLS+AVG+AVG-NS_SUML4BL;CLS+AVG+AVG-NS;SUML4BL;torch.Size([2304]);87,41;90,84;95,41;90,49;92,86;95,60;75,54;89,74;nan;nan;nan;nan;nan;nan
deberta-base;CLS+AVG+SUM-NS_SUML4BL;CLS+AVG+SUM-NS;SUML4BL;torch.Size([2304]);86,21;89,64;94,47;90,36;91,98;95,40;69,51;88,22;nan;nan;nan;nan;nan;nan
deberta-base;CLS+AVG+MAX-NS_SUML4BL;CLS+AVG+MAX-NS;SUML4BL;torch.Size([2304]);86,38;90,23;94,55;90,30;92,37;92,80;74,09;88,67;nan;nan;nan;nan;nan;nan
deberta-base;CLS+SUM+AVG-NS_SUML4BL;CLS+SUM+AVG-NS;SUML4BL;torch.Size([2304]);85,04;89,27;94,48;89,52;91,98;95,80;68,41;87,79;nan;nan;nan;nan;nan;nan
deberta-base;CLS+SUM+SUM-NS_SUML4BL;CLS+SUM+SUM-NS;SUML4BL;torch.Size([2304]);85,02;89,59;94,64;88,99;90,55;95,40;68,99;87,60;nan;nan;nan;nan;nan;nan
deberta-base;CLS+SUM+MAX-NS_SUML4BL;CLS+SUM+MAX-NS;SUML4BL;torch.Size([2304]);85,21;89,32;94,46;89,21;92,31;93,40;71,71;87,95;nan;nan;nan;nan;nan;nan
deberta-base;CLS+MAX+AVG-NS_SUML4BL;CLS+MAX+AVG-NS;SUML4BL;torch.Size([2304]);86,96;89,64;94,81;90,10;92,70;94,80;70,90;88,56;nan;nan;nan;nan;nan;nan
deberta-base;CLS+MAX+SUM-NS_SUML4BL;CLS+MAX+SUM-NS;SUML4BL;torch.Size([2304]);85,87;89,45;94,42;89,97;91,60;95,20;66,03;87,51;nan;nan;nan;nan;nan;nan
deberta-base;CLS+MAX+MAX-NS_SUML4BL;CLS+MAX+MAX-NS;SUML4BL;torch.Size([2304]);83,36;80,74;92,78;89,47;90,44;94,20;69,86;85,84;nan;nan;nan;nan;nan;nan
deberta-base;CLS_AVGL4BL;CLS;AVGL4BL;torch.Size([768]);68,62;63,76;76,25;68,77;81,82;38,60;66,49;66,33;nan;nan;nan;nan;nan;nan
deberta-base;AVG_AVGL4BL;AVG;AVGL4BL;torch.Size([768]);86,15;88,58;94,11;89,56;92,59;91,80;75,25;88,29;nan;nan;nan;nan;nan;nan
deberta-base;SUM_AVGL4BL;SUM;AVGL4BL;torch.Size([768]);86,44;88,87;94,53;89,51;92,31;95,40;68,23;87,90;nan;nan;nan;nan;nan;nan
deberta-base;MAX_AVGL4BL;MAX;AVGL4BL;torch.Size([768]);83,64;81,32;92,47;89,03;90,06;86,40;72,35;85,04;nan;nan;nan;nan;nan;nan
deberta-base;AVG-NS_AVGL4BL;AVG-NS;AVGL4BL;torch.Size([768]);86,28;88,58;94,28;89,86;92,20;91,60;74,84;88,23;nan;nan;nan;nan;nan;nan
deberta-base;SUM-NS_AVGL4BL;SUM-NS;AVGL4BL;torch.Size([768]);86,60;88,11;94,53;89,85;92,31;95,60;69,57;88,08;nan;nan;nan;nan;nan;nan
deberta-base;MAX-NS_AVGL4BL;MAX-NS;AVGL4BL;torch.Size([768]);83,60;81,32;92,40;89,56;90,12;86,40;72,35;85,11;nan;nan;nan;nan;nan;nan
deberta-base;CLS+AVG_AVGL4BL;CLS+AVG;AVGL4BL;torch.Size([1536]);86,37;88,61;94,34;89,83;92,75;92,00;75,59;88,50;nan;nan;nan;nan;nan;nan
deberta-base;CLS+SUM_AVGL4BL;CLS+SUM;AVGL4BL;torch.Size([1536]);86,79;89,80;95,37;89,51;92,31;95,80;67,71;88,18;nan;nan;nan;nan;nan;nan
deberta-base;CLS+MAX_AVGL4BL;CLS+MAX;AVGL4BL;torch.Size([1536]);83,48;79,79;91,59;88,71;89,79;89,00;73,62;85,14;nan;nan;nan;nan;nan;nan
deberta-base;CLS+AVG-NS_AVGL4BL;CLS+AVG-NS;AVGL4BL;torch.Size([1536]);86,54;89,06;94,31;89,84;92,48;92,20;76,00;88,63;nan;nan;nan;nan;nan;nan
deberta-base;CLS+SUM-NS_AVGL4BL;CLS+SUM-NS;AVGL4BL;torch.Size([1536]);86,82;89,72;95,54;89,86;92,15;95,60;67,71;88,20;nan;nan;nan;nan;nan;nan
deberta-base;CLS+MAX-NS_AVGL4BL;CLS+MAX-NS;AVGL4BL;torch.Size([1536]);83,47;79,79;91,59;89,27;89,79;89,00;73,68;85,23;nan;nan;nan;nan;nan;nan
deberta-base;CLS+AVG+AVG-NS_AVGL4BL;CLS+AVG+AVG-NS;AVGL4BL;torch.Size([2304]);87,02;89,25;94,52;90,24;92,81;93,00;76,75;89,08;nan;nan;nan;nan;nan;nan
deberta-base;CLS+AVG+SUM-NS_AVGL4BL;CLS+AVG+SUM-NS;AVGL4BL;torch.Size([2304]);87,44;90,73;95,13;90,29;92,70;95,80;69,28;88,77;nan;nan;nan;nan;nan;nan
deberta-base;CLS+AVG+MAX-NS_AVGL4BL;CLS+AVG+MAX-NS;AVGL4BL;torch.Size([2304]);86,00;88,74;94,18;90,03;92,86;93,80;75,07;88,67;nan;nan;nan;nan;nan;nan
deberta-base;CLS+SUM+AVG-NS_AVGL4BL;CLS+SUM+AVG-NS;AVGL4BL;torch.Size([2304]);87,22;90,41;95,23;90,02;92,64;95,40;72,12;89,01;nan;nan;nan;nan;nan;nan
deberta-base;CLS+SUM+SUM-NS_AVGL4BL;CLS+SUM+SUM-NS;AVGL4BL;torch.Size([2304]);86,94;90,33;95,11;89,76;91,87;96,00;66,84;88,12;nan;nan;nan;nan;nan;nan
deberta-base;CLS+SUM+MAX-NS_AVGL4BL;CLS+SUM+MAX-NS;AVGL4BL;torch.Size([2304]);87,05;90,47;95,23;90,15;92,31;94,40;72,23;88,83;nan;nan;nan;nan;nan;nan
deberta-base;CLS+MAX+AVG-NS_AVGL4BL;CLS+MAX+AVG-NS;AVGL4BL;torch.Size([2304]);85,90;89,22;94,22;90,09;92,81;94,80;73,86;88,70;nan;nan;nan;nan;nan;nan
deberta-base;CLS+MAX+SUM-NS_AVGL4BL;CLS+MAX+SUM-NS;AVGL4BL;torch.Size([2304]);87,20;90,81;94,90;90,06;92,26;96,00;67,94;88,45;nan;nan;nan;nan;nan;nan
deberta-base;CLS+MAX+MAX-NS_AVGL4BL;CLS+MAX+MAX-NS;AVGL4BL;torch.Size([2304]);84,07;79,63;92,59;89,37;90,83;93,20;73,97;86,24;nan;nan;nan;nan;nan;nan
PromptEOL (Lllama2-7B);llm;nan;nan;nan;90,63;92,87;96,32;91,19;95,00;95,40;75,19;90,94;decoder-only;not;not;Token Prepending: A Training-Free Approach for Eliciting Better Sentence Embeddings from LLMs;https://arxiv.org/pdf/2412.11556;2024,00
PromptEOL + TP (Ours) (Lllama2-7B);llm;nan;nan;nan;90,90;93,35;96,58;91,51;95,50;96,00;76,12;91,42;decoder-only;not;not;Token Prepending: A Training-Free Approach for Eliciting Better Sentence Embeddings from LLMs;https://arxiv.org/pdf/2412.11556;2024,00
Pretended CoT (Lllama2-7B);llm;nan;nan;nan;90,10;92,24;96,32;91,54;95,11;94,20;75,77;90,75;decoder-only;not;not;Token Prepending: A Training-Free Approach for Eliciting Better Sentence Embeddings from LLMs;https://arxiv.org/pdf/2412.11556;2024,00
Pretended CoT + TP (Ours) (Lllama2-7B);llm;nan;nan;nan;90,45;92,61;96,52;91,59;95,77;96,00;76,81;91,39;decoder-only;not;not;Token Prepending: A Training-Free Approach for Eliciting Better Sentence Embeddings from LLMs;https://arxiv.org/pdf/2412.11556;2024,00
Knowledge (Lllama2-7B);llm;nan;nan;nan;89,84;93,03;96,21;91,54;94,78;97,20;73,91;90,93;decoder-only;not;not;Token Prepending: A Training-Free Approach for Eliciting Better Sentence Embeddings from LLMs;https://arxiv.org/pdf/2412.11556;2024,00
Knowledge + TP (Ours) (Lllama2-7B);llm;nan;nan;nan;90,39;93,32;96,31;91,56;94,51;97,60;76,06;91,39;decoder-only;not;not;Token Prepending: A Training-Free Approach for Eliciting Better Sentence Embeddings from LLMs;https://arxiv.org/pdf/2412.11556;2024,00
CLTC-RoBERTa=Base;nan;nan;nan;nan;86,86;92,35;94,31;89,91;91,36;87,73;77,14;88,52;nan;5;12;Contrastive Learning with Transformer Initialization and Clustering Prior for Text Representation;https://pdf.sciencedirectassets.com/272229/1-s2.0-S1568494624X00150/1-s2.0-S1568494624009360/main.pdf?X-Amz-Security-Token=IQoJb3JpZ2luX2VjEHYaCXVzLWVhc3QtMSJGMEQCIEt6YbTt65ukKfTD3bu0kD705kuMYotz8gH0y7JjH8PJAiAEr557NOLDnxNIr7FcHO9eFgXM99FsYPWXZ07TG7bc5yqzBQhfEAUaDDA1OTAwMzU0Njg2NSIMDxZIcdb6ZQ%2FZeUVkKpAF8MiOfNC9fUorVMiLkFp5l7ZbqlXZiS%2BFLNIV8TA0Hw%2FezqUgN1LqtHhjjrOZcARLECIAVv8LKA955vX%2BMSRK564pOJSF6%2FNkQOSEpiODriMyex2RUubgBahKySP%2BOKrBkZWrIm7cRqVBArRPrjgUJNZiOrzdjyxzs6hIfF3PApo8egsTnEvwIGZdfVHvOGgFZFnovHjMGXn%2BI%2FR8rnpxDXt7yk2V7OncGyRt%2F5lY%2F02yAO%2F1%2FqT5JGT5abPaw3NzUUTIBi9IXH5G4%2FFc2XyjvZaXS%2BpuF9EBC90xtWNssoOda%2FbNDjDp8m6jfGDv%2B3bwlKDHO4WS8zBv9JOpVEI9nsb3OuUjsKs%2BzVN1kxdcx6koalu2N81BXL6YATMbJ6LldHsxxIbwPN9Tpg8Tyxl0GCSRI12KZaUlaglbMg1lbnzUmaC4OXz3vPwModQvO0RSHaYblAOeyEkJXQpwNWdvXePBmqzmn5VnvOjkQmg7iOMPMWx9IklvvLg%2FtPcFqBFxTnS83NmlLUjnrZlcWQbR9sT9hWCm343bzs4fYqychxpcipDO2%2BYnX4S22lqCnB2bafcV9G9dd0SIQp0eHiHoMsDulmh%2F2LwaI4wI1kypZX7uARysVCx%2BjTLxcpX157ZnNtK601Dh%2BxH6IEimg2HgfkzHebxHubblBJf%2FaAy78tE41BaQP0KV1TRxDwuLfCkeqsfySigjx0u1hwYwT7J1p8oPyHTWsI%2Bj9s083MLd9y7mF6hRfQcVWJus%2BPiZ3F5s82OYNCvzgYYEiEj8MZJvVGVolqYX7fm60kHzoE1v7MODTSxctuWn2uS%2Bq5zvX1T2aJPm0%2BVW5ZUy4dlZNpiIJh%2FU1AHU75wfHjCdQINPMl0w1db0uwY6sgHbneRk1rzfYHRZEcTXvk6r0WEH1D7vicj8DUliYsMz0KiXCjctd8NBTt3QKWXuRg8ezpsjNnpaTc2rdPRBOFbBGZiC9C27fPQfFX3bIQOtHg22S1OlS7xnXzl8L2zLDjGWpQ2rQLxZlKvTKOetrCJ0bAmaUQZ%2F1SOddJy82PQQGkXuGuv8BGcX8haCOdN%2F7KFhvLq259B4IMDFV%2FFtDdTZ%2FDQx1HDeckxR2b1zo8Ua9oYc&X-Amz-Algorithm=AWS4-HMAC-SHA256&X-Amz-Date=20250107T144844Z&X-Amz-SignedHeaders=host&X-Amz-Expires=300&X-Amz-Credential=ASIAQ3PHCVTY4XBHDU5E%2F20250107%2Fus-east-1%2Fs3%2Faws4_request&X-Amz-Signature=edbb9cc3d813369400ff81cf591617d36a2787afdd3f1d062323cb75e99a6b6c&hash=a2bd9cf96d3f2baca4513b6ba642468ef90722c23b27e7d838f6c66226b25901&host=68042c943591013ac2b2430a89b270f6af2c76d8dfd086a07176afe7c76c2c61&pii=S1568494624009360&tid=spdf-e9c0dabd-56d1-4ed8-8469-ed407edb6140&sid=ccaa471015b9c34b2c9a85b4f70dd3a96a3agxrqa&type=client&tsoh=d3d3LnNjaWVuY2VkaXJlY3QuY29t&ua=04125e0203560c555202&rr=8fe4c01a9abe6d42&cc=br;2024,00
CLTC-BERT=Base;nan;nan;nan;nan;83,75;89,88;95,11;88,29;88,36;89,99;74,63;87,14;nan;5;12;Contrastive Learning with Transformer Initialization and Clustering Prior for Text Representation;https://pdf.sciencedirectassets.com/272229/1-s2.0-S1568494624X00150/1-s2.0-S1568494624009360/main.pdf?X-Amz-Security-Token=IQoJb3JpZ2luX2VjEHYaCXVzLWVhc3QtMSJGMEQCIEt6YbTt65ukKfTD3bu0kD705kuMYotz8gH0y7JjH8PJAiAEr557NOLDnxNIr7FcHO9eFgXM99FsYPWXZ07TG7bc5yqzBQhfEAUaDDA1OTAwMzU0Njg2NSIMDxZIcdb6ZQ%2FZeUVkKpAF8MiOfNC9fUorVMiLkFp5l7ZbqlXZiS%2BFLNIV8TA0Hw%2FezqUgN1LqtHhjjrOZcARLECIAVv8LKA955vX%2BMSRK564pOJSF6%2FNkQOSEpiODriMyex2RUubgBahKySP%2BOKrBkZWrIm7cRqVBArRPrjgUJNZiOrzdjyxzs6hIfF3PApo8egsTnEvwIGZdfVHvOGgFZFnovHjMGXn%2BI%2FR8rnpxDXt7yk2V7OncGyRt%2F5lY%2F02yAO%2F1%2FqT5JGT5abPaw3NzUUTIBi9IXH5G4%2FFc2XyjvZaXS%2BpuF9EBC90xtWNssoOda%2FbNDjDp8m6jfGDv%2B3bwlKDHO4WS8zBv9JOpVEI9nsb3OuUjsKs%2BzVN1kxdcx6koalu2N81BXL6YATMbJ6LldHsxxIbwPN9Tpg8Tyxl0GCSRI12KZaUlaglbMg1lbnzUmaC4OXz3vPwModQvO0RSHaYblAOeyEkJXQpwNWdvXePBmqzmn5VnvOjkQmg7iOMPMWx9IklvvLg%2FtPcFqBFxTnS83NmlLUjnrZlcWQbR9sT9hWCm343bzs4fYqychxpcipDO2%2BYnX4S22lqCnB2bafcV9G9dd0SIQp0eHiHoMsDulmh%2F2LwaI4wI1kypZX7uARysVCx%2BjTLxcpX157ZnNtK601Dh%2BxH6IEimg2HgfkzHebxHubblBJf%2FaAy78tE41BaQP0KV1TRxDwuLfCkeqsfySigjx0u1hwYwT7J1p8oPyHTWsI%2Bj9s083MLd9y7mF6hRfQcVWJus%2BPiZ3F5s82OYNCvzgYYEiEj8MZJvVGVolqYX7fm60kHzoE1v7MODTSxctuWn2uS%2Bq5zvX1T2aJPm0%2BVW5ZUy4dlZNpiIJh%2FU1AHU75wfHjCdQINPMl0w1db0uwY6sgHbneRk1rzfYHRZEcTXvk6r0WEH1D7vicj8DUliYsMz0KiXCjctd8NBTt3QKWXuRg8ezpsjNnpaTc2rdPRBOFbBGZiC9C27fPQfFX3bIQOtHg22S1OlS7xnXzl8L2zLDjGWpQ2rQLxZlKvTKOetrCJ0bAmaUQZ%2F1SOddJy82PQQGkXuGuv8BGcX8haCOdN%2F7KFhvLq259B4IMDFV%2FFtDdTZ%2FDQx1HDeckxR2b1zo8Ua9oYc&X-Amz-Algorithm=AWS4-HMAC-SHA256&X-Amz-Date=20250107T144844Z&X-Amz-SignedHeaders=host&X-Amz-Expires=300&X-Amz-Credential=ASIAQ3PHCVTY4XBHDU5E%2F20250107%2Fus-east-1%2Fs3%2Faws4_request&X-Amz-Signature=edbb9cc3d813369400ff81cf591617d36a2787afdd3f1d062323cb75e99a6b6c&hash=a2bd9cf96d3f2baca4513b6ba642468ef90722c23b27e7d838f6c66226b25901&host=68042c943591013ac2b2430a89b270f6af2c76d8dfd086a07176afe7c76c2c61&pii=S1568494624009360&tid=spdf-e9c0dabd-56d1-4ed8-8469-ed407edb6140&sid=ccaa471015b9c34b2c9a85b4f70dd3a96a3agxrqa&type=client&tsoh=d3d3LnNjaWVuY2VkaXJlY3QuY29t&ua=04125e0203560c555202&rr=8fe4c01a9abe6d42&cc=br;2024,00
CLTC-RoBERTa=Base;nan;nan;nan;nan;83,44;88,87;95,32;87,84;89,38;83,98;74,66;86,21;nan;1;12;Contrastive Learning with Transformer Initialization and Clustering Prior for Text Representation;https://pdf.sciencedirectassets.com/272229/1-s2.0-S1568494624X00150/1-s2.0-S1568494624009360/main.pdf?X-Amz-Security-Token=IQoJb3JpZ2luX2VjEHYaCXVzLWVhc3QtMSJGMEQCIEt6YbTt65ukKfTD3bu0kD705kuMYotz8gH0y7JjH8PJAiAEr557NOLDnxNIr7FcHO9eFgXM99FsYPWXZ07TG7bc5yqzBQhfEAUaDDA1OTAwMzU0Njg2NSIMDxZIcdb6ZQ%2FZeUVkKpAF8MiOfNC9fUorVMiLkFp5l7ZbqlXZiS%2BFLNIV8TA0Hw%2FezqUgN1LqtHhjjrOZcARLECIAVv8LKA955vX%2BMSRK564pOJSF6%2FNkQOSEpiODriMyex2RUubgBahKySP%2BOKrBkZWrIm7cRqVBArRPrjgUJNZiOrzdjyxzs6hIfF3PApo8egsTnEvwIGZdfVHvOGgFZFnovHjMGXn%2BI%2FR8rnpxDXt7yk2V7OncGyRt%2F5lY%2F02yAO%2F1%2FqT5JGT5abPaw3NzUUTIBi9IXH5G4%2FFc2XyjvZaXS%2BpuF9EBC90xtWNssoOda%2FbNDjDp8m6jfGDv%2B3bwlKDHO4WS8zBv9JOpVEI9nsb3OuUjsKs%2BzVN1kxdcx6koalu2N81BXL6YATMbJ6LldHsxxIbwPN9Tpg8Tyxl0GCSRI12KZaUlaglbMg1lbnzUmaC4OXz3vPwModQvO0RSHaYblAOeyEkJXQpwNWdvXePBmqzmn5VnvOjkQmg7iOMPMWx9IklvvLg%2FtPcFqBFxTnS83NmlLUjnrZlcWQbR9sT9hWCm343bzs4fYqychxpcipDO2%2BYnX4S22lqCnB2bafcV9G9dd0SIQp0eHiHoMsDulmh%2F2LwaI4wI1kypZX7uARysVCx%2BjTLxcpX157ZnNtK601Dh%2BxH6IEimg2HgfkzHebxHubblBJf%2FaAy78tE41BaQP0KV1TRxDwuLfCkeqsfySigjx0u1hwYwT7J1p8oPyHTWsI%2Bj9s083MLd9y7mF6hRfQcVWJus%2BPiZ3F5s82OYNCvzgYYEiEj8MZJvVGVolqYX7fm60kHzoE1v7MODTSxctuWn2uS%2Bq5zvX1T2aJPm0%2BVW5ZUy4dlZNpiIJh%2FU1AHU75wfHjCdQINPMl0w1db0uwY6sgHbneRk1rzfYHRZEcTXvk6r0WEH1D7vicj8DUliYsMz0KiXCjctd8NBTt3QKWXuRg8ezpsjNnpaTc2rdPRBOFbBGZiC9C27fPQfFX3bIQOtHg22S1OlS7xnXzl8L2zLDjGWpQ2rQLxZlKvTKOetrCJ0bAmaUQZ%2F1SOddJy82PQQGkXuGuv8BGcX8haCOdN%2F7KFhvLq259B4IMDFV%2FFtDdTZ%2FDQx1HDeckxR2b1zo8Ua9oYc&X-Amz-Algorithm=AWS4-HMAC-SHA256&X-Amz-Date=20250107T144844Z&X-Amz-SignedHeaders=host&X-Amz-Expires=300&X-Amz-Credential=ASIAQ3PHCVTY4XBHDU5E%2F20250107%2Fus-east-1%2Fs3%2Faws4_request&X-Amz-Signature=edbb9cc3d813369400ff81cf591617d36a2787afdd3f1d062323cb75e99a6b6c&hash=a2bd9cf96d3f2baca4513b6ba642468ef90722c23b27e7d838f6c66226b25901&host=68042c943591013ac2b2430a89b270f6af2c76d8dfd086a07176afe7c76c2c61&pii=S1568494624009360&tid=spdf-e9c0dabd-56d1-4ed8-8469-ed407edb6140&sid=ccaa471015b9c34b2c9a85b4f70dd3a96a3agxrqa&type=client&tsoh=d3d3LnNjaWVuY2VkaXJlY3QuY29t&ua=04125e0203560c555202&rr=8fe4c01a9abe6d42&cc=br;2024,00
CLTC-BERT=Base;nan;nan;nan;nan;81,52;86,61;95,17;89,95;87,16;83,06;76,63;85,73;nan;1;12;Contrastive Learning with Transformer Initialization and Clustering Prior for Text Representation;https://pdf.sciencedirectassets.com/272229/1-s2.0-S1568494624X00150/1-s2.0-S1568494624009360/main.pdf?X-Amz-Security-Token=IQoJb3JpZ2luX2VjEHYaCXVzLWVhc3QtMSJGMEQCIEt6YbTt65ukKfTD3bu0kD705kuMYotz8gH0y7JjH8PJAiAEr557NOLDnxNIr7FcHO9eFgXM99FsYPWXZ07TG7bc5yqzBQhfEAUaDDA1OTAwMzU0Njg2NSIMDxZIcdb6ZQ%2FZeUVkKpAF8MiOfNC9fUorVMiLkFp5l7ZbqlXZiS%2BFLNIV8TA0Hw%2FezqUgN1LqtHhjjrOZcARLECIAVv8LKA955vX%2BMSRK564pOJSF6%2FNkQOSEpiODriMyex2RUubgBahKySP%2BOKrBkZWrIm7cRqVBArRPrjgUJNZiOrzdjyxzs6hIfF3PApo8egsTnEvwIGZdfVHvOGgFZFnovHjMGXn%2BI%2FR8rnpxDXt7yk2V7OncGyRt%2F5lY%2F02yAO%2F1%2FqT5JGT5abPaw3NzUUTIBi9IXH5G4%2FFc2XyjvZaXS%2BpuF9EBC90xtWNssoOda%2FbNDjDp8m6jfGDv%2B3bwlKDHO4WS8zBv9JOpVEI9nsb3OuUjsKs%2BzVN1kxdcx6koalu2N81BXL6YATMbJ6LldHsxxIbwPN9Tpg8Tyxl0GCSRI12KZaUlaglbMg1lbnzUmaC4OXz3vPwModQvO0RSHaYblAOeyEkJXQpwNWdvXePBmqzmn5VnvOjkQmg7iOMPMWx9IklvvLg%2FtPcFqBFxTnS83NmlLUjnrZlcWQbR9sT9hWCm343bzs4fYqychxpcipDO2%2BYnX4S22lqCnB2bafcV9G9dd0SIQp0eHiHoMsDulmh%2F2LwaI4wI1kypZX7uARysVCx%2BjTLxcpX157ZnNtK601Dh%2BxH6IEimg2HgfkzHebxHubblBJf%2FaAy78tE41BaQP0KV1TRxDwuLfCkeqsfySigjx0u1hwYwT7J1p8oPyHTWsI%2Bj9s083MLd9y7mF6hRfQcVWJus%2BPiZ3F5s82OYNCvzgYYEiEj8MZJvVGVolqYX7fm60kHzoE1v7MODTSxctuWn2uS%2Bq5zvX1T2aJPm0%2BVW5ZUy4dlZNpiIJh%2FU1AHU75wfHjCdQINPMl0w1db0uwY6sgHbneRk1rzfYHRZEcTXvk6r0WEH1D7vicj8DUliYsMz0KiXCjctd8NBTt3QKWXuRg8ezpsjNnpaTc2rdPRBOFbBGZiC9C27fPQfFX3bIQOtHg22S1OlS7xnXzl8L2zLDjGWpQ2rQLxZlKvTKOetrCJ0bAmaUQZ%2F1SOddJy82PQQGkXuGuv8BGcX8haCOdN%2F7KFhvLq259B4IMDFV%2FFtDdTZ%2FDQx1HDeckxR2b1zo8Ua9oYc&X-Amz-Algorithm=AWS4-HMAC-SHA256&X-Amz-Date=20250107T144844Z&X-Amz-SignedHeaders=host&X-Amz-Expires=300&X-Amz-Credential=ASIAQ3PHCVTY4XBHDU5E%2F20250107%2Fus-east-1%2Fs3%2Faws4_request&X-Amz-Signature=edbb9cc3d813369400ff81cf591617d36a2787afdd3f1d062323cb75e99a6b6c&hash=a2bd9cf96d3f2baca4513b6ba642468ef90722c23b27e7d838f6c66226b25901&host=68042c943591013ac2b2430a89b270f6af2c76d8dfd086a07176afe7c76c2c61&pii=S1568494624009360&tid=spdf-e9c0dabd-56d1-4ed8-8469-ed407edb6140&sid=ccaa471015b9c34b2c9a85b4f70dd3a96a3agxrqa&type=client&tsoh=d3d3LnNjaWVuY2VkaXJlY3QuY29t&ua=04125e0203560c555202&rr=8fe4c01a9abe6d42&cc=br;2024,00
HNCSE-PM (bert-base);cls;nan;nan;nan;81,94;86,99;95,20;89,77;86,81;85,31;75,49;85,93;encoder-only;1;12;HNCSE: Advancing Sentence Embeddings via Hybrid Contrastive Learning with Hard Negatives;https://arxiv.org/pdf/2411.12156;2024,00
HNCSE-HNM (bert-base);cls;nan;nan;nan;81,64;86,84;95,11;89,66;86,81;83,90;75,91;85,70;encoder-only;1;12;HNCSE: Advancing Sentence Embeddings via Hybrid Contrastive Learning with Hard Negatives;https://arxiv.org/pdf/2411.12156;2024,00
WordFS-P-woP-150D;mean;nan;nan;nan;73,09;74,86;89,86;86,24;76,22;65,40;71,01;76,67;w2v;1;1;Efficient Feature Selection for Word Embedding Dimension Reduction;http://www.apsipa2024.org/files/papers/82.pdf;2024,00
WordFS-P-wP-150D;mean;nan;nan;nan;74,03;76,00;89,20;86,24;76,50;65,20;70,38;76,69;w2v;1;1;Efficient Feature Selection for Word Embedding Dimension Reduction;http://www.apsipa2024.org/files/papers/82.pdf;2024,00
WordFS-P-woP-100D;mean;nan;nan;nan;72,24;73,96;88,62;85,26;73,97;62,00;71,42;75,35;w2v;1;1;Efficient Feature Selection for Word Embedding Dimension Reduction;http://www.apsipa2024.org/files/papers/82.pdf;2024,00
WordFS-P-wP-100D;mean;nan;nan;nan;72,68;75,42;88,25;85,50;76,94;64,40;71,59;76,40;w2v;1;1;Efficient Feature Selection for Word Embedding Dimension Reduction;http://www.apsipa2024.org/files/papers/82.pdf;2024,00
WordFS-P-woP-50D;mean;nan;nan;nan;68,54;70,54;85,51;81,35;69,85;56,20;71,65;71,95;w2v;1;1;Efficient Feature Selection for Word Embedding Dimension Reduction;http://www.apsipa2024.org/files/papers/82.pdf;2024,00
WordFS-P-wP-50D;mean;nan;nan;nan;69,96;71,05;84,25;83,29;72,10;56,60;71,30;72,65;w2v;1;1;Efficient Feature Selection for Word Embedding Dimension Reduction;http://www.apsipa2024.org/files/papers/82.pdf;2024,00
