Modelo,Pooling,AGG,LAYER,out_vec_size,MR,CR,SUBJ,MPQA,SST2,TREC,MRPC,Avg
bert-base,CLS_LYR-7,CLS,LYR-7,torch.Size([768]),73.59,73.17,93.29,86.36,81.93,77.8,69.33,79.35285714285715
bert-base,AVG_LYR-7,AVG,LYR-7,torch.Size([768]),77.87,80.45,94.13,87.94,83.36,91.0,74.61,84.19428571428571
bert-base,SUM_LYR-7,SUM,LYR-7,torch.Size([768]),74.82,79.76,92.72,87.57,83.25,89.8,64.7,81.80285714285715
bert-base,MAX_LYR-7,MAX,LYR-7,torch.Size([768]),72.92,68.77,91.33,86.98,79.68,86.6,67.77,79.14999999999999
bert-base,AVG-NS_LYR-7,AVG-NS,LYR-7,torch.Size([768]),77.86,80.93,93.83,88.51,83.03,91.0,73.8,84.13714285714285
bert-base,SUM-NS_LYR-7,SUM-NS,LYR-7,torch.Size([768]),75.87,79.63,92.55,87.33,83.03,89.8,64.06,81.75285714285714
bert-base,MAX-NS_LYR-7,MAX-NS,LYR-7,torch.Size([768]),72.84,72.08,91.15,87.44,80.12,86.6,67.94,79.73857142857143
bert-base,CLS+AVG_LYR-7,CLS+AVG,LYR-7,torch.Size([1536]),78.61,79.39,94.45,88.78,83.91,91.2,74.84,84.45428571428572
bert-base,CLS+SUM_LYR-7,CLS+SUM,LYR-7,torch.Size([1536]),76.08,79.79,92.94,88.36,83.42,91.4,67.88,82.83857142857143
bert-base,CLS+MAX_LYR-7,CLS+MAX,LYR-7,torch.Size([1536]),76.39,77.17,93.16,87.95,83.25,92.4,69.74,82.86571428571429
bert-base,CLS+AVG-NS_LYR-7,CLS+AVG-NS,LYR-7,torch.Size([1536]),78.99,80.05,94.37,89.0,85.28,91.0,74.26,84.70714285714284
bert-base,CLS+SUM-NS_LYR-7,CLS+SUM-NS,LYR-7,torch.Size([1536]),75.03,79.68,93.01,88.44,82.65,91.0,68.75,82.65142857142858
bert-base,CLS+MAX-NS_LYR-7,CLS+MAX-NS,LYR-7,torch.Size([1536]),76.34,77.14,93.06,88.48,83.14,91.2,69.91,82.75285714285714
bert-base,DY3_LYR-7,DY3,LYR-7,torch.Size([2304]),79.15,81.16,94.58,89.03,80.72,91.8,68.29,83.53285714285713
bert-base,DY3-NS_LYR-7,DY3-NS,LYR-7,torch.Size([2304]),78.68,80.87,94.5,88.57,80.94,92.0,67.54,83.29999999999998
bert-base,DY5_LYR-7,DY5,LYR-7,torch.Size([3840]),78.2,81.85,94.87,88.53,79.46,91.8,69.16,83.41
bert-base,DY5-NS_LYR-7,DY5-NS,LYR-7,torch.Size([3840]),78.37,81.09,94.52,68.77,50.08,93.6,64.35,75.82571428571428
bert-base,CLS_LYR-8,CLS,LYR-8,torch.Size([768]),76.14,73.69,93.13,86.97,83.36,78.0,69.51,80.11428571428571
bert-base,AVG_LYR-8,AVG,LYR-8,torch.Size([768]),79.95,82.65,94.17,88.43,84.95,92.0,74.14,85.18428571428572
bert-base,SUM_LYR-8,SUM,LYR-8,torch.Size([768]),77.15,81.54,93.51,87.82,83.42,89.8,61.1,82.04857142857144
bert-base,MAX_LYR-8,MAX,LYR-8,torch.Size([768]),74.49,73.4,91.67,87.24,80.83,87.4,70.96,80.85571428571428
bert-base,AVG-NS_LYR-8,AVG-NS,LYR-8,torch.Size([768]),79.74,82.65,94.16,88.79,84.73,91.8,74.26,85.16142857142857
bert-base,SUM-NS_LYR-8,SUM-NS,LYR-8,torch.Size([768]),76.8,81.56,93.44,87.55,83.2,90.0,64.0,82.36428571428571
bert-base,MAX-NS_LYR-8,MAX-NS,LYR-8,torch.Size([768]),74.97,76.05,91.73,87.15,81.6,89.6,69.51,81.51571428571428
bert-base,CLS+AVG_LYR-8,CLS+AVG,LYR-8,torch.Size([1536]),80.08,81.91,94.25,88.95,85.5,91.2,75.36,85.32142857142857
bert-base,CLS+SUM_LYR-8,CLS+SUM,LYR-8,torch.Size([1536]),76.75,82.28,93.57,88.05,84.95,91.8,61.62,82.71714285714286
bert-base,CLS+MAX_LYR-8,CLS+MAX,LYR-8,torch.Size([1536]),78.09,78.22,93.52,87.95,85.72,92.2,71.01,83.8157142857143
bert-base,CLS+AVG-NS_LYR-8,CLS+AVG-NS,LYR-8,torch.Size([1536]),80.39,82.59,94.34,89.22,86.33,91.4,74.78,85.57857142857144
bert-base,CLS+SUM-NS_LYR-8,CLS+SUM-NS,LYR-8,torch.Size([1536]),77.15,82.33,93.6,88.21,84.35,91.4,61.57,82.65857142857143
bert-base,CLS+MAX-NS_LYR-8,CLS+MAX-NS,LYR-8,torch.Size([1536]),77.99,78.75,93.62,88.47,85.61,92.0,70.9,83.9057142857143
bert-base,DY3_LYR-8,DY3,LYR-8,torch.Size([2304]),80.38,83.58,94.54,89.39,81.11,92.2,68.99,84.31285714285715
bert-base,DY3-NS_LYR-8,DY3-NS,LYR-8,torch.Size([2304]),79.78,83.97,94.63,89.02,82.1,91.8,67.71,84.14428571428572
bert-base,DY5_LYR-8,DY5,LYR-8,torch.Size([3840]),80.55,83.23,94.68,88.85,81.44,93.8,68.75,84.47142857142858
bert-base,DY5-NS_LYR-8,DY5-NS,LYR-8,torch.Size([3840]),79.76,84.4,94.78,68.77,50.08,94.4,66.49,76.95428571428572
bert-base,CLS_LYR-9,CLS,LYR-9,torch.Size([768]),79.33,81.17,93.98,87.32,84.29,82.0,71.36,82.77857142857144
bert-base,AVG_LYR-9,AVG,LYR-9,torch.Size([768]),80.64,85.17,94.04,88.18,85.34,90.4,73.74,85.35857142857142
bert-base,SUM_LYR-9,SUM,LYR-9,torch.Size([768]),79.44,83.6,93.34,87.08,85.83,92.2,67.19,84.09714285714287
bert-base,MAX_LYR-9,MAX,LYR-9,torch.Size([768]),77.52,77.99,92.1,86.85,82.65,89.8,72.12,82.71857142857142
bert-base,AVG-NS_LYR-9,AVG-NS,LYR-9,torch.Size([768]),80.76,85.27,94.13,87.82,85.45,90.0,74.26,85.38428571428571
bert-base,SUM-NS_LYR-9,SUM-NS,LYR-9,torch.Size([768]),78.95,83.37,93.46,87.25,85.34,91.8,67.07,83.89142857142858
bert-base,MAX-NS_LYR-9,MAX-NS,LYR-9,torch.Size([768]),77.53,78.3,92.39,86.69,82.7,90.4,70.78,82.6842857142857
bert-base,CLS+AVG_LYR-9,CLS+AVG,LYR-9,torch.Size([1536]),81.46,85.38,94.7,88.69,86.93,92.0,74.96,86.30285714285715
bert-base,CLS+SUM_LYR-9,CLS+SUM,LYR-9,torch.Size([1536]),78.0,83.39,93.45,88.24,85.5,91.6,70.61,84.39857142857143
bert-base,CLS+MAX_LYR-9,CLS+MAX,LYR-9,torch.Size([1536]),80.65,81.91,93.91,88.55,86.0,93.0,72.7,85.24571428571429
bert-base,CLS+AVG-NS_LYR-9,CLS+AVG-NS,LYR-9,torch.Size([1536]),81.21,84.29,94.85,88.94,87.37,91.4,74.9,86.13714285714286
bert-base,CLS+SUM-NS_LYR-9,CLS+SUM-NS,LYR-9,torch.Size([1536]),79.16,84.35,93.94,88.1,85.72,91.2,65.04,83.92999999999999
bert-base,CLS+MAX-NS_LYR-9,CLS+MAX-NS,LYR-9,torch.Size([1536]),80.78,82.91,94.38,88.92,86.99,93.2,72.58,85.68000000000002
bert-base,DY3_LYR-9,DY3,LYR-9,torch.Size([2304]),80.9,85.93,94.95,89.19,83.36,92.4,70.43,85.30857142857144
bert-base,DY3-NS_LYR-9,DY3-NS,LYR-9,torch.Size([2304]),81.24,85.61,94.85,88.84,83.25,91.6,70.26,85.09285714285714
bert-base,DY5_LYR-9,DY5,LYR-9,torch.Size([3840]),81.79,86.25,95.1,88.56,83.14,93.8,68.75,85.34142857142857
bert-base,DY5-NS_LYR-9,DY5-NS,LYR-9,torch.Size([3840]),81.62,86.6,95.02,68.77,50.08,93.6,65.68,77.33857142857141
bert-base,CLS_LYR-10,CLS,LYR-10,torch.Size([768]),81.21,82.83,94.1,87.08,86.44,83.8,70.32,83.68285714285715
bert-base,AVG_LYR-10,AVG,LYR-10,torch.Size([768]),80.76,85.27,94.2,88.05,85.94,88.8,74.14,85.30857142857143
bert-base,SUM_LYR-10,SUM,LYR-10,torch.Size([768]),78.22,83.97,93.56,87.51,85.61,90.2,68.29,83.90857142857143
bert-base,MAX_LYR-10,MAX,LYR-10,torch.Size([768]),78.96,78.97,93.17,87.26,84.62,89.0,71.65,83.37571428571428
bert-base,AVG-NS_LYR-10,AVG-NS,LYR-10,torch.Size([768]),80.84,85.06,94.09,87.87,85.72,89.0,73.45,85.14714285714287
bert-base,SUM-NS_LYR-10,SUM-NS,LYR-10,torch.Size([768]),76.95,83.39,93.68,86.58,84.62,90.8,66.96,83.28285714285714
bert-base,MAX-NS_LYR-10,MAX-NS,LYR-10,torch.Size([768]),78.51,79.31,92.89,86.82,84.29,89.4,70.61,83.11857142857143
bert-base,CLS+AVG_LYR-10,CLS+AVG,LYR-10,torch.Size([1536]),82.29,85.64,94.85,88.67,87.31,90.8,75.13,86.38428571428571
bert-base,CLS+SUM_LYR-10,CLS+SUM,LYR-10,torch.Size([1536]),77.92,83.71,93.78,88.27,86.77,89.4,68.23,84.01142857142858
bert-base,CLS+MAX_LYR-10,CLS+MAX,LYR-10,torch.Size([1536]),81.63,85.17,94.4,88.22,86.82,90.4,70.96,85.3714285714286
bert-base,CLS+AVG-NS_LYR-10,CLS+AVG-NS,LYR-10,torch.Size([1536]),82.22,84.85,94.88,89.04,87.26,91.0,75.25,86.35714285714286
bert-base,CLS+SUM-NS_LYR-10,CLS+SUM-NS,LYR-10,torch.Size([1536]),78.51,83.42,93.84,88.45,86.16,89.6,68.64,84.08857142857143
bert-base,CLS+MAX-NS_LYR-10,CLS+MAX-NS,LYR-10,torch.Size([1536]),81.71,83.74,94.61,88.29,87.1,90.6,72.06,85.44428571428573
bert-base,DY3_LYR-10,DY3,LYR-10,torch.Size([2304]),81.47,86.57,94.64,88.89,84.18,91.2,72.06,85.57285714285715
bert-base,DY3-NS_LYR-10,DY3-NS,LYR-10,torch.Size([2304]),81.27,86.78,95.03,88.68,83.96,91.2,70.03,85.27857142857144
bert-base,DY5_LYR-10,DY5,LYR-10,torch.Size([3840]),81.57,86.81,94.94,88.7,84.24,92.4,65.62,84.89714285714285
bert-base,DY5-NS_LYR-10,DY5-NS,LYR-10,torch.Size([3840]),81.77,86.12,95.11,68.77,50.08,93.4,69.28,77.78999999999999
bert-base,CLS_LYR-11,CLS,LYR-11,torch.Size([768]),81.67,84.03,94.55,87.67,87.1,86.0,70.55,84.50999999999999
bert-base,AVG_LYR-11,AVG,LYR-11,torch.Size([768]),80.33,84.93,94.33,88.0,85.06,87.8,73.97,84.91714285714285
bert-base,SUM_LYR-11,SUM,LYR-11,torch.Size([768]),78.06,83.68,93.6,87.11,85.34,90.4,64.46,83.23571428571428
bert-base,MAX_LYR-11,MAX,LYR-11,torch.Size([768]),77.78,79.79,93.33,87.37,83.96,85.6,72.29,82.8742857142857
bert-base,AVG-NS_LYR-11,AVG-NS,LYR-11,torch.Size([768]),80.33,84.69,94.46,87.61,84.84,88.6,73.62,84.87857142857142
bert-base,SUM-NS_LYR-11,SUM-NS,LYR-11,torch.Size([768]),77.4,83.84,93.52,86.68,84.84,90.0,63.71,82.85571428571428
bert-base,MAX-NS_LYR-11,MAX-NS,LYR-11,torch.Size([768]),78.05,80.05,93.43,86.42,83.96,87.8,71.88,83.0842857142857
bert-base,CLS+AVG_LYR-11,CLS+AVG,LYR-11,torch.Size([1536]),82.28,85.03,94.9,88.55,87.48,89.8,73.04,85.86857142857143
bert-base,CLS+SUM_LYR-11,CLS+SUM,LYR-11,torch.Size([1536]),79.05,82.62,93.68,87.49,85.72,92.0,62.61,83.31000000000002
bert-base,CLS+MAX_LYR-11,CLS+MAX,LYR-11,torch.Size([1536]),81.7,83.29,94.78,87.87,86.71,90.2,75.01,85.65142857142857
bert-base,CLS+AVG-NS_LYR-11,CLS+AVG-NS,LYR-11,torch.Size([1536]),82.1,84.98,95.12,88.4,87.42,90.0,73.04,85.86571428571428
bert-base,CLS+SUM-NS_LYR-11,CLS+SUM-NS,LYR-11,torch.Size([1536]),78.77,82.49,93.71,87.64,86.0,92.2,60.06,82.98142857142855
bert-base,CLS+MAX-NS_LYR-11,CLS+MAX-NS,LYR-11,torch.Size([1536]),81.61,83.42,94.89,87.94,86.77,90.2,75.01,85.69142857142857
bert-base,DY3_LYR-11,DY3,LYR-11,torch.Size([2304]),80.93,85.53,95.04,88.55,83.64,92.0,71.54,85.31857142857143
bert-base,DY3-NS_LYR-11,DY3-NS,LYR-11,torch.Size([2304]),81.11,85.99,95.06,88.61,83.75,91.4,70.84,85.25142857142858
bert-base,DY5_LYR-11,DY5,LYR-11,torch.Size([3840]),81.31,86.41,95.1,88.81,83.8,93.0,69.68,85.44428571428573
bert-base,DY5-NS_LYR-11,DY5-NS,LYR-11,torch.Size([3840]),81.13,86.46,95.27,68.77,50.08,94.4,69.57,77.95428571428569
bert-base,CLS_LYR-12,CLS,LYR-12,torch.Size([768]),81.32,84.13,94.56,86.71,86.16,81.6,71.83,83.75857142857144
bert-base,AVG_LYR-12,AVG,LYR-12,torch.Size([768]),80.26,83.5,94.43,87.1,84.79,85.2,73.91,84.16999999999999
bert-base,SUM_LYR-12,SUM,LYR-12,torch.Size([768]),78.59,82.57,93.66,87.08,85.12,89.8,64.93,83.10714285714286
bert-base,MAX_LYR-12,MAX,LYR-12,torch.Size([768]),77.48,74.02,92.59,85.59,83.36,81.2,71.42,80.80857142857143
bert-base,AVG-NS_LYR-12,AVG-NS,LYR-12,torch.Size([768]),80.52,83.71,94.26,86.97,84.79,83.6,73.8,83.95
bert-base,SUM-NS_LYR-12,SUM-NS,LYR-12,torch.Size([768]),78.04,82.97,93.55,86.54,85.45,89.8,67.13,83.35428571428572
bert-base,MAX-NS_LYR-12,MAX-NS,LYR-12,torch.Size([768]),77.58,76.58,92.82,85.81,82.1,81.4,71.77,81.15142857142857
bert-base,CLS+AVG_LYR-12,CLS+AVG,LYR-12,torch.Size([1536]),81.69,85.38,95.15,88.15,86.77,88.8,73.68,85.65999999999998
bert-base,CLS+SUM_LYR-12,CLS+SUM,LYR-12,torch.Size([1536]),79.44,84.27,93.9,87.37,86.66,91.2,69.28,84.58857142857143
bert-base,CLS+MAX_LYR-12,CLS+MAX,LYR-12,torch.Size([1536]),81.87,84.29,94.79,87.04,86.99,87.6,72.93,85.07285714285715
bert-base,CLS+AVG-NS_LYR-12,CLS+AVG-NS,LYR-12,torch.Size([1536]),81.73,84.5,95.16,87.98,86.71,89.4,74.09,85.65285714285714
bert-base,CLS+SUM-NS_LYR-12,CLS+SUM-NS,LYR-12,torch.Size([1536]),79.51,83.87,93.83,87.46,86.71,89.8,69.45,84.37571428571428
bert-base,CLS+MAX-NS_LYR-12,CLS+MAX-NS,LYR-12,torch.Size([1536]),81.7,83.58,94.48,87.46,86.66,87.2,72.81,84.84142857142858
bert-base,DY3_LYR-12,DY3,LYR-12,torch.Size([2304]),80.76,84.82,94.88,87.98,83.96,89.0,70.38,84.53999999999999
bert-base,DY3-NS_LYR-12,DY3-NS,LYR-12,torch.Size([2304]),80.64,84.66,94.92,88.18,83.96,90.2,70.2,84.68000000000002
bert-base,DY5_LYR-12,DY5,LYR-12,torch.Size([3840]),80.95,85.56,95.01,88.3,82.15,90.8,67.59,84.33714285714287
bert-base,DY5-NS_LYR-12,DY5-NS,LYR-12,torch.Size([3840]),80.7,84.74,94.91,68.77,50.08,92.2,67.48,76.98285714285714
bert-base,CLS_SUML4L,CLS,SUML4L,torch.Size([768]),81.89,84.43,95.09,87.61,87.26,88.4,62.38,83.86571428571428
bert-base,AVG_SUML4L,AVG,SUML4L,torch.Size([768]),81.34,86.78,94.42,88.33,86.27,91.0,70.38,85.50285714285714
bert-base,SUM_SUML4L,SUM,SUML4L,torch.Size([768]),76.11,82.68,93.45,86.33,85.67,88.6,65.22,82.58000000000001
bert-base,MAX_SUML4L,MAX,SUML4L,torch.Size([768]),76.59,78.09,92.19,86.5,83.8,85.4,67.19,81.39428571428572
bert-base,AVG-NS_SUML4L,AVG-NS,SUML4L,torch.Size([768]),81.1,85.61,94.46,88.09,86.49,91.6,68.75,85.15714285714286
bert-base,SUM-NS_SUML4L,SUM-NS,SUML4L,torch.Size([768]),76.04,83.15,93.08,85.86,85.72,88.2,65.57,82.51714285714287
bert-base,MAX-NS_SUML4L,MAX-NS,SUML4L,torch.Size([768]),77.38,76.08,92.76,86.81,83.75,91.4,67.54,82.24571428571427
bert-base,CLS+AVG_SUML4L,CLS+AVG,SUML4L,torch.Size([1536]),82.4,85.99,95.2,88.59,87.92,92.2,71.65,86.27857142857142
bert-base,CLS+SUM_SUML4L,CLS+SUM,SUML4L,torch.Size([1536]),76.61,83.84,93.31,86.66,85.06,86.8,67.77,82.86428571428571
bert-base,CLS+MAX_SUML4L,CLS+MAX,SUML4L,torch.Size([1536]),80.53,83.81,94.55,87.76,86.71,92.4,67.07,84.68999999999998
bert-base,CLS+AVG-NS_SUML4L,CLS+AVG-NS,SUML4L,torch.Size([1536]),82.41,85.77,95.13,88.73,87.7,90.4,72.17,86.0442857142857
bert-base,CLS+SUM-NS_SUML4L,CLS+SUM-NS,SUML4L,torch.Size([1536]),76.95,83.36,93.09,87.07,85.34,87.8,65.91,82.78857142857143
bert-base,CLS+MAX-NS_SUML4L,CLS+MAX-NS,SUML4L,torch.Size([1536]),80.54,83.73,94.8,88.19,87.59,92.0,66.49,84.76285714285714
bert-base,DY3_SUML4L,DY3,SUML4L,torch.Size([2304]),81.98,85.46,95.24,88.63,84.13,92.4,70.38,85.46000000000001
bert-base,DY3-NS_SUML4L,DY3-NS,SUML4L,torch.Size([2304]),81.14,86.46,95.02,88.32,83.8,92.8,70.38,85.41714285714285
bert-base,DY5_SUML4L,DY5,SUML4L,torch.Size([3840]),81.39,86.07,94.35,88.25,83.86,92.0,68.12,84.86285714285714
bert-base,DY5-NS_SUML4L,DY5-NS,SUML4L,torch.Size([3840]),80.36,86.2,94.94,68.77,50.08,92.4,64.41,76.73714285714286
bert-base,CLS_AVGL4L,CLS,AVGL4L,torch.Size([768]),81.23,84.61,94.79,87.6,86.05,81.6,70.32,83.74285714285715
bert-base,AVG_AVGL4L,AVG,AVGL4L,torch.Size([768]),81.21,85.06,94.44,87.88,85.78,90.0,73.97,85.47714285714287
bert-base,SUM_AVGL4L,SUM,AVGL4L,torch.Size([768]),78.06,84.21,93.85,87.55,86.38,90.6,67.54,84.02714285714285
bert-base,MAX_AVGL4L,MAX,AVGL4L,torch.Size([768]),77.83,78.44,93.36,87.01,83.96,85.4,72.06,82.58
bert-base,AVG-NS_AVGL4L,AVG-NS,AVGL4L,torch.Size([768]),80.9,84.69,94.32,87.75,85.72,89.2,74.43,85.28714285714285
bert-base,SUM-NS_AVGL4L,SUM-NS,AVGL4L,torch.Size([768]),78.3,84.21,93.95,86.76,86.16,90.6,67.07,83.86428571428571
bert-base,MAX-NS_AVGL4L,MAX-NS,AVGL4L,torch.Size([768]),78.33,80.24,93.21,86.71,84.07,88.6,71.83,83.28428571428572
bert-base,CLS+AVG_AVGL4L,CLS+AVG,AVGL4L,torch.Size([1536]),82.24,84.98,95.26,88.43,87.86,89.0,75.07,86.11999999999999
bert-base,CLS+SUM_AVGL4L,CLS+SUM,AVGL4L,torch.Size([1536]),79.24,84.77,94.23,88.34,86.0,91.0,66.03,84.23
bert-base,CLS+MAX_AVGL4L,CLS+MAX,AVGL4L,torch.Size([1536]),82.05,83.71,94.9,88.39,87.42,90.6,73.28,85.7642857142857
bert-base,CLS+AVG-NS_AVGL4L,CLS+AVG-NS,AVGL4L,torch.Size([1536]),82.02,85.67,95.08,88.99,87.37,90.2,74.96,86.32714285714287
bert-base,CLS+SUM-NS_AVGL4L,CLS+SUM-NS,AVGL4L,torch.Size([1536]),78.94,84.27,93.94,88.33,86.38,91.4,71.54,84.97142857142856
bert-base,CLS+MAX-NS_AVGL4L,CLS+MAX-NS,AVGL4L,torch.Size([1536]),81.79,84.53,94.92,88.5,87.37,90.8,72.81,85.81714285714285
bert-base,DY3_AVGL4L,DY3,AVGL4L,torch.Size([2304]),81.53,85.22,94.97,88.58,83.42,91.0,70.96,85.09714285714287
bert-base,DY3-NS_AVGL4L,DY3-NS,AVGL4L,torch.Size([2304]),81.44,86.31,95.02,88.95,84.9,92.4,69.33,85.47857142857143
bert-base,DY5_AVGL4L,DY5,AVGL4L,torch.Size([3840]),81.65,86.94,95.15,88.87,83.69,92.8,70.55,85.66428571428571
bert-base,DY5-NS_AVGL4L,DY5-NS,AVGL4L,torch.Size([3840]),81.69,86.41,95.1,68.77,50.08,93.4,67.65,77.58571428571427
bert-base,CLS_SUMALL,CLS,SUMALL,torch.Size([768]),79.86,82.86,94.78,86.61,86.49,88.8,66.49,83.69857142857143
bert-base,AVG_SUMALL,AVG,SUMALL,torch.Size([768]),80.03,83.34,94.85,88.33,85.94,91.6,66.09,84.31142857142858
bert-base,SUM_SUMALL,SUM,SUMALL,torch.Size([768]),74.31,79.81,92.37,85.78,85.67,86.2,66.32,81.49428571428572
bert-base,MAX_SUMALL,MAX,SUMALL,torch.Size([768]),71.92,63.47,89.68,86.84,82.32,85.4,65.68,77.90142857142857
bert-base,AVG-NS_SUMALL,AVG-NS,SUMALL,torch.Size([768]),79.36,83.63,94.76,88.24,85.45,90.6,64.35,83.77
bert-base,SUM-NS_SUMALL,SUM-NS,SUMALL,torch.Size([768]),74.21,80.32,92.85,85.25,83.8,86.2,65.97,81.22857142857143
bert-base,MAX-NS_SUMALL,MAX-NS,SUMALL,torch.Size([768]),70.65,64.93,89.86,86.52,81.6,85.2,65.68,77.77714285714285
bert-base,CLS+AVG_SUMALL,CLS+AVG,SUMALL,torch.Size([1536]),80.81,84.11,94.95,88.26,86.99,93.8,66.49,85.05857142857143
bert-base,CLS+SUM_SUMALL,CLS+SUM,SUMALL,torch.Size([1536]),74.1,81.67,92.73,85.66,85.78,87.6,64.17,81.67285714285713
bert-base,CLS+MAX_SUMALL,CLS+MAX,SUMALL,torch.Size([1536]),76.34,74.09,93.03,86.76,86.0,90.0,66.61,81.83285714285715
bert-base,CLS+AVG-NS_SUMALL,CLS+AVG-NS,SUMALL,torch.Size([1536]),80.5,83.63,94.94,88.58,87.2,92.6,68.64,85.15571428571427
bert-base,CLS+SUM-NS_SUMALL,CLS+SUM-NS,SUMALL,torch.Size([1536]),73.7,81.4,92.45,85.81,84.73,87.6,67.13,81.83142857142857
bert-base,CLS+MAX-NS_SUMALL,CLS+MAX-NS,SUMALL,torch.Size([1536]),76.99,73.96,92.83,86.86,86.05,90.8,66.2,81.9557142857143
bert-base,DY3_SUMALL,DY3,SUMALL,torch.Size([2304]),79.83,82.49,94.4,88.49,81.88,90.4,65.91,83.34285714285714
bert-base,DY3-NS_SUMALL,DY3-NS,SUMALL,torch.Size([2304]),79.08,82.78,94.22,87.68,82.04,90.4,61.22,82.48857142857143
bert-base,DY5_SUMALL,DY5,SUMALL,torch.Size([3840]),79.28,82.51,94.43,87.27,82.98,91.6,67.83,83.70000000000002
bert-base,DY5-NS_SUMALL,DY5-NS,SUMALL,torch.Size([3840]),78.05,82.81,94.21,68.77,50.08,91.2,63.77,75.55571428571429
bert-base,CLS_AVGALL,CLS,AVGALL,torch.Size([768]),80.01,73.09,93.92,87.37,85.72,75.0,67.83,80.42
bert-base,AVG_AVGALL,AVG,AVGALL,torch.Size([768]),79.68,83.31,94.04,89.07,83.86,89.0,69.39,84.05
bert-base,SUM_AVGALL,SUM,AVGALL,torch.Size([768]),79.07,82.12,93.8,88.32,85.67,89.4,66.14,83.50285714285714
bert-base,MAX_AVGALL,MAX,AVGALL,torch.Size([768]),75.79,71.9,92.1,87.88,80.4,81.8,69.57,79.91999999999999
bert-base,AVG-NS_AVGALL,AVG-NS,AVGALL,torch.Size([768]),79.65,83.02,93.94,89.27,83.8,89.4,69.28,84.05142857142857
bert-base,SUM-NS_AVGALL,SUM-NS,AVGALL,torch.Size([768]),78.78,81.06,93.14,88.41,85.28,89.8,66.26,83.24714285714285
bert-base,MAX-NS_AVGALL,MAX-NS,AVGALL,torch.Size([768]),75.19,72.66,92.05,88.29,81.33,84.2,70.03,80.53571428571429
bert-base,CLS+AVG_AVGALL,CLS+AVG,AVGALL,torch.Size([1536]),80.59,82.49,94.59,89.4,86.27,89.8,74.09,85.31857142857142
bert-base,CLS+SUM_AVGALL,CLS+SUM,AVGALL,torch.Size([1536]),78.27,82.52,93.54,88.92,85.56,92.2,65.45,83.78
bert-base,CLS+MAX_AVGALL,CLS+MAX,AVGALL,torch.Size([1536]),80.22,81.06,93.65,88.73,86.11,87.8,72.81,84.34000000000002
bert-base,CLS+AVG-NS_AVGALL,CLS+AVG-NS,AVGALL,torch.Size([1536]),80.54,82.6,94.8,89.7,86.22,89.6,74.61,85.43857142857144
bert-base,CLS+SUM-NS_AVGALL,CLS+SUM-NS,AVGALL,torch.Size([1536]),78.64,82.01,93.54,89.01,85.39,92.2,65.91,83.8142857142857
bert-base,CLS+MAX-NS_AVGALL,CLS+MAX-NS,AVGALL,torch.Size([1536]),80.33,80.98,93.8,88.87,86.33,88.0,72.0,84.33
bert-base,DY3_AVGALL,DY3,AVGALL,torch.Size([2304]),79.91,83.55,94.65,89.68,82.26,89.8,68.41,84.03714285714285
bert-base,DY3-NS_AVGALL,DY3-NS,AVGALL,torch.Size([2304]),79.67,83.97,94.48,89.13,82.21,91.4,67.77,84.09
bert-base,DY5_AVGALL,DY5,AVGALL,torch.Size([3840]),80.21,84.56,94.91,88.95,82.54,91.4,68.29,84.40857142857142
bert-base,DY5-NS_AVGALL,DY5-NS,AVGALL,torch.Size([3840]),80.2,84.24,94.88,68.77,50.08,94.0,68.0,77.16714285714285
roberta-base,CLS_LYR-7,CLS,LYR-7,torch.Size([768]),75.45,63.76,86.11,68.77,85.72,52.0,66.49,71.18571428571428
roberta-base,AVG_LYR-7,AVG,LYR-7,torch.Size([768]),84.22,86.94,94.17,87.59,90.61,89.4,66.49,85.63142857142857
roberta-base,SUM_LYR-7,SUM,LYR-7,torch.Size([768]),83.05,84.98,93.25,87.48,90.12,92.0,66.49,85.33857142857143
roberta-base,MAX_LYR-7,MAX,LYR-7,torch.Size([768]),79.49,73.64,91.9,86.54,87.26,85.6,65.51,81.41999999999999
roberta-base,AVG-NS_LYR-7,AVG-NS,LYR-7,torch.Size([768]),84.27,87.58,93.98,87.67,90.66,91.0,66.49,85.95
roberta-base,SUM-NS_LYR-7,SUM-NS,LYR-7,torch.Size([768]),83.54,85.64,93.72,87.54,90.28,92.4,66.49,85.65857142857143
roberta-base,MAX-NS_LYR-7,MAX-NS,LYR-7,torch.Size([768]),79.51,74.2,91.51,86.73,87.15,85.8,65.51,81.48714285714287
roberta-base,CLS+AVG_LYR-7,CLS+AVG,LYR-7,torch.Size([1536]),83.65,84.16,93.66,87.4,90.55,88.8,72.46,85.81142857142858
roberta-base,CLS+SUM_LYR-7,CLS+SUM,LYR-7,torch.Size([1536]),83.59,86.09,94.07,87.61,89.79,91.8,67.59,85.79142857142858
roberta-base,CLS+MAX_LYR-7,CLS+MAX,LYR-7,torch.Size([1536]),79.42,74.12,92.15,86.79,88.58,85.8,72.35,82.74428571428572
roberta-base,CLS+AVG-NS_LYR-7,CLS+AVG-NS,LYR-7,torch.Size([1536]),83.89,84.42,93.92,87.38,90.77,90.4,72.58,86.19428571428571
roberta-base,CLS+SUM-NS_LYR-7,CLS+SUM-NS,LYR-7,torch.Size([1536]),83.59,86.99,94.38,87.95,89.73,92.6,67.19,86.06142857142858
roberta-base,CLS+MAX-NS_LYR-7,CLS+MAX-NS,LYR-7,torch.Size([1536]),79.62,73.7,91.93,86.86,88.25,85.6,71.83,82.54142857142858
roberta-base,DY3_LYR-7,DY3,LYR-7,torch.Size([2304]),84.88,87.26,94.5,88.85,89.29,90.0,69.04,86.25999999999999
roberta-base,DY3-NS_LYR-7,DY3-NS,LYR-7,torch.Size([2304]),84.93,88.11,94.59,88.65,89.68,91.4,66.72,86.29714285714286
roberta-base,DY5_LYR-7,DY5,LYR-7,torch.Size([3840]),85.19,88.63,94.18,88.3,89.24,89.2,64.81,85.64999999999999
roberta-base,DY5-NS_LYR-7,DY5-NS,LYR-7,torch.Size([3840]),84.73,89.43,94.35,68.77,88.74,92.4,64.12,83.22
roberta-base,CLS_LYR-8,CLS,LYR-8,torch.Size([768]),71.42,63.76,81.64,68.77,81.16,45.0,66.49,68.32000000000001
roberta-base,AVG_LYR-8,AVG,LYR-8,torch.Size([768]),83.97,87.39,93.82,87.44,90.72,90.8,66.49,85.80428571428571
roberta-base,SUM_LYR-8,SUM,LYR-8,torch.Size([768]),83.66,87.26,94.31,87.24,90.77,92.8,63.54,85.6542857142857
roberta-base,MAX_LYR-8,MAX,LYR-8,torch.Size([768]),80.47,73.85,92.01,86.81,86.82,82.8,65.45,81.17285714285715
roberta-base,AVG-NS_LYR-8,AVG-NS,LYR-8,torch.Size([768]),84.07,87.39,93.89,87.47,90.77,91.8,66.49,85.98285714285713
roberta-base,SUM-NS_LYR-8,SUM-NS,LYR-8,torch.Size([768]),83.57,87.58,94.33,87.21,90.28,93.0,66.49,86.06571428571428
roberta-base,MAX-NS_LYR-8,MAX-NS,LYR-8,torch.Size([768]),79.91,73.99,91.86,86.64,86.99,82.2,65.45,81.00571428571428
roberta-base,CLS+AVG_LYR-8,CLS+AVG,LYR-8,torch.Size([1536]),84.28,82.89,93.66,87.12,90.61,90.2,72.64,85.91428571428573
roberta-base,CLS+SUM_LYR-8,CLS+SUM,LYR-8,torch.Size([1536]),83.74,86.2,93.52,87.7,90.44,91.4,66.78,85.68285714285715
roberta-base,CLS+MAX_LYR-8,CLS+MAX,LYR-8,torch.Size([1536]),81.15,72.63,92.12,86.65,86.99,84.6,70.2,82.04857142857144
roberta-base,CLS+AVG-NS_LYR-8,CLS+AVG-NS,LYR-8,torch.Size([1536]),84.67,83.29,93.7,87.44,90.77,87.6,72.35,85.68857142857144
roberta-base,CLS+SUM-NS_LYR-8,CLS+SUM-NS,LYR-8,torch.Size([1536]),83.55,87.23,93.54,87.38,90.28,91.8,67.94,85.96000000000001
roberta-base,CLS+MAX-NS_LYR-8,CLS+MAX-NS,LYR-8,torch.Size([1536]),80.9,74.2,92.26,86.78,86.93,85.2,71.59,82.55142857142857
roberta-base,DY3_LYR-8,DY3,LYR-8,torch.Size([2304]),84.61,88.13,94.7,88.62,90.06,89.6,67.3,86.14571428571428
roberta-base,DY3-NS_LYR-8,DY3-NS,LYR-8,torch.Size([2304]),84.98,88.29,94.62,88.59,89.84,91.2,66.84,86.33714285714288
roberta-base,DY5_LYR-8,DY5,LYR-8,torch.Size([3840]),85.56,89.3,94.58,88.05,89.4,90.6,68.52,86.57285714285715
roberta-base,DY5-NS_LYR-8,DY5-NS,LYR-8,torch.Size([3840]),85.46,89.38,94.6,68.77,89.57,92.4,65.91,83.72714285714285
roberta-base,CLS_LYR-9,CLS,LYR-9,torch.Size([768]),74.58,63.76,82.98,68.77,81.11,33.0,66.49,67.24142857142857
roberta-base,AVG_LYR-9,AVG,LYR-9,torch.Size([768]),84.1,86.52,93.69,86.99,90.5,88.0,66.49,85.1842857142857
roberta-base,SUM_LYR-9,SUM,LYR-9,torch.Size([768]),82.87,86.62,93.77,86.83,90.83,91.8,64.17,85.26999999999998
roberta-base,MAX_LYR-9,MAX,LYR-9,torch.Size([768]),79.66,72.34,91.49,85.82,86.33,82.6,66.49,80.67571428571429
roberta-base,AVG-NS_LYR-9,AVG-NS,LYR-9,torch.Size([768]),83.62,86.97,93.7,87.27,90.72,88.2,66.49,85.28142857142858
roberta-base,SUM-NS_LYR-9,SUM-NS,LYR-9,torch.Size([768]),82.91,86.62,93.81,87.02,90.88,91.2,66.49,85.56142857142858
roberta-base,MAX-NS_LYR-9,MAX-NS,LYR-9,torch.Size([768]),78.95,70.73,91.22,85.99,86.27,85.0,66.49,80.66428571428571
roberta-base,CLS+AVG_LYR-9,CLS+AVG,LYR-9,torch.Size([1536]),83.47,83.15,93.73,87.47,90.44,86.0,73.16,85.34571428571428
roberta-base,CLS+SUM_LYR-9,CLS+SUM,LYR-9,torch.Size([1536]),82.56,86.54,93.81,86.93,90.44,92.2,66.55,85.57571428571428
roberta-base,CLS+MAX_LYR-9,CLS+MAX,LYR-9,torch.Size([1536]),78.98,68.48,91.68,85.96,87.15,84.4,70.72,81.05285714285715
roberta-base,CLS+AVG-NS_LYR-9,CLS+AVG-NS,LYR-9,torch.Size([1536]),83.4,82.7,93.49,87.38,90.61,83.4,71.77,84.67857142857143
roberta-base,CLS+SUM-NS_LYR-9,CLS+SUM-NS,LYR-9,torch.Size([1536]),82.7,86.25,93.47,86.68,90.5,90.8,66.03,85.2042857142857
roberta-base,CLS+MAX-NS_LYR-9,CLS+MAX-NS,LYR-9,torch.Size([1536]),79.2,69.72,91.51,85.93,87.15,84.6,66.78,80.69857142857143
roberta-base,DY3_LYR-9,DY3,LYR-9,torch.Size([2304]),84.62,88.05,94.61,88.36,89.51,90.0,68.7,86.26428571428573
roberta-base,DY3-NS_LYR-9,DY3-NS,LYR-9,torch.Size([2304]),84.65,87.74,94.74,87.94,89.79,91.6,67.36,86.26
roberta-base,DY5_LYR-9,DY5,LYR-9,torch.Size([3840]),84.92,88.26,94.98,87.58,89.79,89.8,68.58,86.27285714285715
roberta-base,DY5-NS_LYR-9,DY5-NS,LYR-9,torch.Size([3840]),84.89,88.08,94.86,68.77,89.29,93.0,67.94,83.83285714285714
roberta-base,CLS_LYR-10,CLS,LYR-10,torch.Size([768]),76.08,63.76,85.89,68.77,80.83,38.0,66.49,68.54571428571428
roberta-base,AVG_LYR-10,AVG,LYR-10,torch.Size([768]),83.63,86.38,93.66,87.03,90.5,89.2,66.49,85.27
roberta-base,SUM_LYR-10,SUM,LYR-10,torch.Size([768]),83.07,86.54,94.01,86.46,90.28,92.4,66.43,85.59857142857143
roberta-base,MAX_LYR-10,MAX,LYR-10,torch.Size([768]),79.18,70.89,91.4,86.08,87.04,84.2,66.49,80.75428571428571
roberta-base,AVG-NS_LYR-10,AVG-NS,LYR-10,torch.Size([768]),83.26,86.38,93.78,87.08,90.5,89.2,66.49,85.24142857142856
roberta-base,SUM-NS_LYR-10,SUM-NS,LYR-10,torch.Size([768]),83.07,86.54,94.26,86.59,89.62,90.8,63.01,84.84142857142857
roberta-base,MAX-NS_LYR-10,MAX-NS,LYR-10,torch.Size([768]),79.44,70.73,91.72,86.34,87.7,84.2,66.49,80.94571428571429
roberta-base,CLS+AVG_LYR-10,CLS+AVG,LYR-10,torch.Size([1536]),82.4,82.01,93.47,86.52,90.06,88.4,75.07,85.41857142857144
roberta-base,CLS+SUM_LYR-10,CLS+SUM,LYR-10,torch.Size([1536]),83.13,86.55,93.73,86.99,89.51,92.2,67.25,85.62285714285714
roberta-base,CLS+MAX_LYR-10,CLS+MAX,LYR-10,torch.Size([1536]),79.87,69.96,92.12,85.94,87.92,83.8,71.36,81.56714285714285
roberta-base,CLS+AVG-NS_LYR-10,CLS+AVG-NS,LYR-10,torch.Size([1536]),82.75,82.73,93.64,87.59,90.44,89.6,75.07,85.9742857142857
roberta-base,CLS+SUM-NS_LYR-10,CLS+SUM-NS,LYR-10,torch.Size([1536]),83.55,86.23,93.52,87.09,89.35,93.2,66.96,85.70000000000002
roberta-base,CLS+MAX-NS_LYR-10,CLS+MAX-NS,LYR-10,torch.Size([1536]),79.9,69.72,91.91,86.22,87.7,84.4,70.61,81.49428571428572
roberta-base,DY3_LYR-10,DY3,LYR-10,torch.Size([2304]),83.94,87.23,94.62,88.26,89.18,90.6,68.75,86.08285714285715
roberta-base,DY3-NS_LYR-10,DY3-NS,LYR-10,torch.Size([2304]),83.69,88.21,94.42,87.77,89.02,91.0,66.67,85.82571428571427
roberta-base,DY5_LYR-10,DY5,LYR-10,torch.Size([3840]),84.55,88.29,95.27,87.47,89.35,89.0,68.12,86.00714285714287
roberta-base,DY5-NS_LYR-10,DY5-NS,LYR-10,torch.Size([3840]),83.95,87.44,94.63,68.77,88.03,92.8,66.2,83.11714285714285
roberta-base,CLS_LYR-11,CLS,LYR-11,torch.Size([768]),77.53,63.76,85.77,68.77,83.09,47.0,66.49,70.3442857142857
roberta-base,AVG_LYR-11,AVG,LYR-11,torch.Size([768]),82.52,84.42,93.55,86.17,89.51,87.8,66.49,84.35142857142857
roberta-base,SUM_LYR-11,SUM,LYR-11,torch.Size([768]),82.18,86.2,93.31,86.06,88.74,91.2,66.72,84.9157142857143
roberta-base,MAX_LYR-11,MAX,LYR-11,torch.Size([768]),77.65,70.12,92.04,84.8,85.34,82.0,66.49,79.77714285714286
roberta-base,AVG-NS_LYR-11,AVG-NS,LYR-11,torch.Size([768]),82.65,85.27,93.75,86.11,89.68,86.6,63.71,83.96714285714287
roberta-base,SUM-NS_LYR-11,SUM-NS,LYR-11,torch.Size([768]),82.07,86.68,93.5,85.86,89.4,92.8,62.78,84.72714285714285
roberta-base,MAX-NS_LYR-11,MAX-NS,LYR-11,torch.Size([768]),77.8,70.86,92.44,84.91,85.01,82.4,66.49,79.98714285714286
roberta-base,CLS+AVG_LYR-11,CLS+AVG,LYR-11,torch.Size([1536]),82.58,80.66,93.87,86.4,89.95,83.2,73.62,84.32571428571428
roberta-base,CLS+SUM_LYR-11,CLS+SUM,LYR-11,torch.Size([1536]),82.13,85.85,93.72,86.09,89.46,92.4,65.91,85.08
roberta-base,CLS+MAX_LYR-11,CLS+MAX,LYR-11,torch.Size([1536]),78.88,71.81,92.42,85.04,86.38,82.0,72.0,81.21857142857142
roberta-base,CLS+AVG-NS_LYR-11,CLS+AVG-NS,LYR-11,torch.Size([1536]),82.84,80.87,93.8,86.44,89.73,88.2,74.14,85.14571428571428
roberta-base,CLS+SUM-NS_LYR-11,CLS+SUM-NS,LYR-11,torch.Size([1536]),81.93,85.48,93.87,85.8,89.84,92.2,67.25,85.1957142857143
roberta-base,CLS+MAX-NS_LYR-11,CLS+MAX-NS,LYR-11,torch.Size([1536]),78.61,70.83,92.46,85.21,86.16,82.4,70.26,80.84714285714286
roberta-base,DY3_LYR-11,DY3,LYR-11,torch.Size([2304]),84.05,86.92,94.81,87.8,88.3,90.6,68.23,85.8157142857143
roberta-base,DY3-NS_LYR-11,DY3-NS,LYR-11,torch.Size([2304]),83.83,86.33,94.87,87.31,87.64,90.8,68.81,85.65571428571427
roberta-base,DY5_LYR-11,DY5,LYR-11,torch.Size([3840]),83.9,86.57,95.21,86.95,87.75,89.2,68.93,85.50142857142858
roberta-base,DY5-NS_LYR-11,DY5-NS,LYR-11,torch.Size([3840]),83.73,86.67,94.96,68.77,87.86,91.0,67.36,82.90714285714286
roberta-base,CLS_LYR-12,CLS,LYR-12,torch.Size([768]),77.47,63.76,91.5,68.77,84.62,50.2,66.49,71.83
roberta-base,AVG_LYR-12,AVG,LYR-12,torch.Size([768]),80.91,79.1,93.18,83.66,87.81,78.8,66.49,81.42142857142858
roberta-base,SUM_LYR-12,SUM,LYR-12,torch.Size([768]),82.51,85.46,94.7,84.73,89.46,91.0,66.49,84.90714285714286
roberta-base,MAX_LYR-12,MAX,LYR-12,torch.Size([768]),75.74,63.81,91.43,80.67,82.87,78.8,68.99,77.47285714285715
roberta-base,AVG-NS_LYR-12,AVG-NS,LYR-12,torch.Size([768]),80.89,77.38,93.29,84.47,88.41,80.0,66.49,81.56142857142856
roberta-base,SUM-NS_LYR-12,SUM-NS,LYR-12,torch.Size([768]),82.43,84.77,94.61,84.75,89.18,91.2,66.49,84.7757142857143
roberta-base,MAX-NS_LYR-12,MAX-NS,LYR-12,torch.Size([768]),75.76,63.87,91.47,82.04,82.87,78.8,68.99,77.68571428571428
roberta-base,CLS+AVG_LYR-12,CLS+AVG,LYR-12,torch.Size([1536]),81.49,77.54,93.12,83.8,87.86,80.6,74.26,82.66714285714285
roberta-base,CLS+SUM_LYR-12,CLS+SUM,LYR-12,torch.Size([1536]),82.44,85.38,94.19,85.1,88.8,93.2,67.94,85.29285714285713
roberta-base,CLS+MAX_LYR-12,CLS+MAX,LYR-12,torch.Size([1536]),77.21,63.79,92.3,83.57,85.34,75.4,72.41,78.57428571428571
roberta-base,CLS+AVG-NS_LYR-12,CLS+AVG-NS,LYR-12,torch.Size([1536]),81.33,76.95,93.06,84.58,87.7,80.6,74.32,82.64857142857143
roberta-base,CLS+SUM-NS_LYR-12,CLS+SUM-NS,LYR-12,torch.Size([1536]),82.7,86.01,94.14,85.36,89.07,93.2,67.83,85.47285714285715
roberta-base,CLS+MAX-NS_LYR-12,CLS+MAX-NS,LYR-12,torch.Size([1536]),77.8,63.79,92.3,83.66,84.51,75.6,72.46,78.58857142857143
roberta-base,DY3_LYR-12,DY3,LYR-12,torch.Size([2304]),82.35,81.72,93.99,85.52,87.04,87.2,69.04,83.83714285714287
roberta-base,DY3-NS_LYR-12,DY3-NS,LYR-12,torch.Size([2304]),82.26,82.91,93.97,85.34,86.71,88.4,68.75,84.04857142857144
roberta-base,DY5_LYR-12,DY5,LYR-12,torch.Size([3840]),82.66,83.55,94.17,85.81,86.11,86.2,68.29,83.82714285714285
roberta-base,DY5-NS_LYR-12,DY5-NS,LYR-12,torch.Size([3840]),82.95,83.74,94.26,68.77,87.15,91.0,70.03,82.55714285714285
roberta-base,CLS_SUML4L,CLS,SUML4L,torch.Size([768]),77.82,63.76,91.07,68.77,84.84,42.8,66.49,70.79285714285714
roberta-base,AVG_SUML4L,AVG,SUML4L,torch.Size([768]),84.21,88.19,94.1,87.14,90.06,93.2,62.61,85.64428571428572
roberta-base,SUM_SUML4L,SUM,SUML4L,torch.Size([768]),79.85,83.76,93.03,85.66,89.4,88.2,66.09,83.71285714285715
roberta-base,MAX_SUML4L,MAX,SUML4L,torch.Size([768]),78.51,70.38,92.15,85.33,86.38,87.4,66.49,80.94857142857143
roberta-base,AVG-NS_SUML4L,AVG-NS,SUML4L,torch.Size([768]),84.27,88.05,94.15,87.06,90.12,92.0,66.49,86.02000000000001
roberta-base,SUM-NS_SUML4L,SUM-NS,SUML4L,torch.Size([768]),79.94,85.83,93.02,85.61,89.35,91.0,66.49,84.46285714285715
roberta-base,MAX-NS_SUML4L,MAX-NS,SUML4L,torch.Size([768]),78.57,71.89,92.07,85.55,86.33,87.8,66.49,81.24285714285713
roberta-base,CLS+AVG_SUML4L,CLS+AVG,SUML4L,torch.Size([1536]),83.88,86.81,94.05,87.09,89.79,92.2,69.74,86.22285714285715
roberta-base,CLS+SUM_SUML4L,CLS+SUM,SUML4L,torch.Size([1536]),80.74,86.04,92.95,86.2,89.02,90.6,65.28,84.4042857142857
roberta-base,CLS+MAX_SUML4L,CLS+MAX,SUML4L,torch.Size([1536]),79.7,76.58,92.99,86.42,86.49,88.0,65.62,82.25714285714285
roberta-base,CLS+AVG-NS_SUML4L,CLS+AVG-NS,SUML4L,torch.Size([1536]),84.23,86.09,94.18,87.19,90.5,92.4,70.43,86.43142857142857
roberta-base,CLS+SUM-NS_SUML4L,CLS+SUM-NS,SUML4L,torch.Size([1536]),80.8,84.69,92.96,86.07,89.29,90.4,66.49,84.38571428571429
roberta-base,CLS+MAX-NS_SUML4L,CLS+MAX-NS,SUML4L,torch.Size([1536]),79.46,74.51,93.03,86.15,86.38,88.2,66.61,82.04857142857142
roberta-base,DY3_SUML4L,DY3,SUML4L,torch.Size([2304]),84.96,88.45,95.23,88.28,89.4,91.0,67.59,86.41571428571429
roberta-base,DY3-NS_SUML4L,DY3-NS,SUML4L,torch.Size([2304]),84.66,88.61,95.55,87.35,89.29,91.0,66.49,86.13571428571429
roberta-base,DY5_SUML4L,DY5,SUML4L,torch.Size([3840]),84.86,88.16,95.53,87.41,88.58,90.8,65.04,85.7685714285714
roberta-base,DY5-NS_SUML4L,DY5-NS,SUML4L,torch.Size([3840]),84.71,88.34,95.38,68.77,88.08,93.6,64.17,83.29285714285713
roberta-base,CLS_AVGL4L,CLS,AVGL4L,torch.Size([768]),77.74,63.76,89.96,68.77,83.53,38.8,66.49,69.86428571428571
roberta-base,AVG_AVGL4L,AVG,AVGL4L,torch.Size([768]),83.1,85.14,93.67,86.39,90.39,85.0,66.49,84.31142857142858
roberta-base,SUM_AVGL4L,SUM,AVGL4L,torch.Size([768]),83.09,87.21,93.98,86.44,90.28,93.2,65.8,85.71428571428571
roberta-base,MAX_AVGL4L,MAX,AVGL4L,torch.Size([768]),78.98,70.09,92.02,85.96,86.11,83.8,66.49,80.49285714285713
roberta-base,AVG-NS_AVGL4L,AVG-NS,AVGL4L,torch.Size([768]),83.26,85.7,93.44,86.69,90.33,90.2,66.49,85.15857142857143
roberta-base,SUM-NS_AVGL4L,SUM-NS,AVGL4L,torch.Size([768]),83.4,87.05,94.04,86.46,90.39,92.6,66.49,85.77571428571427
roberta-base,MAX-NS_AVGL4L,MAX-NS,AVGL4L,torch.Size([768]),79.17,70.09,92.25,85.69,85.83,83.8,66.49,80.4742857142857
roberta-base,CLS+AVG_AVGL4L,CLS+AVG,AVGL4L,torch.Size([1536]),82.85,78.91,93.89,86.85,90.17,89.8,74.67,85.30571428571429
roberta-base,CLS+SUM_AVGL4L,CLS+SUM,AVGL4L,torch.Size([1536]),83.86,86.91,93.31,86.91,90.23,92.0,66.32,85.64857142857143
roberta-base,CLS+MAX_AVGL4L,CLS+MAX,AVGL4L,torch.Size([1536]),78.82,68.24,92.48,86.11,86.11,80.6,72.81,80.73857142857143
roberta-base,CLS+AVG-NS_AVGL4L,CLS+AVG-NS,AVGL4L,torch.Size([1536]),82.64,82.75,93.89,87.01,90.12,88.4,75.19,85.71428571428571
roberta-base,CLS+SUM-NS_AVGL4L,CLS+SUM-NS,AVGL4L,torch.Size([1536]),83.41,87.26,93.09,86.82,90.12,91.8,66.2,85.52857142857144
roberta-base,CLS+MAX-NS_AVGL4L,CLS+MAX-NS,AVGL4L,torch.Size([1536]),79.32,69.67,92.42,86.37,85.72,84.8,72.06,81.48
roberta-base,DY3_AVGL4L,DY3,AVGL4L,torch.Size([2304]),83.94,87.05,94.56,88.02,89.13,88.4,68.64,85.67714285714285
roberta-base,DY3-NS_AVGL4L,DY3-NS,AVGL4L,torch.Size([2304]),83.75,86.07,94.61,87.15,89.4,90.2,67.59,85.53857142857144
roberta-base,DY5_AVGL4L,DY5,AVGL4L,torch.Size([3840]),84.66,87.26,95.06,87.41,88.58,89.0,65.28,85.32142857142857
roberta-base,DY5-NS_AVGL4L,DY5-NS,AVGL4L,torch.Size([3840]),84.22,88.37,94.78,68.77,88.41,91.2,66.61,83.19428571428571
roberta-base,CLS_SUMALL,CLS,SUMALL,torch.Size([768]),75.53,63.76,88.77,68.77,85.17,39.0,66.49,69.64142857142858
roberta-base,AVG_SUMALL,AVG,SUMALL,torch.Size([768]),83.46,87.76,94.71,87.9,90.23,90.4,62.78,85.32000000000001
roberta-base,SUM_SUMALL,SUM,SUMALL,torch.Size([768]),78.2,83.34,92.81,85.46,89.35,88.0,62.43,82.79857142857142
roberta-base,MAX_SUMALL,MAX,SUMALL,torch.Size([768]),74.49,64.63,90.16,85.24,86.44,86.0,64.99,78.85
roberta-base,AVG-NS_SUMALL,AVG-NS,SUMALL,torch.Size([768]),83.57,87.39,94.45,88.11,90.5,90.6,66.49,85.87285714285714
roberta-base,SUM-NS_SUMALL,SUM-NS,SUMALL,torch.Size([768]),78.34,83.13,92.6,85.52,89.51,88.4,66.43,83.41857142857144
roberta-base,MAX-NS_SUMALL,MAX-NS,SUMALL,torch.Size([768]),74.84,64.32,90.26,85.79,86.11,86.4,64.87,78.94142857142857
roberta-base,CLS+AVG_SUMALL,CLS+AVG,SUMALL,torch.Size([1536]),83.34,85.99,94.46,87.99,90.88,90.0,68.29,85.85
roberta-base,CLS+SUM_SUMALL,CLS+SUM,SUMALL,torch.Size([1536]),79.07,85.56,92.89,85.71,89.95,87.2,67.13,83.92999999999999
roberta-base,CLS+MAX_SUMALL,CLS+MAX,SUMALL,torch.Size([1536]),77.74,71.21,90.95,85.95,87.48,89.6,63.3,80.88999999999999
roberta-base,CLS+AVG-NS_SUMALL,CLS+AVG-NS,SUMALL,torch.Size([1536]),83.19,86.65,94.51,87.65,90.23,89.8,67.65,85.66857142857143
roberta-base,CLS+SUM-NS_SUMALL,CLS+SUM-NS,SUMALL,torch.Size([1536]),79.37,83.26,93.19,86.07,87.75,87.8,65.39,83.26142857142857
roberta-base,CLS+MAX-NS_SUMALL,CLS+MAX-NS,SUMALL,torch.Size([1536]),78.02,69.25,91.3,86.11,87.1,88.2,66.49,80.9242857142857
roberta-base,DY3_SUMALL,DY3,SUMALL,torch.Size([2304]),83.85,87.76,95.05,89.07,89.57,91.0,66.49,86.11285714285714
roberta-base,DY3-NS_SUMALL,DY3-NS,SUMALL,torch.Size([2304]),84.22,87.95,95.16,88.15,89.62,90.6,65.1,85.82857142857144
roberta-base,DY5_SUMALL,DY5,SUMALL,torch.Size([3840]),83.65,86.33,94.35,87.13,88.58,87.8,65.28,84.73142857142857
roberta-base,DY5-NS_SUMALL,DY5-NS,SUMALL,torch.Size([3840]),83.32,86.49,94.97,68.77,87.37,88.8,65.33,82.14999999999999
roberta-base,CLS_AVGALL,CLS,AVGALL,torch.Size([768]),72.33,63.76,84.74,68.77,81.6,34.8,66.49,67.49857142857142
roberta-base,AVG_AVGALL,AVG,AVGALL,torch.Size([768]),82.68,84.53,93.4,87.76,89.51,91.0,66.49,85.05285714285715
roberta-base,SUM_AVGALL,SUM,AVGALL,torch.Size([768]),82.48,85.8,93.89,87.56,89.9,91.2,66.49,85.33142857142857
roberta-base,MAX_AVGALL,MAX,AVGALL,torch.Size([768]),77.84,66.39,91.55,85.98,86.99,76.8,65.28,78.69000000000001
roberta-base,AVG-NS_AVGALL,AVG-NS,AVGALL,torch.Size([768]),82.74,83.76,93.37,87.84,89.51,91.0,66.49,84.95857142857143
roberta-base,SUM-NS_AVGALL,SUM-NS,AVGALL,torch.Size([768]),82.19,85.77,93.8,87.74,89.9,92.0,66.38,85.39714285714285
roberta-base,MAX-NS_AVGALL,MAX-NS,AVGALL,torch.Size([768]),77.89,69.59,91.55,86.16,86.55,76.8,65.39,79.13285714285715
roberta-base,CLS+AVG_AVGALL,CLS+AVG,AVGALL,torch.Size([1536]),82.72,77.93,93.56,87.64,89.79,88.2,71.83,84.52428571428572
roberta-base,CLS+SUM_AVGALL,CLS+SUM,AVGALL,torch.Size([1536]),82.91,85.03,93.74,87.56,89.79,90.4,67.77,85.31428571428572
roberta-base,CLS+MAX_AVGALL,CLS+MAX,AVGALL,torch.Size([1536]),78.31,63.87,91.44,86.15,85.45,78.2,72.12,79.36285714285714
roberta-base,CLS+AVG-NS_AVGALL,CLS+AVG-NS,AVGALL,torch.Size([1536]),82.67,78.76,93.5,87.8,89.84,88.6,72.99,84.88000000000001
roberta-base,CLS+SUM-NS_AVGALL,CLS+SUM-NS,AVGALL,torch.Size([1536]),83.38,85.22,93.89,87.53,89.79,91.4,67.59,85.54285714285716
roberta-base,CLS+MAX-NS_AVGALL,CLS+MAX-NS,AVGALL,torch.Size([1536]),78.12,63.92,91.68,86.09,86.99,77.0,73.39,79.59857142857143
roberta-base,DY3_AVGALL,DY3,AVGALL,torch.Size([2304]),83.81,84.24,94.52,88.69,89.62,89.4,68.23,85.50142857142858
roberta-base,DY3-NS_AVGALL,DY3-NS,AVGALL,torch.Size([2304]),83.34,85.69,94.13,88.51,89.02,89.4,67.48,85.36714285714285
roberta-base,DY5_AVGALL,DY5,AVGALL,torch.Size([3840]),83.87,86.07,94.49,88.34,88.58,88.6,65.74,85.09857142857142
roberta-base,DY5-NS_AVGALL,DY5-NS,AVGALL,torch.Size([3840]),83.36,85.91,94.46,68.77,87.7,90.4,61.16,81.67999999999998
deberta-base,CLS_LYR-7,CLS,LYR-7,torch.Size([768]),53.06,63.76,55.8,68.77,49.92,18.8,66.49,53.800000000000004
deberta-base,AVG_LYR-7,AVG,LYR-7,torch.Size([768]),82.99,82.73,94.0,90.25,90.77,92.6,75.48,86.97428571428573
deberta-base,SUM_LYR-7,SUM,LYR-7,torch.Size([768]),83.2,87.52,94.46,90.08,90.99,94.8,68.93,87.14
deberta-base,MAX_LYR-7,MAX,LYR-7,torch.Size([768]),80.84,79.18,91.94,89.38,87.75,89.6,74.32,84.71571428571428
deberta-base,AVG-NS_LYR-7,AVG-NS,LYR-7,torch.Size([768]),83.35,83.05,94.18,90.34,90.88,93.6,75.48,87.26857142857143
deberta-base,SUM-NS_LYR-7,SUM-NS,LYR-7,torch.Size([768]),83.3,87.47,94.52,90.54,90.94,94.6,66.61,86.85428571428572
deberta-base,MAX-NS_LYR-7,MAX-NS,LYR-7,torch.Size([768]),80.89,79.18,91.94,89.79,87.64,89.6,74.32,84.76571428571427
deberta-base,CLS+AVG_LYR-7,CLS+AVG,LYR-7,torch.Size([1536]),83.47,85.99,94.15,89.89,90.72,93.6,75.83,87.66428571428573
deberta-base,CLS+SUM_LYR-7,CLS+SUM,LYR-7,torch.Size([1536]),82.87,88.48,94.66,90.2,90.12,96.0,71.59,87.70285714285714
deberta-base,CLS+MAX_LYR-7,CLS+MAX,LYR-7,torch.Size([1536]),80.27,77.78,92.08,89.13,87.1,92.0,71.59,84.27857142857144
deberta-base,CLS+AVG-NS_LYR-7,CLS+AVG-NS,LYR-7,torch.Size([1536]),83.42,86.62,94.09,90.44,90.94,94.0,76.06,87.93857142857142
deberta-base,CLS+SUM-NS_LYR-7,CLS+SUM-NS,LYR-7,torch.Size([1536]),83.69,87.1,94.65,90.21,90.06,96.0,71.77,87.64
deberta-base,CLS+MAX-NS_LYR-7,CLS+MAX-NS,LYR-7,torch.Size([1536]),80.44,77.78,92.08,89.19,87.1,92.0,71.59,84.31142857142858
deberta-base,DY3_LYR-7,DY3,LYR-7,torch.Size([2304]),84.49,87.95,94.68,90.31,89.4,89.4,68.46,86.38428571428572
deberta-base,DY3-NS_LYR-7,DY3-NS,LYR-7,torch.Size([2304]),84.35,88.9,94.99,68.77,89.57,94.0,67.65,84.03285714285713
deberta-base,DY5_LYR-7,DY5,LYR-7,torch.Size([3840]),84.32,88.8,95.13,68.77,88.96,84.6,63.07,81.95
deberta-base,DY5-NS_LYR-7,DY5-NS,LYR-7,torch.Size([3840]),83.79,89.38,95.59,68.77,50.08,94.2,70.03,78.8342857142857
deberta-base,CLS_LYR-8,CLS,LYR-8,torch.Size([768]),54.81,63.76,58.97,68.77,49.92,18.8,66.49,54.502857142857145
deberta-base,AVG_LYR-8,AVG,LYR-8,torch.Size([768]),85.02,87.5,94.66,89.66,91.54,93.6,75.94,88.2742857142857
deberta-base,SUM_LYR-8,SUM,LYR-8,torch.Size([768]),84.47,87.79,94.44,89.67,91.65,95.2,68.46,87.38285714285715
deberta-base,MAX_LYR-8,MAX,LYR-8,torch.Size([768]),82.35,79.68,92.74,89.03,89.07,89.8,72.06,84.96142857142857
deberta-base,AVG-NS_LYR-8,AVG-NS,LYR-8,torch.Size([768]),85.08,87.42,94.62,90.21,91.43,94.0,76.12,88.41142857142857
deberta-base,SUM-NS_LYR-8,SUM-NS,LYR-8,torch.Size([768]),84.2,88.37,94.45,89.74,91.6,95.2,68.12,87.38285714285715
deberta-base,MAX-NS_LYR-8,MAX-NS,LYR-8,torch.Size([768]),82.36,79.71,92.74,89.45,89.02,89.2,72.06,84.9342857142857
deberta-base,CLS+AVG_LYR-8,CLS+AVG,LYR-8,torch.Size([1536]),85.28,86.81,94.65,89.6,91.65,93.8,75.48,88.18142857142857
deberta-base,CLS+SUM_LYR-8,CLS+SUM,LYR-8,torch.Size([1536]),85.65,89.4,95.01,89.56,91.6,96.0,70.55,88.25285714285714
deberta-base,CLS+MAX_LYR-8,CLS+MAX,LYR-8,torch.Size([1536]),82.62,77.94,92.24,88.42,88.8,92.4,72.46,84.98285714285716
deberta-base,CLS+AVG-NS_LYR-8,CLS+AVG-NS,LYR-8,torch.Size([1536]),85.2,88.24,94.58,90.29,91.6,94.6,75.65,88.5942857142857
deberta-base,CLS+SUM-NS_LYR-8,CLS+SUM-NS,LYR-8,torch.Size([1536]),85.23,89.19,94.99,89.61,91.65,96.0,70.32,88.14142857142858
deberta-base,CLS+MAX-NS_LYR-8,CLS+MAX-NS,LYR-8,torch.Size([1536]),82.65,77.91,92.24,88.87,88.69,90.8,72.46,84.80285714285715
deberta-base,DY3_LYR-8,DY3,LYR-8,torch.Size([2304]),84.52,88.82,94.92,90.14,90.77,91.8,68.93,87.1285714285714
deberta-base,DY3-NS_LYR-8,DY3-NS,LYR-8,torch.Size([2304]),85.88,88.9,94.92,68.77,91.16,93.8,66.67,84.29999999999998
deberta-base,DY5_LYR-8,DY5,LYR-8,torch.Size([3840]),86.0,89.93,95.15,68.77,90.5,87.2,63.42,82.99571428571429
deberta-base,DY5-NS_LYR-8,DY5-NS,LYR-8,torch.Size([3840]),85.45,89.8,95.42,68.77,50.08,94.6,70.32,79.2057142857143
deberta-base,CLS_LYR-9,CLS,LYR-9,torch.Size([768]),78.06,63.76,87.83,68.77,80.34,18.8,66.49,66.29285714285714
deberta-base,AVG_LYR-9,AVG,LYR-9,torch.Size([768]),85.72,88.56,93.98,89.87,91.76,92.2,74.72,88.11571428571429
deberta-base,SUM_LYR-9,SUM,LYR-9,torch.Size([768]),85.67,88.85,94.66,89.25,91.38,96.0,66.32,87.44714285714284
deberta-base,MAX_LYR-9,MAX,LYR-9,torch.Size([768]),83.13,79.26,92.27,88.83,89.07,91.4,73.04,85.28571428571426
deberta-base,AVG-NS_LYR-9,AVG-NS,LYR-9,torch.Size([768]),85.89,88.42,94.19,90.09,91.71,93.2,75.07,88.36714285714285
deberta-base,SUM-NS_LYR-9,SUM-NS,LYR-9,torch.Size([768]),85.86,89.22,94.13,89.15,91.43,96.0,66.61,87.48571428571428
deberta-base,MAX-NS_LYR-9,MAX-NS,LYR-9,torch.Size([768]),82.78,78.04,92.36,89.2,89.07,91.4,73.1,85.13571428571429
deberta-base,CLS+AVG_LYR-9,CLS+AVG,LYR-9,torch.Size([1536]),85.97,88.88,94.34,89.59,91.76,92.0,76.0,88.36285714285714
deberta-base,CLS+SUM_LYR-9,CLS+SUM,LYR-9,torch.Size([1536]),86.32,90.54,94.45,89.51,91.87,96.4,68.0,88.1557142857143
deberta-base,CLS+MAX_LYR-9,CLS+MAX,LYR-9,torch.Size([1536]),82.97,78.78,92.22,88.62,89.29,91.6,72.52,85.14285714285714
deberta-base,CLS+AVG-NS_LYR-9,CLS+AVG-NS,LYR-9,torch.Size([1536]),85.98,89.22,94.45,90.2,91.82,93.4,74.55,88.51714285714284
deberta-base,CLS+SUM-NS_LYR-9,CLS+SUM-NS,LYR-9,torch.Size([1536]),86.25,90.46,94.45,89.74,91.87,96.4,68.29,88.20857142857142
deberta-base,CLS+MAX-NS_LYR-9,CLS+MAX-NS,LYR-9,torch.Size([1536]),82.96,78.81,92.22,88.99,89.24,91.6,72.75,85.2242857142857
deberta-base,DY3_LYR-9,DY3,LYR-9,torch.Size([2304]),86.99,89.8,95.12,89.66,91.43,91.2,68.12,87.4742857142857
deberta-base,DY3-NS_LYR-9,DY3-NS,LYR-9,torch.Size([2304]),86.1,89.99,95.04,68.77,91.43,91.8,68.0,84.44714285714285
deberta-base,DY5_LYR-9,DY5,LYR-9,torch.Size([3840]),86.96,89.91,95.64,68.77,90.77,84.8,65.74,83.22714285714285
deberta-base,DY5-NS_LYR-9,DY5-NS,LYR-9,torch.Size([3840]),86.79,90.81,95.83,68.77,50.08,94.2,69.39,79.41
deberta-base,CLS_LYR-10,CLS,LYR-10,torch.Size([768]),67.0,63.76,67.9,68.77,49.92,19.0,66.49,57.548571428571435
deberta-base,AVG_LYR-10,AVG,LYR-10,torch.Size([768]),86.81,89.09,94.15,89.02,92.42,90.0,74.84,88.04714285714286
deberta-base,SUM_LYR-10,SUM,LYR-10,torch.Size([768]),85.87,89.4,94.27,89.45,92.37,94.8,66.49,87.52142857142857
deberta-base,MAX_LYR-10,MAX,LYR-10,torch.Size([768]),83.91,81.86,92.24,89.1,90.33,87.0,71.3,85.10571428571428
deberta-base,AVG-NS_LYR-10,AVG-NS,LYR-10,torch.Size([768]),86.8,89.11,94.42,89.77,92.42,90.2,75.13,88.26428571428572
deberta-base,SUM-NS_LYR-10,SUM-NS,LYR-10,torch.Size([768]),85.75,89.14,94.35,89.63,92.31,94.8,67.83,87.68714285714286
deberta-base,MAX-NS_LYR-10,MAX-NS,LYR-10,torch.Size([768]),83.9,82.28,92.25,89.15,90.44,87.0,71.3,85.18857142857142
deberta-base,CLS+AVG_LYR-10,CLS+AVG,LYR-10,torch.Size([1536]),86.81,89.93,94.4,89.16,92.37,90.8,74.96,88.34714285714286
deberta-base,CLS+SUM_LYR-10,CLS+SUM,LYR-10,torch.Size([1536]),86.85,90.07,94.56,89.45,92.15,96.4,67.65,88.16142857142857
deberta-base,CLS+MAX_LYR-10,CLS+MAX,LYR-10,torch.Size([1536]),84.14,81.51,92.24,88.64,90.17,88.0,72.46,85.30857142857144
deberta-base,CLS+AVG-NS_LYR-10,CLS+AVG-NS,LYR-10,torch.Size([1536]),86.61,89.88,94.44,89.97,92.2,92.4,75.3,88.68571428571428
deberta-base,CLS+SUM-NS_LYR-10,CLS+SUM-NS,LYR-10,torch.Size([1536]),86.02,90.2,94.95,89.75,92.15,96.4,72.12,88.79857142857144
deberta-base,CLS+MAX-NS_LYR-10,CLS+MAX-NS,LYR-10,torch.Size([1536]),84.15,83.18,92.24,89.16,90.12,88.0,72.46,85.61571428571429
deberta-base,DY3_LYR-10,DY3,LYR-10,torch.Size([2304]),87.27,90.6,95.27,89.62,91.54,87.4,68.23,87.13285714285715
deberta-base,DY3-NS_LYR-10,DY3-NS,LYR-10,torch.Size([2304]),86.74,90.68,95.09,68.77,91.65,91.6,68.0,84.64714285714285
deberta-base,DY5_LYR-10,DY5,LYR-10,torch.Size([3840]),87.49,91.07,96.01,68.77,91.54,85.6,68.06,84.07714285714285
deberta-base,DY5-NS_LYR-10,DY5-NS,LYR-10,torch.Size([3840]),87.33,91.13,95.89,68.77,50.08,94.4,69.22,79.54571428571428
deberta-base,CLS_LYR-11,CLS,LYR-11,torch.Size([768]),77.63,63.76,85.94,72.41,84.29,35.6,66.2,69.40428571428572
deberta-base,AVG_LYR-11,AVG,LYR-11,torch.Size([768]),86.32,88.24,94.35,88.5,92.59,90.0,72.75,87.53571428571429
deberta-base,SUM_LYR-11,SUM,LYR-11,torch.Size([768]),86.26,88.05,94.34,89.27,92.04,94.0,69.91,87.69571428571429
deberta-base,MAX_LYR-11,MAX,LYR-11,torch.Size([768]),81.21,68.51,91.51,87.67,89.9,83.0,71.88,81.95428571428572
deberta-base,AVG-NS_LYR-11,AVG-NS,LYR-11,torch.Size([768]),85.39,87.26,94.09,88.99,92.31,86.4,72.87,86.75857142857144
deberta-base,SUM-NS_LYR-11,SUM-NS,LYR-11,torch.Size([768]),86.57,88.34,94.56,89.51,92.04,94.2,70.03,87.89285714285714
deberta-base,MAX-NS_LYR-11,MAX-NS,LYR-11,torch.Size([768]),81.07,66.28,91.42,88.42,90.12,83.4,71.83,81.79142857142858
deberta-base,CLS+AVG_LYR-11,CLS+AVG,LYR-11,torch.Size([1536]),85.97,88.21,94.25,88.83,92.53,88.0,74.2,87.42714285714285
deberta-base,CLS+SUM_LYR-11,CLS+SUM,LYR-11,torch.Size([1536]),87.31,90.09,94.91,88.71,92.26,93.8,67.71,87.82714285714285
deberta-base,CLS+MAX_LYR-11,CLS+MAX,LYR-11,torch.Size([1536]),81.97,70.83,91.27,87.62,90.72,84.4,71.71,82.64571428571428
deberta-base,CLS+AVG-NS_LYR-11,CLS+AVG-NS,LYR-11,torch.Size([1536]),85.9,88.08,94.36,89.44,92.15,90.2,72.58,87.53000000000002
deberta-base,CLS+SUM-NS_LYR-11,CLS+SUM-NS,LYR-11,torch.Size([1536]),86.99,90.28,94.96,89.03,92.04,94.8,69.97,88.2957142857143
deberta-base,CLS+MAX-NS_LYR-11,CLS+MAX-NS,LYR-11,torch.Size([1536]),82.22,70.76,91.77,88.17,90.61,84.4,71.71,82.8057142857143
deberta-base,DY3_LYR-11,DY3,LYR-11,torch.Size([2304]),86.61,88.24,94.98,89.63,91.98,85.0,69.39,86.54714285714286
deberta-base,DY3-NS_LYR-11,DY3-NS,LYR-11,torch.Size([2304]),86.63,88.9,94.94,68.77,91.93,88.4,67.42,83.85571428571428
deberta-base,DY5_LYR-11,DY5,LYR-11,torch.Size([3840]),87.62,90.62,95.31,68.77,91.76,87.4,67.83,84.18714285714286
deberta-base,DY5-NS_LYR-11,DY5-NS,LYR-11,torch.Size([3840]),87.1,89.62,95.36,68.77,50.08,93.6,68.99,79.07428571428571
deberta-base,CLS_LYR-12,CLS,LYR-12,torch.Size([768]),71.47,63.76,82.5,72.81,81.22,47.0,66.49,69.32142857142857
deberta-base,AVG_LYR-12,AVG,LYR-12,torch.Size([768]),84.17,83.05,93.03,84.97,91.05,83.0,70.03,84.18571428571428
deberta-base,SUM_LYR-12,SUM,LYR-12,torch.Size([768]),83.74,82.7,93.04,86.19,90.83,89.8,68.46,84.96571428571428
deberta-base,MAX_LYR-12,MAX,LYR-12,torch.Size([768]),75.31,63.18,87.34,82.09,86.22,77.6,66.2,76.84857142857143
deberta-base,AVG-NS_LYR-12,AVG-NS,LYR-12,torch.Size([768]),84.4,82.83,92.95,86.26,91.1,82.8,70.09,84.34714285714286
deberta-base,SUM-NS_LYR-12,SUM-NS,LYR-12,torch.Size([768]),83.3,83.13,93.5,86.56,91.1,89.8,67.77,85.02285714285713
deberta-base,MAX-NS_LYR-12,MAX-NS,LYR-12,torch.Size([768]),75.51,63.26,87.28,83.05,86.77,77.6,66.2,77.0957142857143
deberta-base,CLS+AVG_LYR-12,CLS+AVG,LYR-12,torch.Size([1536]),84.01,83.42,92.85,85.04,91.65,83.2,69.74,84.27285714285715
deberta-base,CLS+SUM_LYR-12,CLS+SUM,LYR-12,torch.Size([1536]),82.56,84.82,93.94,86.45,90.66,90.4,66.03,84.97999999999999
deberta-base,CLS+MAX_LYR-12,CLS+MAX,LYR-12,torch.Size([1536]),77.75,63.87,88.42,80.87,88.3,79.4,66.72,77.90428571428572
deberta-base,CLS+AVG-NS_LYR-12,CLS+AVG-NS,LYR-12,torch.Size([1536]),83.69,84.11,92.92,86.95,91.71,81.6,69.68,84.38000000000001
deberta-base,CLS+SUM-NS_LYR-12,CLS+SUM-NS,LYR-12,torch.Size([1536]),83.1,85.09,94.05,86.88,90.88,90.8,64.46,85.03714285714285
deberta-base,CLS+MAX-NS_LYR-12,CLS+MAX-NS,LYR-12,torch.Size([1536]),77.8,63.92,88.35,82.36,88.3,79.2,66.67,78.08571428571429
deberta-base,DY3_LYR-12,DY3,LYR-12,torch.Size([2304]),84.52,84.69,94.03,86.39,89.68,85.0,62.61,83.84571428571428
deberta-base,DY3-NS_LYR-12,DY3-NS,LYR-12,torch.Size([2304]),84.27,86.86,93.67,68.77,89.4,85.6,66.49,82.15142857142858
deberta-base,DY5_LYR-12,DY5,LYR-12,torch.Size([3840]),84.97,86.75,94.06,68.77,89.68,67.0,65.04,79.46714285714286
deberta-base,DY5-NS_LYR-12,DY5-NS,LYR-12,torch.Size([3840]),85.71,85.61,94.2,68.77,50.08,89.0,60.64,76.28714285714285
deberta-base,CLS_SUML4L,CLS,SUML4L,torch.Size([768]),76.91,63.76,83.52,74.39,86.27,39.0,66.2,70.00714285714285
deberta-base,AVG_SUML4L,AVG,SUML4L,torch.Size([768]),87.03,88.9,95.07,89.76,91.6,92.2,72.99,88.22142857142858
deberta-base,SUM_SUML4L,SUM,SUML4L,torch.Size([768]),83.31,86.2,93.46,89.16,90.72,92.6,66.38,85.97571428571429
deberta-base,MAX_SUML4L,MAX,SUML4L,torch.Size([768]),81.5,63.55,91.61,88.5,90.33,90.2,66.72,81.77285714285713
deberta-base,AVG-NS_SUML4L,AVG-NS,SUML4L,torch.Size([768]),86.74,88.93,94.95,90.26,91.65,93.2,73.1,88.40428571428572
deberta-base,SUM-NS_SUML4L,SUM-NS,SUML4L,torch.Size([768]),83.28,87.05,93.14,88.62,90.77,93.8,66.43,86.15571428571427
deberta-base,MAX-NS_SUML4L,MAX-NS,SUML4L,torch.Size([768]),81.51,64.56,91.45,88.8,90.23,91.2,66.61,82.05142857142857
deberta-base,CLS+AVG_SUML4L,CLS+AVG,SUML4L,torch.Size([1536]),86.89,89.8,94.8,89.85,92.86,93.6,74.2,88.85714285714288
deberta-base,CLS+SUM_SUML4L,CLS+SUM,SUML4L,torch.Size([1536]),84.66,88.58,94.29,88.75,91.76,90.8,64.35,86.17
deberta-base,CLS+MAX_SUML4L,CLS+MAX,SUML4L,torch.Size([1536]),83.17,79.71,92.63,88.15,90.44,90.4,69.86,84.90857142857143
deberta-base,CLS+AVG-NS_SUML4L,CLS+AVG-NS,SUML4L,torch.Size([1536]),86.95,89.3,94.74,90.35,92.92,94.4,73.8,88.92285714285715
deberta-base,CLS+SUM-NS_SUML4L,CLS+SUM-NS,SUML4L,torch.Size([1536]),84.44,88.4,93.97,88.98,91.76,92.6,66.2,86.62142857142858
deberta-base,CLS+MAX-NS_SUML4L,CLS+MAX-NS,SUML4L,torch.Size([1536]),82.73,79.9,92.62,88.09,90.28,91.0,68.12,84.67714285714285
deberta-base,DY3_SUML4L,DY3,SUML4L,torch.Size([2304]),87.76,90.46,95.48,90.51,92.26,88.8,70.03,87.89999999999999
deberta-base,DY3-NS_SUML4L,DY3-NS,SUML4L,torch.Size([2304]),87.58,89.99,95.34,68.77,91.38,93.2,69.16,85.05999999999999
deberta-base,DY5_SUML4L,DY5,SUML4L,torch.Size([3840]),87.34,90.12,95.84,68.77,90.77,80.4,69.33,83.22428571428573
deberta-base,DY5-NS_SUML4L,DY5-NS,SUML4L,torch.Size([3840]),87.2,89.64,95.68,68.77,50.08,94.8,66.78,78.99285714285713
deberta-base,CLS_AVGL4L,CLS,AVGL4L,torch.Size([768]),71.27,63.76,77.91,69.98,82.37,39.6,66.49,67.34
deberta-base,AVG_AVGL4L,AVG,AVGL4L,torch.Size([768]),85.75,87.15,94.2,88.96,92.31,90.6,73.04,87.42999999999999
deberta-base,SUM_AVGL4L,SUM,AVGL4L,torch.Size([768]),86.1,88.77,94.1,89.14,92.09,94.8,66.26,87.32285714285715
deberta-base,MAX_AVGL4L,MAX,AVGL4L,torch.Size([768]),82.24,64.32,91.64,88.12,89.46,84.8,70.38,81.5657142857143
deberta-base,AVG-NS_AVGL4L,AVG-NS,AVGL4L,torch.Size([768]),85.77,86.97,94.32,89.88,92.37,91.0,71.71,87.43142857142857
deberta-base,SUM-NS_AVGL4L,SUM-NS,AVGL4L,torch.Size([768]),86.44,88.32,94.69,89.56,92.04,94.8,66.26,87.44428571428571
deberta-base,MAX-NS_AVGL4L,MAX-NS,AVGL4L,torch.Size([768]),82.35,64.34,91.67,88.48,89.24,81.6,70.55,81.17571428571429
deberta-base,CLS+AVG_AVGL4L,CLS+AVG,AVGL4L,torch.Size([1536]),85.62,88.18,93.88,89.12,92.42,90.8,74.32,87.76285714285713
deberta-base,CLS+SUM_AVGL4L,CLS+SUM,AVGL4L,torch.Size([1536]),86.59,90.01,95.48,89.44,91.71,94.8,71.07,88.44285714285714
deberta-base,CLS+MAX_AVGL4L,CLS+MAX,AVGL4L,torch.Size([1536]),83.05,72.42,92.09,87.51,89.13,89.0,71.88,83.58285714285715
deberta-base,CLS+AVG-NS_AVGL4L,CLS+AVG-NS,AVGL4L,torch.Size([1536]),85.63,88.16,93.99,89.75,92.31,92.2,74.96,88.14285714285714
deberta-base,CLS+SUM-NS_AVGL4L,CLS+SUM-NS,AVGL4L,torch.Size([1536]),86.56,89.83,95.17,89.52,91.71,94.6,71.59,88.42571428571429
deberta-base,CLS+MAX-NS_AVGL4L,CLS+MAX-NS,AVGL4L,torch.Size([1536]),83.49,72.42,91.6,87.97,89.07,89.0,71.88,83.63285714285713
deberta-base,DY3_AVGL4L,DY3,AVGL4L,torch.Size([2304]),86.8,87.52,94.88,89.54,92.09,88.8,68.75,86.91142857142857
deberta-base,DY3-NS_AVGL4L,DY3-NS,AVGL4L,torch.Size([2304]),86.56,88.79,95.08,68.77,91.54,91.2,67.25,84.17
deberta-base,DY5_AVGL4L,DY5,AVGL4L,torch.Size([3840]),87.28,89.11,95.42,68.77,91.05,85.8,62.78,82.88714285714285
deberta-base,DY5-NS_AVGL4L,DY5-NS,AVGL4L,torch.Size([3840]),87.23,89.64,95.48,68.77,50.08,93.2,69.45,79.12142857142858
deberta-base,CLS_SUMALL,CLS,SUMALL,torch.Size([768]),73.23,63.76,75.32,73.01,86.55,44.4,66.49,68.96571428571428
deberta-base,AVG_SUMALL,AVG,SUMALL,torch.Size([768]),85.89,87.44,95.38,90.9,91.49,93.2,70.32,87.80285714285716
deberta-base,SUM_SUMALL,SUM,SUMALL,torch.Size([768]),81.19,85.06,93.38,88.38,90.44,91.0,63.77,84.74571428571429
deberta-base,MAX_SUMALL,MAX,SUMALL,torch.Size([768]),78.07,64.48,91.34,89.08,87.42,91.4,65.8,81.08428571428571
deberta-base,AVG-NS_SUMALL,AVG-NS,SUMALL,torch.Size([768]),85.51,87.26,95.26,90.42,91.76,94.4,70.03,87.80571428571429
deberta-base,SUM-NS_SUMALL,SUM-NS,SUMALL,torch.Size([768]),81.29,85.19,93.33,87.94,90.33,90.0,66.49,84.93857142857142
deberta-base,MAX-NS_SUMALL,MAX-NS,SUMALL,torch.Size([768]),78.42,64.37,91.34,89.09,87.37,91.2,65.8,81.08428571428571
deberta-base,CLS+AVG_SUMALL,CLS+AVG,SUMALL,torch.Size([1536]),86.05,88.34,95.61,89.94,91.6,95.4,68.75,87.95571428571428
deberta-base,CLS+SUM_SUMALL,CLS+SUM,SUMALL,torch.Size([1536]),81.63,85.22,93.94,88.09,89.68,92.2,67.13,85.41285714285713
deberta-base,CLS+MAX_SUMALL,CLS+MAX,SUMALL,torch.Size([1536]),78.96,66.36,91.37,89.26,87.53,92.4,64.58,81.49428571428572
deberta-base,CLS+AVG-NS_SUMALL,CLS+AVG-NS,SUMALL,torch.Size([1536]),85.83,88.79,95.54,90.58,91.6,95.6,68.29,88.03285714285714
deberta-base,CLS+SUM-NS_SUMALL,CLS+SUM-NS,SUMALL,torch.Size([1536]),82.24,85.25,93.87,88.62,89.57,92.4,67.3,85.60714285714286
deberta-base,CLS+MAX-NS_SUMALL,CLS+MAX-NS,SUMALL,torch.Size([1536]),78.4,66.36,91.45,89.4,88.03,92.6,64.58,81.5457142857143
deberta-base,DY3_SUMALL,DY3,SUMALL,torch.Size([2304]),85.74,88.77,95.44,89.66,89.84,80.0,64.99,84.92
deberta-base,DY3-NS_SUMALL,DY3-NS,SUMALL,torch.Size([2304]),85.67,88.61,95.23,68.77,89.73,92.8,68.29,84.15714285714284
deberta-base,DY5_SUMALL,DY5,SUMALL,torch.Size([3840]),85.36,87.95,95.44,68.77,89.07,78.0,63.71,81.18571428571428
deberta-base,DY5-NS_SUMALL,DY5-NS,SUMALL,torch.Size([3840]),84.43,87.42,95.01,68.77,50.08,92.0,68.17,77.98285714285714
deberta-base,CLS_AVGALL,CLS,AVGALL,torch.Size([768]),66.97,63.76,73.42,68.77,78.97,41.6,66.49,65.71142857142857
deberta-base,AVG_AVGALL,AVG,AVGALL,torch.Size([768]),83.88,83.87,93.5,90.44,90.88,92.2,73.91,86.9542857142857
deberta-base,SUM_AVGALL,SUM,AVGALL,torch.Size([768]),84.78,87.13,94.79,90.58,91.49,94.8,67.25,87.25999999999999
deberta-base,MAX_AVGALL,MAX,AVGALL,torch.Size([768]),79.63,67.23,91.44,89.01,87.75,82.8,72.7,81.50857142857144
deberta-base,AVG-NS_AVGALL,AVG-NS,AVGALL,torch.Size([768]),84.22,84.32,93.42,90.74,90.99,91.6,75.13,87.20285714285714
deberta-base,SUM-NS_AVGALL,SUM-NS,AVGALL,torch.Size([768]),85.09,86.86,94.94,90.82,91.54,94.6,68.41,87.46571428571428
deberta-base,MAX-NS_AVGALL,MAX-NS,AVGALL,torch.Size([768]),79.61,67.26,91.27,89.66,87.81,82.8,72.7,81.58714285714287
deberta-base,CLS+AVG_AVGALL,CLS+AVG,AVGALL,torch.Size([1536]),84.21,84.77,93.65,89.77,90.99,91.2,75.01,87.08571428571429
deberta-base,CLS+SUM_AVGALL,CLS+SUM,AVGALL,torch.Size([1536]),85.77,87.89,95.68,89.99,90.72,95.6,68.99,87.8057142857143
deberta-base,CLS+MAX_AVGALL,CLS+MAX,AVGALL,torch.Size([1536]),79.44,70.81,91.63,88.98,88.08,88.2,73.1,82.89142857142858
deberta-base,CLS+AVG-NS_AVGALL,CLS+AVG-NS,AVGALL,torch.Size([1536]),84.36,84.21,93.68,90.09,91.05,91.6,74.96,87.13571428571429
deberta-base,CLS+SUM-NS_AVGALL,CLS+SUM-NS,AVGALL,torch.Size([1536]),85.5,86.7,95.69,90.61,90.88,95.6,72.46,88.2057142857143
deberta-base,CLS+MAX-NS_AVGALL,CLS+MAX-NS,AVGALL,torch.Size([1536]),79.4,70.83,91.63,89.75,88.08,88.2,73.86,83.10714285714286
deberta-base,DY3_AVGALL,DY3,AVGALL,torch.Size([2304]),84.34,87.34,94.12,89.97,89.68,83.0,67.71,85.1657142857143
deberta-base,DY3-NS_AVGALL,DY3-NS,AVGALL,torch.Size([2304]),83.89,86.78,93.88,68.77,90.33,91.0,66.96,83.08714285714287
deberta-base,DY5_AVGALL,DY5,AVGALL,torch.Size([3840]),84.53,87.1,95.2,68.77,90.28,87.6,65.45,82.70428571428572
deberta-base,DY5-NS_AVGALL,DY5-NS,AVGALL,torch.Size([3840]),84.78,87.76,95.06,68.77,50.08,93.4,68.99,78.4057142857143
deberta-base,CLS+AVG+AVG-NS_LYR-7,CLS+AVG+AVG-NS,LYR-7,torch.Size([2304]),84.21,87.44,94.9,90.62,91.43,95.0,76.46,88.58
deberta-base,CLS+AVG+SUM-NS_LYR-7,CLS+AVG+SUM-NS,LYR-7,torch.Size([2304]),84.35,89.99,95.27,90.55,90.99,95.6,67.54,87.75571428571428
deberta-base,CLS+AVG+MAX-NS_LYR-7,CLS+AVG+MAX-NS,LYR-7,torch.Size([2304]),83.83,85.16,94.39,90.46,90.94,94.0,73.97,87.53571428571429
deberta-base,CLS+SUM+AVG-NS_LYR-7,CLS+SUM+AVG-NS,LYR-7,torch.Size([2304]),84.72,88.21,94.97,90.6,90.61,95.0,71.13,87.89142857142858
deberta-base,CLS+SUM+SUM-NS_LYR-7,CLS+SUM+SUM-NS,LYR-7,torch.Size([2304]),83.86,88.42,94.28,90.32,90.44,95.4,70.14,87.55142857142857
deberta-base,CLS+SUM+MAX-NS_LYR-7,CLS+SUM+MAX-NS,LYR-7,torch.Size([2304]),84.34,88.63,94.64,90.82,90.61,95.4,70.67,87.87285714285714
deberta-base,CLS+MAX+AVG-NS_LYR-7,CLS+MAX+AVG-NS,LYR-7,torch.Size([2304]),83.87,85.14,94.39,90.38,90.77,94.2,73.57,87.4742857142857
deberta-base,CLS+MAX+SUM-NS_LYR-7,CLS+MAX+SUM-NS,LYR-7,torch.Size([2304]),84.34,89.19,94.93,90.48,90.99,95.4,70.38,87.95857142857143
deberta-base,CLS+MAX+MAX-NS_LYR-7,CLS+MAX+MAX-NS,LYR-7,torch.Size([2304]),80.44,80.0,91.79,88.95,87.2,93.6,74.32,85.18571428571428
deberta-base,CLS+AVG+AVG-NS_LYR-8,CLS+AVG+AVG-NS,LYR-8,torch.Size([2304]),85.74,88.95,95.07,90.19,92.04,95.2,76.41,89.08571428571429
deberta-base,CLS+AVG+SUM-NS_LYR-8,CLS+AVG+SUM-NS,LYR-8,torch.Size([2304]),85.49,89.96,94.74,89.91,91.82,96.2,71.54,88.52285714285713
deberta-base,CLS+AVG+MAX-NS_LYR-8,CLS+AVG+MAX-NS,LYR-8,torch.Size([2304]),85.54,87.97,94.1,90.12,91.54,93.8,73.51,88.08285714285715
deberta-base,CLS+SUM+AVG-NS_LYR-8,CLS+SUM+AVG-NS,LYR-8,torch.Size([2304]),85.87,89.88,95.18,90.32,91.16,96.2,71.65,88.60857142857142
deberta-base,CLS+SUM+SUM-NS_LYR-8,CLS+SUM+SUM-NS,LYR-8,torch.Size([2304]),85.16,90.01,95.19,89.64,90.44,96.4,70.96,88.25714285714287
deberta-base,CLS+SUM+MAX-NS_LYR-8,CLS+SUM+MAX-NS,LYR-8,torch.Size([2304]),85.14,89.69,95.09,90.12,90.88,95.4,72.52,88.40571428571427
deberta-base,CLS+MAX+AVG-NS_LYR-8,CLS+MAX+AVG-NS,LYR-8,torch.Size([2304]),85.08,86.97,94.26,90.27,91.76,94.8,73.45,88.08428571428571
deberta-base,CLS+MAX+SUM-NS_LYR-8,CLS+MAX+SUM-NS,LYR-8,torch.Size([2304]),85.68,89.88,95.07,89.94,90.61,95.6,71.77,88.36428571428571
deberta-base,CLS+MAX+MAX-NS_LYR-8,CLS+MAX+MAX-NS,LYR-8,torch.Size([2304]),82.59,78.68,92.52,89.35,89.51,93.4,73.91,85.70857142857142
deberta-base,CLS+AVG+AVG-NS_LYR-9,CLS+AVG+AVG-NS,LYR-9,torch.Size([2304]),86.55,89.56,94.84,90.27,91.82,94.6,76.99,89.23285714285714
deberta-base,CLS+AVG+SUM-NS_LYR-9,CLS+AVG+SUM-NS,LYR-9,torch.Size([2304]),86.49,90.49,95.11,89.93,91.71,96.0,69.39,88.44571428571429
deberta-base,CLS+AVG+MAX-NS_LYR-9,CLS+AVG+MAX-NS,LYR-9,torch.Size([2304]),85.92,88.8,93.87,90.14,91.76,94.4,74.67,88.50857142857141
deberta-base,CLS+SUM+AVG-NS_LYR-9,CLS+SUM+AVG-NS,LYR-9,torch.Size([2304]),87.13,90.86,95.27,89.82,91.43,96.4,71.25,88.88
deberta-base,CLS+SUM+SUM-NS_LYR-9,CLS+SUM+SUM-NS,LYR-9,torch.Size([2304]),86.23,89.96,95.15,89.81,91.6,96.2,72.58,88.79
deberta-base,CLS+SUM+MAX-NS_LYR-9,CLS+SUM+MAX-NS,LYR-9,torch.Size([2304]),86.82,90.36,95.33,90.0,91.54,95.6,72.23,88.84
deberta-base,CLS+MAX+AVG-NS_LYR-9,CLS+MAX+AVG-NS,LYR-9,torch.Size([2304]),85.99,89.16,93.98,90.01,91.93,93.8,74.14,88.42999999999999
deberta-base,CLS+MAX+SUM-NS_LYR-9,CLS+MAX+SUM-NS,LYR-9,torch.Size([2304]),86.48,89.99,95.34,89.77,91.6,95.6,68.93,88.24428571428572
deberta-base,CLS+MAX+MAX-NS_LYR-9,CLS+MAX+MAX-NS,LYR-9,torch.Size([2304]),83.87,81.35,92.58,89.44,89.29,92.0,74.43,86.13714285714286
deberta-base,CLS+AVG+AVG-NS_LYR-10,CLS+AVG+AVG-NS,LYR-10,torch.Size([2304]),86.94,90.09,94.75,89.92,92.7,93.4,76.17,89.13857142857141
deberta-base,CLS+AVG+SUM-NS_LYR-10,CLS+AVG+SUM-NS,LYR-10,torch.Size([2304]),87.19,90.78,94.98,90.0,92.53,96.2,71.77,89.06428571428572
deberta-base,CLS+AVG+MAX-NS_LYR-10,CLS+AVG+MAX-NS,LYR-10,torch.Size([2304]),87.08,90.07,94.37,90.08,93.08,93.8,74.32,88.97142857142856
deberta-base,CLS+SUM+AVG-NS_LYR-10,CLS+SUM+AVG-NS,LYR-10,torch.Size([2304]),87.2,90.92,94.88,89.71,92.53,95.8,70.32,88.76571428571427
deberta-base,CLS+SUM+SUM-NS_LYR-10,CLS+SUM+SUM-NS,LYR-10,torch.Size([2304]),87.36,91.15,94.95,89.7,91.98,95.8,68.58,88.50285714285714
deberta-base,CLS+SUM+MAX-NS_LYR-10,CLS+SUM+MAX-NS,LYR-10,torch.Size([2304]),87.17,90.92,94.85,90.06,92.48,96.0,70.43,88.84428571428573
deberta-base,CLS+MAX+AVG-NS_LYR-10,CLS+MAX+AVG-NS,LYR-10,torch.Size([2304]),86.72,89.78,94.53,89.99,93.03,94.0,74.49,88.9342857142857
deberta-base,CLS+MAX+SUM-NS_LYR-10,CLS+MAX+SUM-NS,LYR-10,torch.Size([2304]),87.43,90.41,94.63,89.8,92.42,95.0,71.54,88.74714285714286
deberta-base,CLS+MAX+MAX-NS_LYR-10,CLS+MAX+MAX-NS,LYR-10,torch.Size([2304]),84.21,82.2,92.84,89.17,90.94,93.4,73.39,86.59285714285714
deberta-base,CLS+AVG+AVG-NS_LYR-11,CLS+AVG+AVG-NS,LYR-11,torch.Size([2304]),86.51,88.82,94.71,89.36,92.92,91.2,75.42,88.41999999999999
deberta-base,CLS+AVG+SUM-NS_LYR-11,CLS+AVG+SUM-NS,LYR-11,torch.Size([2304]),87.91,89.94,95.08,89.33,92.42,94.6,64.64,87.70285714285714
deberta-base,CLS+AVG+MAX-NS_LYR-11,CLS+AVG+MAX-NS,LYR-11,torch.Size([2304]),86.44,88.71,94.25,89.28,93.36,90.6,72.7,87.9057142857143
deberta-base,CLS+SUM+AVG-NS_LYR-11,CLS+SUM+AVG-NS,LYR-11,torch.Size([2304]),87.53,89.8,95.25,89.46,92.37,94.8,70.61,88.54571428571428
deberta-base,CLS+SUM+SUM-NS_LYR-11,CLS+SUM+SUM-NS,LYR-11,torch.Size([2304]),87.41,90.28,95.18,89.19,92.37,94.6,69.86,88.41285714285713
deberta-base,CLS+SUM+MAX-NS_LYR-11,CLS+SUM+MAX-NS,LYR-11,torch.Size([2304]),87.5,89.85,94.91,89.23,92.7,94.6,70.96,88.53571428571429
deberta-base,CLS+MAX+AVG-NS_LYR-11,CLS+MAX+AVG-NS,LYR-11,torch.Size([2304]),85.93,88.63,94.26,89.31,93.3,90.8,73.91,88.02
deberta-base,CLS+MAX+SUM-NS_LYR-11,CLS+MAX+SUM-NS,LYR-11,torch.Size([2304]),87.36,88.95,95.08,89.11,92.64,95.0,69.16,88.18571428571428
deberta-base,CLS+MAX+MAX-NS_LYR-11,CLS+MAX+MAX-NS,LYR-11,torch.Size([2304]),81.85,71.55,91.68,88.33,89.73,88.0,73.86,83.57142857142857
deberta-base,CLS+AVG+AVG-NS_LYR-12,CLS+AVG+AVG-NS,LYR-12,torch.Size([2304]),84.15,85.67,93.59,87.76,91.38,85.6,70.03,85.4542857142857
deberta-base,CLS+AVG+SUM-NS_LYR-12,CLS+AVG+SUM-NS,LYR-12,torch.Size([2304]),84.35,85.32,93.57,87.19,90.99,90.8,67.36,85.65428571428572
deberta-base,CLS+AVG+MAX-NS_LYR-12,CLS+AVG+MAX-NS,LYR-12,torch.Size([2304]),83.97,80.82,92.16,86.71,91.43,85.8,68.0,84.12714285714286
deberta-base,CLS+SUM+AVG-NS_LYR-12,CLS+SUM+AVG-NS,LYR-12,torch.Size([2304]),83.58,84.0,93.92,87.73,91.05,90.8,67.3,85.48285714285714
deberta-base,CLS+SUM+SUM-NS_LYR-12,CLS+SUM+SUM-NS,LYR-12,torch.Size([2304]),82.17,84.45,93.46,87.36,90.39,88.6,70.49,85.27428571428571
deberta-base,CLS+SUM+MAX-NS_LYR-12,CLS+SUM+MAX-NS,LYR-12,torch.Size([2304]),83.57,83.89,93.83,87.37,91.1,90.4,67.25,85.3442857142857
deberta-base,CLS+MAX+AVG-NS_LYR-12,CLS+MAX+AVG-NS,LYR-12,torch.Size([2304]),83.46,82.07,92.59,86.73,91.49,87.8,66.49,84.37571428571428
deberta-base,CLS+MAX+SUM-NS_LYR-12,CLS+MAX+SUM-NS,LYR-12,torch.Size([2304]),84.56,85.19,93.87,86.56,91.16,90.0,67.42,85.53714285714285
deberta-base,CLS+MAX+MAX-NS_LYR-12,CLS+MAX+MAX-NS,LYR-12,torch.Size([2304]),78.8,68.21,89.48,84.24,86.22,83.4,68.35,79.81428571428572
deberta-base,CLS+AVG+AVG-NS_SUML4L,CLS+AVG+AVG-NS,SUML4L,torch.Size([2304]),87.4,89.98,95.26,90.49,92.59,95.8,75.94,89.63714285714286
deberta-base,CLS+AVG+SUM-NS_SUML4L,CLS+AVG+SUM-NS,SUML4L,torch.Size([2304]),84.77,89.14,94.26,89.37,91.71,95.6,68.64,87.64142857142858
deberta-base,CLS+AVG+MAX-NS_SUML4L,CLS+AVG+MAX-NS,SUML4L,torch.Size([2304]),86.54,88.9,94.7,90.14,92.53,94.6,70.84,88.32142857142857
deberta-base,CLS+SUM+AVG-NS_SUML4L,CLS+SUM+AVG-NS,SUML4L,torch.Size([2304]),84.67,89.22,94.44,89.89,91.16,95.2,72.12,88.10000000000001
deberta-base,CLS+SUM+SUM-NS_SUML4L,CLS+SUM+SUM-NS,SUML4L,torch.Size([2304]),84.23,89.22,94.43,89.2,91.71,95.2,69.1,87.58428571428571
deberta-base,CLS+SUM+MAX-NS_SUML4L,CLS+SUM+MAX-NS,SUML4L,torch.Size([2304]),84.19,88.37,94.51,89.38,91.21,94.6,71.94,87.74285714285715
deberta-base,CLS+MAX+AVG-NS_SUML4L,CLS+MAX+AVG-NS,SUML4L,torch.Size([2304]),86.67,88.85,94.49,90.23,92.37,94.4,67.54,87.79285714285713
deberta-base,CLS+MAX+SUM-NS_SUML4L,CLS+MAX+SUM-NS,SUML4L,torch.Size([2304]),84.63,89.14,94.53,89.57,91.16,94.0,67.48,87.21571428571428
deberta-base,CLS+MAX+MAX-NS_SUML4L,CLS+MAX+MAX-NS,SUML4L,torch.Size([2304]),83.21,80.43,92.69,88.86,89.73,91.0,67.77,84.81285714285715
deberta-base,CLS+AVG+AVG-NS_AVGL4L,CLS+AVG+AVG-NS,AVGL4L,torch.Size([2304]),86.49,89.14,94.76,89.78,92.37,92.8,75.54,88.69714285714284
deberta-base,CLS+AVG+SUM-NS_AVGL4L,CLS+AVG+SUM-NS,AVGL4L,torch.Size([2304]),86.73,88.98,95.03,89.55,92.59,96.0,68.29,88.16714285714285
deberta-base,CLS+AVG+MAX-NS_AVGL4L,CLS+AVG+MAX-NS,AVGL4L,torch.Size([2304]),85.99,88.05,93.78,89.47,92.42,92.2,73.74,87.95
deberta-base,CLS+SUM+AVG-NS_AVGL4L,CLS+SUM+AVG-NS,AVGL4L,torch.Size([2304]),86.99,89.46,95.53,89.88,92.48,95.4,72.75,88.92714285714285
deberta-base,CLS+SUM+SUM-NS_AVGL4L,CLS+SUM+SUM-NS,AVGL4L,torch.Size([2304]),86.47,89.88,95.07,89.53,91.87,95.4,72.29,88.6442857142857
deberta-base,CLS+SUM+MAX-NS_AVGL4L,CLS+SUM+MAX-NS,AVGL4L,torch.Size([2304]),86.99,90.17,95.09,89.65,91.98,95.0,71.83,88.67285714285715
deberta-base,CLS+MAX+AVG-NS_AVGL4L,CLS+MAX+AVG-NS,AVGL4L,torch.Size([2304]),86.19,88.21,94.16,89.55,92.53,91.6,72.81,87.86428571428571
deberta-base,CLS+MAX+SUM-NS_AVGL4L,CLS+MAX+SUM-NS,AVGL4L,torch.Size([2304]),87.17,89.67,95.03,89.64,91.98,95.0,68.58,88.15285714285714
deberta-base,CLS+MAX+MAX-NS_AVGL4L,CLS+MAX+MAX-NS,AVGL4L,torch.Size([2304]),83.17,75.89,92.35,88.47,90.5,90.6,74.14,85.01714285714286
deberta-base,CLS+AVG+AVG-NS_SUMALL,CLS+AVG+AVG-NS,SUMALL,torch.Size([2304]),86.0,88.95,96.06,90.81,91.32,95.6,74.9,89.09142857142857
deberta-base,CLS+AVG+SUM-NS_SUMALL,CLS+AVG+SUM-NS,SUMALL,torch.Size([2304]),81.6,86.99,94.19,89.21,90.01,92.4,67.77,86.02428571428571
deberta-base,CLS+AVG+MAX-NS_SUMALL,CLS+AVG+MAX-NS,SUMALL,torch.Size([2304]),83.83,86.52,94.3,90.18,92.2,91.6,69.39,86.86
deberta-base,CLS+SUM+AVG-NS_SUMALL,CLS+SUM+AVG-NS,SUMALL,torch.Size([2304]),81.99,86.22,94.34,88.95,90.83,94.2,69.04,86.50999999999999
deberta-base,CLS+SUM+SUM-NS_SUMALL,CLS+SUM+SUM-NS,SUMALL,torch.Size([2304]),82.0,87.57,94.08,88.63,90.39,91.8,70.61,86.43999999999998
deberta-base,CLS+SUM+MAX-NS_SUMALL,CLS+SUM+MAX-NS,SUMALL,torch.Size([2304]),81.87,86.33,94.36,88.98,90.12,95.0,69.62,86.61142857142859
deberta-base,CLS+MAX+AVG-NS_SUMALL,CLS+MAX+AVG-NS,SUMALL,torch.Size([2304]),84.06,86.75,94.27,89.75,91.76,95.0,69.04,87.23285714285713
deberta-base,CLS+MAX+SUM-NS_SUMALL,CLS+MAX+SUM-NS,SUMALL,torch.Size([2304]),81.68,87.55,94.08,88.91,90.17,90.8,67.94,85.8757142857143
deberta-base,CLS+MAX+MAX-NS_SUMALL,CLS+MAX+MAX-NS,SUMALL,torch.Size([2304]),78.7,69.06,92.06,89.33,87.86,90.6,69.16,82.39571428571428
deberta-base,CLS+AVG+AVG-NS_AVGALL,CLS+AVG+AVG-NS,AVGALL,torch.Size([2304]),84.84,87.76,94.72,90.98,91.65,93.4,77.04,88.62714285714286
deberta-base,CLS+AVG+SUM-NS_AVGALL,CLS+AVG+SUM-NS,AVGALL,torch.Size([2304]),85.75,89.32,95.46,90.64,91.6,95.2,72.87,88.69142857142857
deberta-base,CLS+AVG+MAX-NS_AVGALL,CLS+AVG+MAX-NS,AVGALL,torch.Size([2304]),83.64,85.51,93.88,90.41,91.43,94.0,74.26,87.58999999999999
deberta-base,CLS+SUM+AVG-NS_AVGALL,CLS+SUM+AVG-NS,AVGALL,torch.Size([2304]),85.82,87.57,95.86,90.71,91.6,95.2,72.41,88.45285714285714
deberta-base,CLS+SUM+SUM-NS_AVGALL,CLS+SUM+SUM-NS,AVGALL,torch.Size([2304]),85.14,89.01,95.51,90.23,90.88,95.8,71.71,88.3257142857143
deberta-base,CLS+SUM+MAX-NS_AVGALL,CLS+SUM+MAX-NS,AVGALL,torch.Size([2304]),85.43,88.39,95.76,90.25,90.94,95.8,72.99,88.50857142857141
deberta-base,CLS+MAX+AVG-NS_AVGALL,CLS+MAX+AVG-NS,AVGALL,torch.Size([2304]),83.41,85.16,94.19,90.37,91.43,94.4,73.91,87.55285714285715
deberta-base,CLS+MAX+SUM-NS_AVGALL,CLS+MAX+SUM-NS,AVGALL,torch.Size([2304]),85.26,89.24,95.2,90.28,91.65,94.2,72.99,88.40285714285714
deberta-base,CLS+MAX+MAX-NS_AVGALL,CLS+MAX+MAX-NS,AVGALL,torch.Size([2304]),80.12,74.99,92.01,89.92,87.86,92.2,73.8,84.41428571428571
allmpnet,CLS_LYR-7,CLS,LYR-7,torch.Size([768]),81.54,86.12,92.29,68.75,87.26,18.8,68.46,71.88857142857144
allmpnet,AVG_LYR-7,AVG,LYR-7,torch.Size([768]),84.52,89.56,94.22,89.54,90.83,90.4,71.54,87.22999999999999
allmpnet,SUM_LYR-7,SUM,LYR-7,torch.Size([768]),85.17,90.78,95.43,89.36,90.23,94.4,69.1,87.78142857142858
allmpnet,MAX_LYR-7,MAX,LYR-7,torch.Size([768]),81.12,85.17,92.39,88.6,88.69,82.4,72.87,84.46285714285715
allmpnet,AVG-NS_LYR-7,AVG-NS,LYR-7,torch.Size([768]),83.67,89.75,94.05,90.04,91.16,90.8,71.71,87.31142857142858
allmpnet,SUM-NS_LYR-7,SUM-NS,LYR-7,torch.Size([768]),85.22,90.49,95.28,89.35,90.61,94.8,65.33,87.29714285714286
allmpnet,MAX-NS_LYR-7,MAX-NS,LYR-7,torch.Size([768]),80.77,84.79,92.64,88.63,88.91,82.4,72.64,84.39714285714285
allmpnet,CLS+AVG_LYR-7,CLS+AVG,LYR-7,torch.Size([1536]),85.23,89.48,95.09,89.01,91.54,91.6,73.91,87.98
allmpnet,CLS+SUM_LYR-7,CLS+SUM,LYR-7,torch.Size([1536]),86.02,90.78,95.77,90.25,90.55,94.2,70.84,88.34428571428573
allmpnet,CLS+MAX_LYR-7,CLS+MAX,LYR-7,torch.Size([1536]),83.41,88.77,94.75,88.7,90.66,84.6,72.87,86.25142857142858
allmpnet,CLS+AVG-NS_LYR-7,CLS+AVG-NS,LYR-7,torch.Size([1536]),85.3,89.72,95.19,89.36,91.65,92.0,73.8,88.14571428571428
allmpnet,CLS+SUM-NS_LYR-7,CLS+SUM-NS,LYR-7,torch.Size([1536]),86.31,91.02,95.56,90.14,90.55,94.2,70.2,88.28285714285714
allmpnet,CLS+MAX-NS_LYR-7,CLS+MAX-NS,LYR-7,torch.Size([1536]),83.29,89.25,94.65,88.64,91.32,84.6,72.58,86.33285714285715
allmpnet,CLS+AVG+AVG-NS_LYR-7,CLS+AVG+AVG-NS,LYR-7,torch.Size([2304]),85.97,90.76,95.34,89.98,91.27,93.6,74.96,88.84000000000002
allmpnet,CLS+AVG+SUM-NS_LYR-7,CLS+AVG+SUM-NS,LYR-7,torch.Size([2304]),86.1,91.74,95.36,90.28,90.06,94.6,67.59,87.96142857142857
allmpnet,CLS+AVG+MAX-NS_LYR-7,CLS+AVG+MAX-NS,LYR-7,torch.Size([2304]),85.44,90.83,95.05,89.99,91.98,93.0,73.39,88.52571428571427
allmpnet,CLS+SUM+AVG-NS_LYR-7,CLS+SUM+AVG-NS,LYR-7,torch.Size([2304]),86.36,90.52,95.5,89.91,90.61,94.6,70.2,88.24285714285715
allmpnet,CLS+SUM+SUM-NS_LYR-7,CLS+SUM+SUM-NS,LYR-7,torch.Size([2304]),85.64,90.36,95.47,90.01,90.39,94.8,68.46,87.87571428571428
allmpnet,CLS+SUM+MAX-NS_LYR-7,CLS+SUM+MAX-NS,LYR-7,torch.Size([2304]),85.74,91.18,94.91,90.09,90.94,94.8,67.07,87.81857142857143
allmpnet,CLS+MAX+AVG-NS_LYR-7,CLS+MAX+AVG-NS,LYR-7,torch.Size([2304]),85.58,90.6,95.33,90.06,91.49,92.4,73.04,88.35714285714286
allmpnet,CLS+MAX+SUM-NS_LYR-7,CLS+MAX+SUM-NS,LYR-7,torch.Size([2304]),86.03,91.26,95.38,90.04,90.94,95.2,68.0,88.12142857142858
allmpnet,CLS+MAX+MAX-NS_LYR-7,CLS+MAX+MAX-NS,LYR-7,torch.Size([2304]),83.82,89.56,94.26,89.03,91.49,90.4,72.12,87.24
allmpnet,CLS_LYR-8,CLS,LYR-8,torch.Size([768]),81.86,84.61,91.28,68.77,87.86,44.2,66.72,75.04285714285713
allmpnet,AVG_LYR-8,AVG,LYR-8,torch.Size([768]),85.9,89.48,94.15,89.19,90.61,91.6,70.67,87.37142857142855
allmpnet,SUM_LYR-8,SUM,LYR-8,torch.Size([768]),85.24,90.99,95.09,89.6,90.77,94.6,70.32,88.08714285714284
allmpnet,MAX_LYR-8,MAX,LYR-8,torch.Size([768]),83.13,87.42,92.78,88.33,89.29,85.0,72.64,85.51285714285714
allmpnet,AVG-NS_LYR-8,AVG-NS,LYR-8,torch.Size([768]),85.99,89.19,94.33,89.52,90.88,92.2,70.96,87.58142857142857
allmpnet,SUM-NS_LYR-8,SUM-NS,LYR-8,torch.Size([768]),85.43,90.65,95.09,89.71,90.5,94.6,69.97,87.99285714285715
allmpnet,MAX-NS_LYR-8,MAX-NS,LYR-8,torch.Size([768]),83.54,87.36,92.55,88.3,89.35,84.8,72.7,85.51428571428572
allmpnet,CLS+AVG_LYR-8,CLS+AVG,LYR-8,torch.Size([1536]),85.96,89.27,95.02,88.98,91.82,92.4,70.61,87.72285714285715
allmpnet,CLS+SUM_LYR-8,CLS+SUM,LYR-8,torch.Size([1536]),85.72,90.76,95.13,89.89,90.61,93.2,70.09,87.91428571428573
allmpnet,CLS+MAX_LYR-8,CLS+MAX,LYR-8,torch.Size([1536]),84.7,88.37,94.57,88.55,90.66,84.0,71.3,86.02142857142857
allmpnet,CLS+AVG-NS_LYR-8,CLS+AVG-NS,LYR-8,torch.Size([1536]),86.2,89.96,95.04,89.5,91.87,90.6,70.43,87.65714285714284
allmpnet,CLS+SUM-NS_LYR-8,CLS+SUM-NS,LYR-8,torch.Size([1536]),85.82,90.3,94.99,90.0,91.1,93.2,70.32,87.96142857142857
allmpnet,CLS+MAX-NS_LYR-8,CLS+MAX-NS,LYR-8,torch.Size([1536]),84.64,88.05,94.51,88.55,90.61,84.0,73.16,86.21714285714286
allmpnet,CLS+AVG+AVG-NS_LYR-8,CLS+AVG+AVG-NS,LYR-8,torch.Size([2304]),86.09,90.78,95.4,90.13,91.93,94.8,73.74,88.98142857142857
allmpnet,CLS+AVG+SUM-NS_LYR-8,CLS+AVG+SUM-NS,LYR-8,torch.Size([2304]),85.94,90.25,95.53,89.93,90.99,95.0,70.14,88.25428571428573
allmpnet,CLS+AVG+MAX-NS_LYR-8,CLS+AVG+MAX-NS,LYR-8,torch.Size([2304]),85.33,90.15,95.07,89.9,91.27,92.6,72.64,88.13714285714286
allmpnet,CLS+SUM+AVG-NS_LYR-8,CLS+SUM+AVG-NS,LYR-8,torch.Size([2304]),86.09,90.73,95.53,89.76,91.27,94.2,68.64,88.03142857142858
allmpnet,CLS+SUM+SUM-NS_LYR-8,CLS+SUM+SUM-NS,LYR-8,torch.Size([2304]),85.45,91.36,95.09,90.18,90.99,95.8,69.68,88.36428571428571
allmpnet,CLS+SUM+MAX-NS_LYR-8,CLS+SUM+MAX-NS,LYR-8,torch.Size([2304]),86.13,90.91,95.44,90.06,91.05,95.8,68.52,88.27285714285713
allmpnet,CLS+MAX+AVG-NS_LYR-8,CLS+MAX+AVG-NS,LYR-8,torch.Size([2304]),86.21,90.28,95.04,89.88,92.09,92.0,73.45,88.42142857142858
allmpnet,CLS+MAX+SUM-NS_LYR-8,CLS+MAX+SUM-NS,LYR-8,torch.Size([2304]),86.1,90.84,95.24,90.07,91.05,95.4,70.26,88.42285714285715
allmpnet,CLS+MAX+MAX-NS_LYR-8,CLS+MAX+MAX-NS,LYR-8,torch.Size([2304]),84.65,88.11,94.12,88.81,90.83,89.6,71.59,86.8157142857143
allmpnet,CLS_LYR-9,CLS,LYR-9,torch.Size([768]),76.01,63.76,84.02,68.77,82.7,38.0,66.49,68.53571428571429
allmpnet,AVG_LYR-9,AVG,LYR-9,torch.Size([768]),85.28,87.26,94.09,89.1,91.05,94.8,71.01,87.51285714285714
allmpnet,SUM_LYR-9,SUM,LYR-9,torch.Size([768]),85.3,90.51,94.78,89.39,90.28,95.2,69.1,87.79428571428572
allmpnet,MAX_LYR-9,MAX,LYR-9,torch.Size([768]),83.09,83.58,92.45,88.44,90.23,84.6,72.7,85.01285714285714
allmpnet,AVG-NS_LYR-9,AVG-NS,LYR-9,torch.Size([768]),85.2,87.18,94.04,89.41,90.99,95.0,70.67,87.49857142857142
allmpnet,SUM-NS_LYR-9,SUM-NS,LYR-9,torch.Size([768]),85.31,90.38,94.95,89.63,90.12,95.4,67.59,87.62571428571428
allmpnet,MAX-NS_LYR-9,MAX-NS,LYR-9,torch.Size([768]),83.08,83.6,92.41,88.4,90.17,84.6,72.7,84.99428571428572
allmpnet,CLS+AVG_LYR-9,CLS+AVG,LYR-9,torch.Size([1536]),85.21,87.82,94.17,89.18,90.88,93.2,70.96,87.3457142857143
allmpnet,CLS+SUM_LYR-9,CLS+SUM,LYR-9,torch.Size([1536]),85.65,90.33,95.18,89.65,90.88,96.2,69.33,88.17428571428573
allmpnet,CLS+MAX_LYR-9,CLS+MAX,LYR-9,torch.Size([1536]),83.66,85.09,92.77,88.41,90.23,89.4,71.88,85.91999999999999
allmpnet,CLS+AVG-NS_LYR-9,CLS+AVG-NS,LYR-9,torch.Size([1536]),85.22,88.08,94.09,89.57,91.05,93.0,71.3,87.47285714285714
allmpnet,CLS+SUM-NS_LYR-9,CLS+SUM-NS,LYR-9,torch.Size([1536]),85.49,90.14,95.05,89.57,91.1,96.4,68.75,88.07142857142857
allmpnet,CLS+MAX-NS_LYR-9,CLS+MAX-NS,LYR-9,torch.Size([1536]),83.69,84.16,92.76,88.68,90.23,89.4,71.88,85.82857142857144
allmpnet,CLS+AVG+AVG-NS_LYR-9,CLS+AVG+AVG-NS,LYR-9,torch.Size([2304]),85.8,88.58,94.85,89.83,91.05,94.8,73.91,88.40285714285713
allmpnet,CLS+AVG+SUM-NS_LYR-9,CLS+AVG+SUM-NS,LYR-9,torch.Size([2304]),85.94,90.46,95.46,89.8,90.88,94.6,69.51,88.09285714285714
allmpnet,CLS+AVG+MAX-NS_LYR-9,CLS+AVG+MAX-NS,LYR-9,torch.Size([2304]),85.23,88.56,94.34,89.39,92.2,95.6,72.75,88.29571428571428
allmpnet,CLS+SUM+AVG-NS_LYR-9,CLS+SUM+AVG-NS,LYR-9,torch.Size([2304]),85.84,89.11,95.58,89.65,91.27,96.0,68.64,88.01285714285713
allmpnet,CLS+SUM+SUM-NS_LYR-9,CLS+SUM+SUM-NS,LYR-9,torch.Size([2304]),85.46,89.57,95.3,89.58,90.72,95.8,68.81,87.89142857142858
allmpnet,CLS+SUM+MAX-NS_LYR-9,CLS+SUM+MAX-NS,LYR-9,torch.Size([2304]),85.64,89.25,95.28,89.97,90.72,96.2,69.91,88.13857142857144
allmpnet,CLS+MAX+AVG-NS_LYR-9,CLS+MAX+AVG-NS,LYR-9,torch.Size([2304]),85.53,88.77,94.28,89.6,92.09,94.4,73.39,88.29428571428572
allmpnet,CLS+MAX+SUM-NS_LYR-9,CLS+MAX+SUM-NS,LYR-9,torch.Size([2304]),85.81,89.72,95.6,89.85,90.77,95.4,69.22,88.05285714285715
allmpnet,CLS+MAX+MAX-NS_LYR-9,CLS+MAX+MAX-NS,LYR-9,torch.Size([2304]),82.99,86.01,92.83,88.82,90.33,93.6,72.17,86.67857142857142
allmpnet,CLS_LYR-10,CLS,LYR-10,torch.Size([768]),62.8,63.76,76.5,68.77,58.54,18.4,66.49,59.32285714285714
allmpnet,AVG_LYR-10,AVG,LYR-10,torch.Size([768]),85.35,85.59,93.78,89.06,90.01,94.8,74.09,87.5257142857143
allmpnet,SUM_LYR-10,SUM,LYR-10,torch.Size([768]),85.03,89.99,94.65,89.55,90.17,96.0,70.61,88.0
allmpnet,MAX_LYR-10,MAX,LYR-10,torch.Size([768]),84.28,84.03,92.73,88.44,90.01,87.2,73.33,85.71714285714287
allmpnet,AVG-NS_LYR-10,AVG-NS,LYR-10,torch.Size([768]),85.28,85.99,93.77,89.08,90.17,94.0,74.32,87.51571428571427
allmpnet,SUM-NS_LYR-10,SUM-NS,LYR-10,torch.Size([768]),84.27,89.11,94.65,89.38,90.06,95.8,70.96,87.74714285714286
allmpnet,MAX-NS_LYR-10,MAX-NS,LYR-10,torch.Size([768]),84.28,84.0,92.77,88.33,89.95,89.0,73.33,85.95142857142856
allmpnet,CLS+AVG_LYR-10,CLS+AVG,LYR-10,torch.Size([1536]),84.76,84.18,93.85,88.94,90.28,93.4,73.86,87.03857142857143
allmpnet,CLS+SUM_LYR-10,CLS+SUM,LYR-10,torch.Size([1536]),85.53,89.22,94.85,89.47,90.28,95.8,68.52,87.66714285714285
allmpnet,CLS+MAX_LYR-10,CLS+MAX,LYR-10,torch.Size([1536]),83.98,84.16,92.53,88.04,90.28,88.0,71.36,85.47857142857143
allmpnet,CLS+AVG-NS_LYR-10,CLS+AVG-NS,LYR-10,torch.Size([1536]),84.7,85.38,93.93,89.23,90.44,93.8,74.96,87.49142857142859
allmpnet,CLS+SUM-NS_LYR-10,CLS+SUM-NS,LYR-10,torch.Size([1536]),85.45,89.67,94.89,89.38,90.5,95.8,70.03,87.96
allmpnet,CLS+MAX-NS_LYR-10,CLS+MAX-NS,LYR-10,torch.Size([1536]),83.98,84.16,92.49,88.0,90.06,88.0,71.36,85.4357142857143
allmpnet,CLS+AVG+AVG-NS_LYR-10,CLS+AVG+AVG-NS,LYR-10,torch.Size([2304]),85.1,87.04,94.31,89.79,90.23,95.4,75.71,88.22571428571429
allmpnet,CLS+AVG+SUM-NS_LYR-10,CLS+AVG+SUM-NS,LYR-10,torch.Size([2304]),85.16,88.85,95.17,89.78,90.39,95.8,67.71,87.55142857142857
allmpnet,CLS+AVG+MAX-NS_LYR-10,CLS+AVG+MAX-NS,LYR-10,torch.Size([2304]),85.35,84.5,93.53,89.2,90.55,94.2,75.77,87.58571428571429
allmpnet,CLS+SUM+AVG-NS_LYR-10,CLS+SUM+AVG-NS,LYR-10,torch.Size([2304]),85.85,89.4,95.16,89.81,90.33,95.4,68.17,87.73142857142855
allmpnet,CLS+SUM+SUM-NS_LYR-10,CLS+SUM+SUM-NS,LYR-10,torch.Size([2304]),85.31,89.75,95.03,89.6,90.44,95.6,69.04,87.82428571428571
allmpnet,CLS+SUM+MAX-NS_LYR-10,CLS+SUM+MAX-NS,LYR-10,torch.Size([2304]),85.75,88.98,95.13,89.82,90.66,96.0,68.7,87.86285714285715
allmpnet,CLS+MAX+AVG-NS_LYR-10,CLS+MAX+AVG-NS,LYR-10,torch.Size([2304]),84.89,85.54,93.52,89.52,90.23,94.6,74.43,87.53285714285714
allmpnet,CLS+MAX+SUM-NS_LYR-10,CLS+MAX+SUM-NS,LYR-10,torch.Size([2304]),85.49,89.16,95.01,90.01,90.55,96.0,67.94,87.73714285714287
allmpnet,CLS+MAX+MAX-NS_LYR-10,CLS+MAX+MAX-NS,LYR-10,torch.Size([2304]),84.5,84.11,92.77,88.99,90.39,92.8,70.96,86.36
allmpnet,CLS_LYR-11,CLS,LYR-11,torch.Size([768]),76.29,63.76,83.45,68.77,80.51,77.4,66.49,73.80999999999999
allmpnet,AVG_LYR-11,AVG,LYR-11,torch.Size([768]),84.49,84.45,93.43,88.39,89.57,93.8,75.42,87.07857142857142
allmpnet,SUM_LYR-11,SUM,LYR-11,torch.Size([768]),84.35,87.68,94.54,88.95,89.24,95.0,67.36,86.73142857142857
allmpnet,MAX_LYR-11,MAX,LYR-11,torch.Size([768]),82.92,82.22,91.99,87.9,88.91,85.2,73.16,84.61428571428571
allmpnet,AVG-NS_LYR-11,AVG-NS,LYR-11,torch.Size([768]),84.58,84.37,93.33,88.57,89.68,94.2,75.83,87.22285714285715
allmpnet,SUM-NS_LYR-11,SUM-NS,LYR-11,torch.Size([768]),84.67,87.73,94.51,88.9,89.29,95.0,67.48,86.79714285714287
allmpnet,MAX-NS_LYR-11,MAX-NS,LYR-11,torch.Size([768]),83.0,82.25,92.0,87.78,89.02,86.6,73.1,84.82142857142857
allmpnet,CLS+AVG_LYR-11,CLS+AVG,LYR-11,torch.Size([1536]),84.81,84.24,93.54,88.29,89.73,94.0,75.42,87.14714285714287
allmpnet,CLS+SUM_LYR-11,CLS+SUM,LYR-11,torch.Size([1536]),84.94,87.31,94.19,89.4,90.44,96.0,71.07,87.62142857142855
allmpnet,CLS+MAX_LYR-11,CLS+MAX,LYR-11,torch.Size([1536]),83.23,82.67,92.03,88.06,89.24,90.8,73.57,85.65714285714284
allmpnet,CLS+AVG-NS_LYR-11,CLS+AVG-NS,LYR-11,torch.Size([1536]),84.61,85.04,93.68,89.05,89.73,94.8,75.07,87.42571428571429
allmpnet,CLS+SUM-NS_LYR-11,CLS+SUM-NS,LYR-11,torch.Size([1536]),84.92,87.31,94.27,89.15,90.44,96.0,71.36,87.63571428571427
allmpnet,CLS+MAX-NS_LYR-11,CLS+MAX-NS,LYR-11,torch.Size([1536]),83.24,82.83,92.19,87.98,89.24,90.6,73.62,85.67142857142858
allmpnet,CLS+AVG+AVG-NS_LYR-11,CLS+AVG+AVG-NS,LYR-11,torch.Size([2304]),85.25,85.75,94.03,89.3,89.68,94.6,74.96,87.65285714285714
allmpnet,CLS+AVG+SUM-NS_LYR-11,CLS+AVG+SUM-NS,LYR-11,torch.Size([2304]),85.31,87.79,94.86,89.46,90.23,96.0,72.17,87.97428571428573
allmpnet,CLS+AVG+MAX-NS_LYR-11,CLS+AVG+MAX-NS,LYR-11,torch.Size([2304]),84.8,85.22,93.94,88.89,90.23,95.8,75.36,87.74857142857142
allmpnet,CLS+SUM+AVG-NS_LYR-11,CLS+SUM+AVG-NS,LYR-11,torch.Size([2304]),85.1,88.4,94.99,89.58,90.12,96.0,71.13,87.90285714285714
allmpnet,CLS+SUM+SUM-NS_LYR-11,CLS+SUM+SUM-NS,LYR-11,torch.Size([2304]),84.19,87.81,94.73,89.61,90.06,96.2,71.01,87.65857142857143
allmpnet,CLS+SUM+MAX-NS_LYR-11,CLS+SUM+MAX-NS,LYR-11,torch.Size([2304]),84.99,88.4,94.99,89.36,90.61,96.6,72.06,88.14428571428572
allmpnet,CLS+MAX+AVG-NS_LYR-11,CLS+MAX+AVG-NS,LYR-11,torch.Size([2304]),85.19,85.67,93.96,89.25,90.17,95.4,75.36,87.85714285714286
allmpnet,CLS+MAX+SUM-NS_LYR-11,CLS+MAX+SUM-NS,LYR-11,torch.Size([2304]),84.96,88.11,94.78,89.22,90.33,96.2,72.41,88.00142857142858
allmpnet,CLS+MAX+MAX-NS_LYR-11,CLS+MAX+MAX-NS,LYR-11,torch.Size([2304]),83.74,83.71,92.17,88.04,89.07,93.4,70.96,85.87
allmpnet,CLS_LYR-12,CLS,LYR-12,torch.Size([768]),83.05,82.6,91.24,87.42,87.26,84.0,72.58,84.02142857142857
allmpnet,AVG_LYR-12,AVG,LYR-12,torch.Size([768]),84.34,82.15,92.49,88.08,88.63,90.0,72.93,85.51714285714287
allmpnet,SUM_LYR-12,SUM,LYR-12,torch.Size([768]),84.06,86.36,93.7,88.41,88.36,94.4,70.2,86.49857142857142
allmpnet,MAX_LYR-12,MAX,LYR-12,torch.Size([768]),83.79,80.1,91.39,87.64,89.24,84.6,74.14,84.41428571428571
allmpnet,AVG-NS_LYR-12,AVG-NS,LYR-12,torch.Size([768]),84.14,81.99,92.58,87.8,89.02,90.2,72.87,85.51428571428572
allmpnet,SUM-NS_LYR-12,SUM-NS,LYR-12,torch.Size([768]),84.06,85.59,93.94,88.3,88.36,94.6,70.14,86.42714285714285
allmpnet,MAX-NS_LYR-12,MAX-NS,LYR-12,torch.Size([768]),83.83,80.16,91.42,87.87,89.07,85.8,74.09,84.60571428571428
allmpnet,CLS+AVG_LYR-12,CLS+AVG,LYR-12,torch.Size([1536]),84.2,84.69,93.02,88.57,88.47,89.2,75.42,86.2242857142857
allmpnet,CLS+SUM_LYR-12,CLS+SUM,LYR-12,torch.Size([1536]),84.48,87.1,93.85,88.83,89.29,94.4,71.07,87.00285714285714
allmpnet,CLS+MAX_LYR-12,CLS+MAX,LYR-12,torch.Size([1536]),83.63,83.63,92.79,88.7,87.97,90.2,74.14,85.86571428571429
allmpnet,CLS+AVG-NS_LYR-12,CLS+AVG-NS,LYR-12,torch.Size([1536]),84.23,84.72,92.94,88.61,88.52,91.6,75.25,86.55285714285715
allmpnet,CLS+SUM-NS_LYR-12,CLS+SUM-NS,LYR-12,torch.Size([1536]),84.5,86.89,93.81,88.45,88.3,94.8,71.25,86.85714285714286
allmpnet,CLS+MAX-NS_LYR-12,CLS+MAX-NS,LYR-12,torch.Size([1536]),83.63,83.68,92.86,88.65,87.97,89.0,74.03,85.68857142857144
allmpnet,CLS+AVG+AVG-NS_LYR-12,CLS+AVG+AVG-NS,LYR-12,torch.Size([2304]),84.85,85.72,93.41,88.61,88.52,92.4,75.3,86.97285714285714
allmpnet,CLS+AVG+SUM-NS_LYR-12,CLS+AVG+SUM-NS,LYR-12,torch.Size([2304]),84.35,86.65,93.96,88.71,88.41,94.4,71.07,86.79285714285713
allmpnet,CLS+AVG+MAX-NS_LYR-12,CLS+AVG+MAX-NS,LYR-12,torch.Size([2304]),84.23,84.74,93.28,88.97,89.4,92.4,74.49,86.78714285714285
allmpnet,CLS+SUM+AVG-NS_LYR-12,CLS+SUM+AVG-NS,LYR-12,torch.Size([2304]),84.64,86.97,93.85,88.81,88.52,94.2,69.62,86.65857142857143
allmpnet,CLS+SUM+SUM-NS_LYR-12,CLS+SUM+SUM-NS,LYR-12,torch.Size([2304]),84.26,87.1,94.05,89.02,89.13,94.4,70.2,86.88000000000001
allmpnet,CLS+SUM+MAX-NS_LYR-12,CLS+SUM+MAX-NS,LYR-12,torch.Size([2304]),84.45,87.21,93.99,88.74,89.79,93.8,69.28,86.75142857142858
allmpnet,CLS+MAX+AVG-NS_LYR-12,CLS+MAX+AVG-NS,LYR-12,torch.Size([2304]),84.66,85.09,93.38,88.98,88.91,91.6,74.2,86.68857142857144
allmpnet,CLS+MAX+SUM-NS_LYR-12,CLS+MAX+SUM-NS,LYR-12,torch.Size([2304]),84.32,86.12,94.02,89.06,88.08,94.8,71.3,86.8142857142857
allmpnet,CLS+MAX+MAX-NS_LYR-12,CLS+MAX+MAX-NS,LYR-12,torch.Size([2304]),84.37,85.14,93.06,88.83,88.8,92.0,73.74,86.56285714285715
allmpnet,CLS_SUML4L,CLS,SUML4L,torch.Size([768]),82.88,82.75,90.7,87.7,87.64,84.6,73.45,84.24571428571429
allmpnet,AVG_SUML4L,AVG,SUML4L,torch.Size([768]),86.02,89.06,94.63,89.89,91.21,95.4,76.29,88.92857142857142
allmpnet,SUM_SUML4L,SUM,SUML4L,torch.Size([768]),82.85,88.56,93.83,89.33,89.62,95.0,69.04,86.89
allmpnet,MAX_SUML4L,MAX,SUML4L,torch.Size([768]),83.71,85.51,92.55,88.47,90.06,93.2,71.25,86.39285714285714
allmpnet,AVG-NS_SUML4L,AVG-NS,SUML4L,torch.Size([768]),86.05,89.19,94.41,90.06,90.94,95.8,76.7,89.02142857142857
allmpnet,SUM-NS_SUML4L,SUM-NS,SUML4L,torch.Size([768]),82.39,88.42,93.83,89.17,89.51,95.2,70.03,86.93571428571428
allmpnet,MAX-NS_SUML4L,MAX-NS,SUML4L,torch.Size([768]),83.68,85.48,92.46,88.7,90.12,93.6,71.3,86.47714285714285
allmpnet,CLS+AVG_SUML4L,CLS+AVG,SUML4L,torch.Size([1536]),85.94,88.58,94.71,90.0,91.1,96.4,76.35,89.01142857142857
allmpnet,CLS+SUM_SUML4L,CLS+SUM,SUML4L,torch.Size([1536]),83.98,88.42,94.29,89.92,89.95,95.0,69.86,87.34571428571428
allmpnet,CLS+MAX_SUML4L,CLS+MAX,SUML4L,torch.Size([1536]),84.66,85.96,93.64,89.77,90.83,95.6,74.26,87.81714285714284
allmpnet,CLS+AVG-NS_SUML4L,CLS+AVG-NS,SUML4L,torch.Size([1536]),85.79,88.63,94.61,90.13,90.61,96.2,76.23,88.88571428571429
allmpnet,CLS+SUM-NS_SUML4L,CLS+SUM-NS,SUML4L,torch.Size([1536]),84.2,88.79,94.32,89.81,90.06,95.0,69.45,87.3757142857143
allmpnet,CLS+MAX-NS_SUML4L,CLS+MAX-NS,SUML4L,torch.Size([1536]),84.73,86.52,93.64,89.58,90.83,95.6,74.26,87.88
allmpnet,CLS+AVG+AVG-NS_SUML4L,CLS+AVG+AVG-NS,SUML4L,torch.Size([2304]),86.26,89.14,95.1,90.44,90.77,95.8,76.23,89.10571428571428
allmpnet,CLS+AVG+SUM-NS_SUML4L,CLS+AVG+SUM-NS,SUML4L,torch.Size([2304]),84.49,88.71,94.71,90.0,90.23,95.0,71.77,87.8442857142857
allmpnet,CLS+AVG+MAX-NS_SUML4L,CLS+AVG+MAX-NS,SUML4L,torch.Size([2304]),85.22,88.34,94.83,89.77,90.94,95.6,73.28,88.28285714285713
allmpnet,CLS+SUM+AVG-NS_SUML4L,CLS+SUM+AVG-NS,SUML4L,torch.Size([2304]),84.16,88.93,94.67,90.18,90.39,93.4,70.78,87.50142857142858
allmpnet,CLS+SUM+SUM-NS_SUML4L,CLS+SUM+SUM-NS,SUML4L,torch.Size([2304]),83.27,86.91,94.45,89.96,90.23,94.4,68.64,86.83714285714287
allmpnet,CLS+SUM+MAX-NS_SUML4L,CLS+SUM+MAX-NS,SUML4L,torch.Size([2304]),83.75,89.35,94.77,89.96,90.33,95.2,69.68,87.57714285714285
allmpnet,CLS+MAX+AVG-NS_SUML4L,CLS+MAX+AVG-NS,SUML4L,torch.Size([2304]),85.86,89.41,94.29,90.26,90.44,95.4,74.2,88.55142857142857
allmpnet,CLS+MAX+SUM-NS_SUML4L,CLS+MAX+SUM-NS,SUML4L,torch.Size([2304]),83.7,88.74,94.76,89.59,90.55,94.8,71.94,87.72571428571428
allmpnet,CLS+MAX+MAX-NS_SUML4L,CLS+MAX+MAX-NS,SUML4L,torch.Size([2304]),84.44,85.25,93.14,89.63,89.51,96.2,70.09,86.89428571428572
allmpnet,CLS_AVGL4L,CLS,AVGL4L,torch.Size([768]),82.05,66.22,90.02,79.9,86.93,81.2,66.49,78.97285714285714
allmpnet,AVG_AVGL4L,AVG,AVGL4L,torch.Size([768]),84.89,85.77,93.7,88.33,90.61,93.8,74.61,87.38714285714286
allmpnet,SUM_AVGL4L,SUM,AVGL4L,torch.Size([768]),85.22,90.22,94.58,89.62,90.01,95.6,71.36,88.08714285714287
allmpnet,MAX_AVGL4L,MAX,AVGL4L,torch.Size([768]),84.09,83.6,92.66,88.2,90.12,88.4,72.0,85.58142857142857
allmpnet,AVG-NS_AVGL4L,AVG-NS,AVGL4L,torch.Size([768]),84.79,86.38,93.69,89.05,90.55,92.4,73.57,87.20428571428572
allmpnet,SUM-NS_AVGL4L,SUM-NS,AVGL4L,torch.Size([768]),85.27,90.17,94.56,89.42,90.88,96.2,70.61,88.15857142857143
allmpnet,MAX-NS_AVGL4L,MAX-NS,AVGL4L,torch.Size([768]),84.07,83.63,92.76,88.14,90.33,88.0,72.29,85.60285714285713
allmpnet,CLS+AVG_AVGL4L,CLS+AVG,AVGL4L,torch.Size([1536]),85.28,86.09,93.99,89.27,90.23,93.4,74.67,87.56142857142856
allmpnet,CLS+SUM_AVGL4L,CLS+SUM,AVGL4L,torch.Size([1536]),85.58,89.88,95.01,89.6,90.83,96.0,70.61,88.21571428571427
allmpnet,CLS+MAX_AVGL4L,CLS+MAX,AVGL4L,torch.Size([1536]),84.44,85.16,92.32,88.54,90.06,89.6,71.83,85.99285714285715
allmpnet,CLS+AVG-NS_AVGL4L,CLS+AVG-NS,AVGL4L,torch.Size([1536]),85.2,85.83,94.12,89.37,90.33,93.6,74.84,87.61285714285714
allmpnet,CLS+SUM-NS_AVGL4L,CLS+SUM-NS,AVGL4L,torch.Size([1536]),85.61,89.83,94.88,89.39,91.05,96.0,70.43,88.17
allmpnet,CLS+MAX-NS_AVGL4L,CLS+MAX-NS,AVGL4L,torch.Size([1536]),84.47,85.35,92.31,88.61,90.06,89.6,71.88,86.03999999999999
allmpnet,CLS+AVG+AVG-NS_AVGL4L,CLS+AVG+AVG-NS,AVGL4L,torch.Size([2304]),85.42,87.81,94.46,89.64,90.66,95.8,75.94,88.53285714285714
allmpnet,CLS+AVG+SUM-NS_AVGL4L,CLS+AVG+SUM-NS,AVGL4L,torch.Size([2304]),85.51,89.93,95.14,90.06,91.27,95.6,73.28,88.6842857142857
allmpnet,CLS+AVG+MAX-NS_AVGL4L,CLS+AVG+MAX-NS,AVGL4L,torch.Size([2304]),85.27,86.78,93.75,89.71,90.44,95.2,75.83,88.14
allmpnet,CLS+SUM+AVG-NS_AVGL4L,CLS+SUM+AVG-NS,AVGL4L,torch.Size([2304]),85.75,89.91,95.15,89.98,90.28,96.2,71.19,88.35142857142857
allmpnet,CLS+SUM+SUM-NS_AVGL4L,CLS+SUM+SUM-NS,AVGL4L,torch.Size([2304]),85.49,88.69,94.95,89.92,90.66,95.4,69.97,87.86857142857143
allmpnet,CLS+SUM+MAX-NS_AVGL4L,CLS+SUM+MAX-NS,AVGL4L,torch.Size([2304]),85.69,90.06,94.87,89.85,91.54,96.2,72.29,88.64285714285714
allmpnet,CLS+MAX+AVG-NS_AVGL4L,CLS+MAX+AVG-NS,AVGL4L,torch.Size([2304]),85.31,86.97,93.91,89.74,90.39,95.6,75.83,88.25
allmpnet,CLS+MAX+SUM-NS_AVGL4L,CLS+MAX+SUM-NS,AVGL4L,torch.Size([2304]),85.53,90.15,95.17,90.08,91.49,95.0,72.99,88.63000000000001
allmpnet,CLS+MAX+MAX-NS_AVGL4L,CLS+MAX+MAX-NS,AVGL4L,torch.Size([2304]),84.43,84.58,93.08,89.0,90.61,90.2,74.55,86.63571428571427
allmpnet,CLS_SUMALL,CLS,SUMALL,torch.Size([768]),84.09,87.42,94.68,87.03,90.39,85.6,68.81,85.43142857142857
allmpnet,AVG_SUMALL,AVG,SUMALL,torch.Size([768]),85.85,90.12,95.35,90.39,91.21,95.2,75.25,89.05285714285715
allmpnet,SUM_SUMALL,SUM,SUMALL,torch.Size([768]),82.22,88.11,94.11,89.53,90.28,94.6,69.8,86.95
allmpnet,MAX_SUMALL,MAX,SUMALL,torch.Size([768]),82.01,73.46,92.48,89.83,89.24,91.8,65.91,83.53285714285713
allmpnet,AVG-NS_SUMALL,AVG-NS,SUMALL,torch.Size([768]),85.91,90.54,95.25,90.45,91.21,95.4,74.55,89.0442857142857
allmpnet,SUM-NS_SUMALL,SUM-NS,SUMALL,torch.Size([768]),82.05,87.87,94.07,89.45,90.01,93.6,67.59,86.37714285714286
allmpnet,MAX-NS_SUMALL,MAX-NS,SUMALL,torch.Size([768]),82.08,73.09,92.58,89.66,89.29,89.6,65.91,83.17285714285713
allmpnet,CLS+AVG_SUMALL,CLS+AVG,SUMALL,torch.Size([1536]),86.64,90.31,95.68,90.86,91.43,96.0,66.49,88.20142857142858
allmpnet,CLS+SUM_SUMALL,CLS+SUM,SUMALL,torch.Size([1536]),82.6,88.69,94.5,89.71,90.23,92.6,70.84,87.02428571428571
allmpnet,CLS+MAX_SUMALL,CLS+MAX,SUMALL,torch.Size([1536]),84.07,87.34,94.98,89.93,91.32,93.6,57.1,85.47714285714287
allmpnet,CLS+AVG-NS_SUMALL,CLS+AVG-NS,SUMALL,torch.Size([1536]),86.53,90.36,95.6,91.04,91.49,96.0,66.49,88.21571428571428
allmpnet,CLS+SUM-NS_SUMALL,CLS+SUM-NS,SUMALL,torch.Size([1536]),83.24,88.5,94.57,90.24,90.55,92.8,67.94,86.8342857142857
allmpnet,CLS+MAX-NS_SUMALL,CLS+MAX-NS,SUMALL,torch.Size([1536]),84.09,87.39,94.99,90.03,91.32,93.8,57.22,85.54857142857144
allmpnet,CLS+AVG+AVG-NS_SUMALL,CLS+AVG+AVG-NS,SUMALL,torch.Size([2304]),86.65,90.68,95.92,90.98,91.98,95.8,73.1,89.30142857142857
allmpnet,CLS+AVG+SUM-NS_SUMALL,CLS+AVG+SUM-NS,SUMALL,torch.Size([2304]),84.11,89.38,95.0,90.73,90.44,93.0,67.19,87.1214285714286
allmpnet,CLS+AVG+MAX-NS_SUMALL,CLS+AVG+MAX-NS,SUMALL,torch.Size([2304]),85.56,89.99,95.56,90.53,91.76,95.4,72.41,88.74428571428571
allmpnet,CLS+SUM+AVG-NS_SUMALL,CLS+SUM+AVG-NS,SUMALL,torch.Size([2304]),82.99,89.11,94.78,89.85,90.23,93.6,67.77,86.90428571428572
allmpnet,CLS+SUM+SUM-NS_SUMALL,CLS+SUM+SUM-NS,SUMALL,torch.Size([2304]),83.41,90.07,94.78,89.57,89.24,92.2,67.3,86.65285714285713
allmpnet,CLS+SUM+MAX-NS_SUMALL,CLS+SUM+MAX-NS,SUMALL,torch.Size([2304]),82.92,89.24,94.68,89.57,90.77,94.0,66.9,86.86857142857143
allmpnet,CLS+MAX+AVG-NS_SUMALL,CLS+MAX+AVG-NS,SUMALL,torch.Size([2304]),85.45,89.25,95.36,90.85,91.93,95.2,68.93,88.13857142857144
allmpnet,CLS+MAX+SUM-NS_SUMALL,CLS+MAX+SUM-NS,SUMALL,torch.Size([2304]),83.59,89.19,94.72,90.42,90.17,93.2,67.48,86.96714285714287
allmpnet,CLS+MAX+MAX-NS_SUMALL,CLS+MAX+MAX-NS,SUMALL,torch.Size([2304]),83.54,87.68,94.81,89.99,91.16,93.4,64.35,86.41857142857144
allmpnet,CLS_AVGALL,CLS,AVGALL,torch.Size([768]),80.92,63.66,91.42,68.77,89.4,54.4,66.49,73.58
allmpnet,AVG_AVGALL,AVG,AVGALL,torch.Size([768]),83.94,86.97,93.96,90.19,91.32,89.8,66.49,86.09571428571428
allmpnet,SUM_AVGALL,SUM,AVGALL,torch.Size([768]),85.61,90.2,95.31,90.79,90.88,95.6,68.99,88.19714285714285
allmpnet,MAX_AVGALL,MAX,AVGALL,torch.Size([768]),82.29,78.57,92.56,89.37,89.35,81.0,70.38,83.36
allmpnet,AVG-NS_AVGALL,AVG-NS,AVGALL,torch.Size([768]),83.73,86.3,93.46,90.06,90.5,91.8,66.49,86.04857142857144
allmpnet,SUM-NS_AVGALL,SUM-NS,AVGALL,torch.Size([768]),85.59,90.15,95.42,90.61,90.72,95.8,70.49,88.39714285714285
allmpnet,MAX-NS_AVGALL,MAX-NS,AVGALL,torch.Size([768]),82.52,79.18,92.61,89.34,89.4,81.0,70.32,83.48142857142855
allmpnet,CLS+AVG_AVGALL,CLS+AVG,AVGALL,torch.Size([1536]),85.07,87.74,94.94,90.14,91.43,89.0,66.49,86.40142857142857
allmpnet,CLS+SUM_AVGALL,CLS+SUM,AVGALL,torch.Size([1536]),86.35,90.86,95.73,90.28,91.05,95.6,71.65,88.78857142857143
allmpnet,CLS+MAX_AVGALL,CLS+MAX,AVGALL,torch.Size([1536]),83.49,84.53,94.38,89.42,90.66,87.8,72.12,86.05714285714285
allmpnet,CLS+AVG-NS_AVGALL,CLS+AVG-NS,AVGALL,torch.Size([1536]),85.35,88.34,94.94,90.24,91.76,92.6,66.49,87.10285714285715
allmpnet,CLS+SUM-NS_AVGALL,CLS+SUM-NS,AVGALL,torch.Size([1536]),86.33,90.38,95.75,90.42,90.88,95.4,71.88,88.72
allmpnet,CLS+MAX-NS_AVGALL,CLS+MAX-NS,AVGALL,torch.Size([1536]),83.57,85.03,94.3,89.52,91.1,87.6,71.07,86.02714285714286
allmpnet,CLS+AVG+AVG-NS_AVGALL,CLS+AVG+AVG-NS,AVGALL,torch.Size([2304]),85.53,89.03,95.25,90.37,91.76,93.2,74.9,88.57714285714285
allmpnet,CLS+AVG+SUM-NS_AVGALL,CLS+AVG+SUM-NS,AVGALL,torch.Size([2304]),86.54,90.17,95.8,90.93,91.05,95.2,71.88,88.7957142857143
allmpnet,CLS+AVG+MAX-NS_AVGALL,CLS+AVG+MAX-NS,AVGALL,torch.Size([2304]),85.57,89.67,94.87,89.94,91.54,92.4,75.3,88.47
allmpnet,CLS+SUM+AVG-NS_AVGALL,CLS+SUM+AVG-NS,AVGALL,torch.Size([2304]),86.51,90.49,95.96,90.68,91.05,95.8,72.23,88.96000000000001
allmpnet,CLS+SUM+SUM-NS_AVGALL,CLS+SUM+SUM-NS,AVGALL,torch.Size([2304]),86.23,90.04,95.87,90.7,90.77,96.0,69.8,88.48714285714284
allmpnet,CLS+SUM+MAX-NS_AVGALL,CLS+SUM+MAX-NS,AVGALL,torch.Size([2304]),86.51,90.76,95.58,90.66,91.54,95.6,72.0,88.95
allmpnet,CLS+MAX+AVG-NS_AVGALL,CLS+MAX+AVG-NS,AVGALL,torch.Size([2304]),85.17,89.88,94.94,90.52,91.49,87.8,72.0,87.39999999999999
allmpnet,CLS+MAX+SUM-NS_AVGALL,CLS+MAX+SUM-NS,AVGALL,torch.Size([2304]),86.31,89.59,95.71,90.21,91.27,96.0,70.38,88.49571428571427
allmpnet,CLS+MAX+MAX-NS_AVGALL,CLS+MAX+MAX-NS,AVGALL,torch.Size([2304]),84.02,86.73,94.13,89.99,90.77,88.4,72.29,86.61857142857141
allmpnet,CLS_SUML6L,CLS,SUML6L,torch.Size([768]),84.42,88.66,94.58,87.69,89.68,85.6,70.55,85.88285714285713
allmpnet,AVG_SUML6L,AVG,SUML6L,torch.Size([768]),86.35,90.52,94.98,90.49,91.32,96.4,76.29,89.47857142857143
allmpnet,SUM_SUML6L,SUM,SUML6L,torch.Size([768]),82.59,88.74,94.14,89.3,89.29,94.0,69.45,86.78714285714285
allmpnet,MAX_SUML6L,MAX,SUML6L,torch.Size([768]),84.23,84.56,92.83,88.82,90.5,93.0,65.97,85.70142857142858
allmpnet,AVG-NS_SUML6L,AVG-NS,SUML6L,torch.Size([768]),86.4,90.46,94.92,89.68,91.32,96.2,76.87,89.40714285714286
allmpnet,SUM-NS_SUML6L,SUM-NS,SUML6L,torch.Size([768]),82.53,88.77,94.01,89.31,89.4,93.8,69.57,86.76999999999998
allmpnet,MAX-NS_SUML6L,MAX-NS,SUML6L,torch.Size([768]),84.32,84.24,92.86,89.13,90.5,92.0,66.03,85.58285714285714
allmpnet,CLS+AVG_SUML6L,CLS+AVG,SUML6L,torch.Size([1536]),86.86,90.99,95.59,90.48,91.93,96.4,75.54,89.6842857142857
allmpnet,CLS+SUM_SUML6L,CLS+SUM,SUML6L,torch.Size([1536]),84.24,89.59,94.48,90.17,90.88,95.2,71.77,88.04714285714286
allmpnet,CLS+MAX_SUML6L,CLS+MAX,SUML6L,torch.Size([1536]),85.53,89.54,95.19,89.95,91.82,94.8,71.48,88.33
allmpnet,CLS+AVG-NS_SUML6L,CLS+AVG-NS,SUML6L,torch.Size([1536]),86.81,91.42,95.61,90.61,91.82,96.4,75.54,89.74428571428572
allmpnet,CLS+SUM-NS_SUML6L,CLS+SUM-NS,SUML6L,torch.Size([1536]),84.48,89.53,94.59,90.13,91.05,95.0,69.04,87.68857142857142
allmpnet,CLS+MAX-NS_SUML6L,CLS+MAX-NS,SUML6L,torch.Size([1536]),85.39,89.38,95.07,90.1,91.87,94.8,71.59,88.3142857142857
allmpnet,CLS+AVG+AVG-NS_SUML6L,CLS+AVG+AVG-NS,SUML6L,torch.Size([2304]),86.84,91.95,95.74,90.74,91.71,96.2,75.88,89.86571428571429
allmpnet,CLS+AVG+SUM-NS_SUML6L,CLS+AVG+SUM-NS,SUML6L,torch.Size([2304]),84.78,90.33,94.82,90.09,91.27,94.2,69.8,87.89857142857143
allmpnet,CLS+AVG+MAX-NS_SUML6L,CLS+AVG+MAX-NS,SUML6L,torch.Size([2304]),86.34,91.52,95.39,90.31,91.87,96.0,72.58,89.14428571428573
allmpnet,CLS+SUM+AVG-NS_SUML6L,CLS+SUM+AVG-NS,SUML6L,torch.Size([2304]),84.56,89.24,94.77,90.31,91.1,96.6,68.35,87.84714285714287
allmpnet,CLS+SUM+SUM-NS_SUML6L,CLS+SUM+SUM-NS,SUML6L,torch.Size([2304]),84.04,90.09,94.62,89.9,90.66,93.0,70.09,87.48571428571428
allmpnet,CLS+SUM+MAX-NS_SUML6L,CLS+SUM+MAX-NS,SUML6L,torch.Size([2304]),83.98,89.62,94.7,89.96,90.88,95.0,72.52,88.0942857142857
allmpnet,CLS+MAX+AVG-NS_SUML6L,CLS+MAX+AVG-NS,SUML6L,torch.Size([2304]),85.89,91.26,95.5,90.38,92.15,95.6,75.19,89.42428571428572
allmpnet,CLS+MAX+SUM-NS_SUML6L,CLS+MAX+SUM-NS,SUML6L,torch.Size([2304]),84.7,90.49,94.57,90.18,90.66,94.2,69.57,87.76714285714287
allmpnet,CLS+MAX+MAX-NS_SUML6L,CLS+MAX+MAX-NS,SUML6L,torch.Size([2304]),85.18,89.61,94.39,90.07,92.15,95.6,67.77,87.82428571428571
allmpnet,CLS_AVGL6L,CLS,AVGL6L,torch.Size([768]),82.2,85.03,92.57,68.77,89.24,79.8,66.49,80.58571428571429
allmpnet,AVG_AVGL6L,AVG,AVGL6L,torch.Size([768]),85.48,87.58,93.89,88.84,91.32,92.0,71.42,87.21857142857141
allmpnet,SUM_AVGL6L,SUM,AVGL6L,torch.Size([768]),85.8,90.91,95.1,89.91,90.66,96.6,71.01,88.56999999999998
allmpnet,MAX_AVGL6L,MAX,AVGL6L,torch.Size([768]),84.2,85.22,92.84,88.71,90.39,88.0,72.81,86.0242857142857
allmpnet,AVG-NS_AVGL6L,AVG-NS,AVGL6L,torch.Size([768]),85.48,87.42,93.66,89.51,91.43,94.0,71.83,87.61857142857143
allmpnet,SUM-NS_AVGL6L,SUM-NS,AVGL6L,torch.Size([768]),85.82,90.73,95.09,89.57,90.61,96.6,71.13,88.50714285714285
allmpnet,MAX-NS_AVGL6L,MAX-NS,AVGL6L,torch.Size([768]),84.23,85.27,92.82,88.74,89.62,86.6,72.87,85.73571428571428
allmpnet,CLS+AVG_AVGL6L,CLS+AVG,AVGL6L,torch.Size([1536]),85.91,89.3,95.03,89.12,91.76,94.0,73.33,88.35000000000001
allmpnet,CLS+SUM_AVGL6L,CLS+SUM,AVGL6L,torch.Size([1536]),86.46,90.73,95.2,89.84,91.71,96.4,72.35,88.9557142857143
allmpnet,CLS+MAX_AVGL6L,CLS+MAX,AVGL6L,torch.Size([1536]),84.95,88.61,94.31,89.07,91.76,88.4,71.36,86.92285714285715
allmpnet,CLS+AVG-NS_AVGL6L,CLS+AVG-NS,AVGL6L,torch.Size([1536]),85.86,89.46,95.02,89.43,91.98,92.4,73.22,88.19571428571429
allmpnet,CLS+SUM-NS_AVGL6L,CLS+SUM-NS,AVGL6L,torch.Size([1536]),86.48,90.6,95.16,89.82,90.83,96.4,72.41,88.8142857142857
allmpnet,CLS+MAX-NS_AVGL6L,CLS+MAX-NS,AVGL6L,torch.Size([1536]),84.88,88.48,94.3,89.26,91.71,86.2,71.48,86.61571428571429
allmpnet,CLS+AVG+AVG-NS_AVGL6L,CLS+AVG+AVG-NS,AVGL6L,torch.Size([2304]),86.25,89.62,94.84,90.02,92.15,95.2,75.83,89.13000000000001
allmpnet,CLS+AVG+SUM-NS_AVGL6L,CLS+AVG+SUM-NS,AVGL6L,torch.Size([2304]),86.31,90.15,95.55,90.37,91.32,96.0,71.19,88.69857142857144
allmpnet,CLS+AVG+MAX-NS_AVGL6L,CLS+AVG+MAX-NS,AVGL6L,torch.Size([2304]),85.62,89.03,94.84,89.88,91.71,94.6,70.49,88.02428571428571
allmpnet,CLS+SUM+AVG-NS_AVGL6L,CLS+SUM+AVG-NS,AVGL6L,torch.Size([2304]),86.47,89.96,95.18,90.22,91.54,96.6,71.88,88.83571428571429
allmpnet,CLS+SUM+SUM-NS_AVGL6L,CLS+SUM+SUM-NS,AVGL6L,torch.Size([2304]),86.29,90.94,95.77,89.76,91.65,96.2,65.97,88.08285714285715
allmpnet,CLS+SUM+MAX-NS_AVGL6L,CLS+SUM+MAX-NS,AVGL6L,torch.Size([2304]),86.34,91.2,95.4,90.31,91.76,96.8,72.46,89.18142857142858
allmpnet,CLS+MAX+AVG-NS_AVGL6L,CLS+MAX+AVG-NS,AVGL6L,torch.Size([2304]),85.92,89.83,94.56,90.04,91.87,95.0,71.25,88.35285714285715
allmpnet,CLS+MAX+SUM-NS_AVGL6L,CLS+MAX+SUM-NS,AVGL6L,torch.Size([2304]),86.63,90.89,95.64,89.85,91.6,96.4,71.48,88.92714285714285
allmpnet,CLS+MAX+MAX-NS_AVGL6L,CLS+MAX+MAX-NS,AVGL6L,torch.Size([2304]),84.95,87.79,94.28,89.33,91.27,90.8,74.03,87.49285714285713
allmpnet,CLS_SUML4BL,CLS,SUML4BL,torch.Size([768]),81.31,84.79,91.09,68.77,88.3,64.4,66.61,77.8957142857143
allmpnet,AVG_SUML4BL,AVG,SUML4BL,torch.Size([768]),86.41,90.33,94.88,90.03,91.27,96.2,75.88,89.28571428571429
allmpnet,SUM_SUML4BL,SUM,SUML4BL,torch.Size([768]),82.66,89.03,94.0,89.04,89.68,94.8,69.04,86.89285714285714
allmpnet,MAX_SUML4BL,MAX,SUML4BL,torch.Size([768]),84.1,85.8,92.45,88.74,90.77,93.2,65.91,85.85285714285713
allmpnet,AVG-NS_SUML4BL,AVG-NS,SUML4BL,torch.Size([768]),86.39,90.39,94.89,90.27,91.27,96.0,76.06,89.32428571428571
allmpnet,SUM-NS_SUML4BL,SUM-NS,SUML4BL,torch.Size([768]),82.46,88.9,94.13,89.21,89.68,94.6,69.57,86.93571428571428
allmpnet,MAX-NS_SUML4BL,MAX-NS,SUML4BL,torch.Size([768]),83.57,85.69,92.56,89.19,90.39,92.8,65.91,85.72999999999999
allmpnet,CLS+AVG_SUML4BL,CLS+AVG,SUML4BL,torch.Size([1536]),86.73,90.83,95.3,90.17,92.09,96.2,75.19,89.50142857142858
allmpnet,CLS+SUM_SUML4BL,CLS+SUM,SUML4BL,torch.Size([1536]),84.21,89.24,94.4,90.02,91.05,94.6,69.39,87.55857142857143
allmpnet,CLS+MAX_SUML4BL,CLS+MAX,SUML4BL,torch.Size([1536]),85.29,88.27,94.21,88.77,91.65,94.2,72.0,87.77
allmpnet,CLS+AVG-NS_SUML4BL,CLS+AVG-NS,SUML4BL,torch.Size([1536]),86.58,90.81,95.3,90.46,91.6,96.4,75.71,89.55142857142857
allmpnet,CLS+SUM-NS_SUML4BL,CLS+SUM-NS,SUML4BL,torch.Size([1536]),84.38,89.22,94.39,90.11,91.05,95.4,67.71,87.4657142857143
allmpnet,CLS+MAX-NS_SUML4BL,CLS+MAX-NS,SUML4BL,torch.Size([1536]),85.26,88.21,94.2,89.05,91.65,94.0,72.75,87.87428571428572
allmpnet,CLS+AVG+AVG-NS_SUML4BL,CLS+AVG+AVG-NS,SUML4BL,torch.Size([2304]),87.15,91.18,95.56,90.48,91.6,96.4,74.78,89.59285714285714
allmpnet,CLS+AVG+SUM-NS_SUML4BL,CLS+AVG+SUM-NS,SUML4BL,torch.Size([2304]),84.88,89.62,95.01,90.2,90.66,95.4,69.1,87.83857142857143
allmpnet,CLS+AVG+MAX-NS_SUML4BL,CLS+AVG+MAX-NS,SUML4BL,torch.Size([2304]),86.06,90.38,95.07,90.18,91.54,95.6,73.8,88.94714285714285
allmpnet,CLS+SUM+AVG-NS_SUML4BL,CLS+SUM+AVG-NS,SUML4BL,torch.Size([2304]),84.77,90.15,94.96,90.3,90.66,95.8,68.35,87.85571428571428
allmpnet,CLS+SUM+SUM-NS_SUML4BL,CLS+SUM+SUM-NS,SUML4BL,torch.Size([2304]),84.23,89.56,94.81,89.91,90.39,94.4,70.49,87.6842857142857
allmpnet,CLS+SUM+MAX-NS_SUML4BL,CLS+SUM+MAX-NS,SUML4BL,torch.Size([2304]),84.54,89.91,94.71,89.93,90.77,95.4,68.99,87.75
allmpnet,CLS+MAX+AVG-NS_SUML4BL,CLS+MAX+AVG-NS,SUML4BL,torch.Size([2304]),86.07,90.2,94.6,90.33,91.76,95.4,74.2,88.93714285714286
allmpnet,CLS+MAX+SUM-NS_SUML4BL,CLS+MAX+SUM-NS,SUML4BL,torch.Size([2304]),84.66,89.51,94.83,90.15,90.77,95.2,69.8,87.84571428571428
allmpnet,CLS+MAX+MAX-NS_SUML4BL,CLS+MAX+MAX-NS,SUML4BL,torch.Size([2304]),83.94,87.68,93.69,89.31,91.16,95.0,71.36,87.44857142857143
allmpnet,CLS_AVGL4BL,CLS,AVGL4BL,torch.Size([768]),78.14,63.76,88.21,68.77,86.88,42.0,66.49,70.60714285714286
allmpnet,AVG_AVGL4BL,AVG,AVGL4BL,torch.Size([768]),84.83,87.44,93.58,89.17,90.94,94.4,72.81,87.5957142857143
allmpnet,SUM_AVGL4BL,SUM,AVGL4BL,torch.Size([768]),85.62,90.28,95.03,89.73,90.83,96.4,71.36,88.46428571428571
allmpnet,MAX_AVGL4BL,MAX,AVGL4BL,torch.Size([768]),84.03,84.45,92.67,88.5,90.17,84.4,71.71,85.13285714285715
allmpnet,AVG-NS_AVGL4BL,AVG-NS,AVGL4BL,torch.Size([768]),84.8,87.34,93.57,89.46,91.05,94.4,73.45,87.72428571428573
allmpnet,SUM-NS_AVGL4BL,SUM-NS,AVGL4BL,torch.Size([768]),85.49,90.33,94.93,89.72,90.94,95.8,71.36,88.36714285714287
allmpnet,MAX-NS_AVGL4BL,MAX-NS,AVGL4BL,torch.Size([768]),84.03,84.87,92.43,88.62,90.44,84.4,71.65,85.2057142857143
allmpnet,CLS+AVG_AVGL4BL,CLS+AVG,AVGL4BL,torch.Size([1536]),85.36,88.87,94.64,89.22,91.05,92.6,72.93,87.81000000000002
allmpnet,CLS+SUM_AVGL4BL,CLS+SUM,AVGL4BL,torch.Size([1536]),86.01,90.23,95.1,90.03,90.88,96.8,71.65,88.67142857142856
allmpnet,CLS+MAX_AVGL4BL,CLS+MAX,AVGL4BL,torch.Size([1536]),84.67,86.97,93.9,88.58,90.5,85.0,72.29,85.98714285714284
allmpnet,CLS+AVG-NS_AVGL4BL,CLS+AVG-NS,AVGL4BL,torch.Size([1536]),85.72,88.82,94.55,89.82,91.16,94.2,72.87,88.16285714285713
allmpnet,CLS+SUM-NS_AVGL4BL,CLS+SUM-NS,AVGL4BL,torch.Size([1536]),85.98,90.36,95.07,90.01,90.77,96.6,71.88,88.66714285714285
allmpnet,CLS+MAX-NS_AVGL4BL,CLS+MAX-NS,AVGL4BL,torch.Size([1536]),84.72,86.89,93.88,89.0,90.99,85.0,72.99,86.21000000000001
allmpnet,CLS+AVG+AVG-NS_AVGL4BL,CLS+AVG+AVG-NS,AVGL4BL,torch.Size([2304]),86.04,89.43,94.84,89.93,91.27,95.2,74.67,88.76857142857143
allmpnet,CLS+AVG+SUM-NS_AVGL4BL,CLS+AVG+SUM-NS,AVGL4BL,torch.Size([2304]),86.17,90.84,95.74,90.04,91.27,96.6,71.25,88.8442857142857
allmpnet,CLS+AVG+MAX-NS_AVGL4BL,CLS+AVG+MAX-NS,AVGL4BL,torch.Size([2304]),85.45,88.84,94.33,89.75,91.6,95.2,75.01,88.59714285714287
allmpnet,CLS+SUM+AVG-NS_AVGL4BL,CLS+SUM+AVG-NS,AVGL4BL,torch.Size([2304]),86.31,90.54,95.32,90.0,91.16,96.4,70.67,88.62857142857142
allmpnet,CLS+SUM+SUM-NS_AVGL4BL,CLS+SUM+SUM-NS,AVGL4BL,torch.Size([2304]),85.91,90.75,95.32,90.03,91.38,95.4,71.83,88.66
allmpnet,CLS+SUM+MAX-NS_AVGL4BL,CLS+SUM+MAX-NS,AVGL4BL,torch.Size([2304]),86.15,91.05,95.38,90.12,91.32,96.6,70.9,88.78857142857143
allmpnet,CLS+MAX+AVG-NS_AVGL4BL,CLS+MAX+AVG-NS,AVGL4BL,torch.Size([2304]),85.58,87.79,94.24,89.74,91.21,95.0,74.72,88.32571428571428
allmpnet,CLS+MAX+SUM-NS_AVGL4BL,CLS+MAX+SUM-NS,AVGL4BL,torch.Size([2304]),86.16,90.09,95.65,90.27,91.21,96.2,72.35,88.84714285714286
allmpnet,CLS+MAX+MAX-NS_AVGL4BL,CLS+MAX+MAX-NS,AVGL4BL,torch.Size([2304]),84.4,86.28,93.78,88.74,90.94,93.2,72.87,87.17285714285715
deberta-base,CLS_SUML6L,CLS,SUML6L,torch.Size([768]),75.98,63.66,81.03,73.72,86.93,38.6,66.49,69.48714285714286
deberta-base,AVG_SUML6L,AVG,SUML6L,torch.Size([768]),86.96,89.43,95.1,90.22,91.71,95.0,72.52,88.7057142857143
deberta-base,SUM_SUML6L,SUM,SUML6L,torch.Size([768]),82.96,87.55,93.87,88.47,91.65,94.6,66.49,86.51285714285714
deberta-base,MAX_SUML6L,MAX,SUML6L,torch.Size([768]),81.71,69.03,92.53,89.06,89.95,91.2,64.99,82.63857142857144
deberta-base,AVG-NS_SUML6L,AVG-NS,SUML6L,torch.Size([768]),87.03,89.56,95.22,90.33,91.98,95.0,72.29,88.77285714285713
deberta-base,SUM-NS_SUML6L,SUM-NS,SUML6L,torch.Size([768]),83.2,87.23,93.84,88.6,91.21,93.8,68.06,86.56285714285715
deberta-base,MAX-NS_SUML6L,MAX-NS,SUML6L,torch.Size([768]),81.74,69.03,92.53,89.37,90.01,93.2,65.04,82.98857142857142
deberta-base,CLS+AVG_SUML6L,CLS+AVG,SUML6L,torch.Size([1536]),87.0,89.99,94.82,90.21,92.48,94.6,74.61,89.10142857142857
deberta-base,CLS+SUM_SUML6L,CLS+SUM,SUML6L,torch.Size([1536]),82.84,87.6,94.56,88.71,91.27,92.0,67.83,86.40142857142858
deberta-base,CLS+MAX_SUML6L,CLS+MAX,SUML6L,torch.Size([1536]),81.87,75.58,92.54,88.78,89.84,93.6,66.84,84.15
deberta-base,CLS+AVG-NS_SUML6L,CLS+AVG-NS,SUML6L,torch.Size([1536]),87.36,89.72,94.96,90.04,92.59,95.4,74.49,89.22285714285714
deberta-base,CLS+SUM-NS_SUML6L,CLS+SUM-NS,SUML6L,torch.Size([1536]),83.57,87.23,94.45,88.98,91.16,90.0,69.86,86.46428571428571
deberta-base,CLS+MAX-NS_SUML6L,CLS+MAX-NS,SUML6L,torch.Size([1536]),81.82,75.47,92.53,89.28,89.9,93.6,65.16,83.96571428571428
deberta-base,CLS+AVG+AVG-NS_SUML6L,CLS+AVG+AVG-NS,SUML6L,torch.Size([2304]),87.04,90.28,95.82,90.56,92.59,94.8,75.59,89.52571428571427
deberta-base,CLS+AVG+SUM-NS_SUML6L,CLS+AVG+SUM-NS,SUML6L,torch.Size([2304]),85.27,88.61,94.74,89.2,91.49,94.0,66.61,87.13142857142857
deberta-base,CLS+AVG+MAX-NS_SUML6L,CLS+AVG+MAX-NS,SUML6L,torch.Size([2304]),86.13,89.16,94.82,90.28,91.71,95.2,69.91,88.17285714285713
deberta-base,CLS+SUM+AVG-NS_SUML6L,CLS+SUM+AVG-NS,SUML6L,torch.Size([2304]),83.51,88.69,95.01,89.82,90.72,94.4,72.35,87.78571428571429
deberta-base,CLS+SUM+SUM-NS_SUML6L,CLS+SUM+SUM-NS,SUML6L,torch.Size([2304]),84.09,88.66,94.89,88.98,91.43,93.4,68.7,87.16428571428573
deberta-base,CLS+SUM+MAX-NS_SUML6L,CLS+SUM+MAX-NS,SUML6L,torch.Size([2304]),83.81,88.5,94.77,89.28,92.09,94.0,69.86,87.47285714285715
deberta-base,CLS+MAX+AVG-NS_SUML6L,CLS+MAX+AVG-NS,SUML6L,torch.Size([2304]),86.5,89.19,94.68,90.07,92.53,93.6,67.01,87.65428571428572
deberta-base,CLS+MAX+SUM-NS_SUML6L,CLS+MAX+SUM-NS,SUML6L,torch.Size([2304]),84.01,89.14,94.51,89.1,92.09,92.8,72.64,87.75571428571428
deberta-base,CLS+MAX+MAX-NS_SUML6L,CLS+MAX+MAX-NS,SUML6L,torch.Size([2304]),83.48,80.05,92.82,89.33,89.73,93.4,70.49,85.61428571428573
deberta-base,CLS_AVGL6L,CLS,AVGL6L,torch.Size([768]),68.03,63.76,77.67,68.74,81.44,41.2,66.49,66.76142857142857
deberta-base,AVG_AVGL6L,AVG,AVGL6L,torch.Size([768]),85.0,85.56,94.03,90.01,92.04,91.6,73.68,87.41714285714286
deberta-base,SUM_AVGL6L,SUM,AVGL6L,torch.Size([768]),86.77,88.53,94.83,90.0,92.09,95.0,67.94,87.88000000000001
deberta-base,MAX_AVGL6L,MAX,AVGL6L,torch.Size([768]),82.55,67.21,92.32,88.78,89.18,86.8,72.46,82.75714285714287
deberta-base,AVG-NS_AVGL6L,AVG-NS,AVGL6L,torch.Size([768]),85.03,86.73,94.34,90.1,92.09,90.2,74.49,87.56857142857145
deberta-base,SUM-NS_AVGL6L,SUM-NS,AVGL6L,torch.Size([768]),86.46,88.5,94.84,90.25,92.09,95.6,68.29,88.00428571428571
deberta-base,MAX-NS_AVGL6L,MAX-NS,AVGL6L,torch.Size([768]),82.55,67.23,92.3,89.27,89.68,87.0,72.35,82.91142857142857
deberta-base,CLS+AVG_AVGL6L,CLS+AVG,AVGL6L,torch.Size([1536]),84.78,87.63,93.89,89.72,92.42,92.0,73.86,87.75714285714287
deberta-base,CLS+SUM_AVGL6L,CLS+SUM,AVGL6L,torch.Size([1536]),87.27,89.24,95.3,89.76,92.2,96.0,69.22,88.42714285714285
deberta-base,CLS+MAX_AVGL6L,CLS+MAX,AVGL6L,torch.Size([1536]),82.97,78.07,91.66,89.0,88.41,87.6,72.06,84.25285714285714
deberta-base,CLS+AVG-NS_AVGL6L,CLS+AVG-NS,AVGL6L,torch.Size([1536]),84.83,87.79,93.68,90.02,92.37,91.6,75.65,87.99142857142856
deberta-base,CLS+SUM-NS_AVGL6L,CLS+SUM-NS,AVGL6L,torch.Size([1536]),87.23,89.8,95.35,89.98,91.82,96.0,69.39,88.51
deberta-base,CLS+MAX-NS_AVGL6L,CLS+MAX-NS,AVGL6L,torch.Size([1536]),82.97,78.12,91.67,88.75,88.58,87.8,72.06,84.27857142857144
deberta-base,CLS+AVG+AVG-NS_AVGL6L,CLS+AVG+AVG-NS,AVGL6L,torch.Size([2304]),86.26,88.74,94.82,90.52,92.31,94.6,74.84,88.87
deberta-base,CLS+AVG+SUM-NS_AVGL6L,CLS+AVG+SUM-NS,AVGL6L,torch.Size([2304]),87.54,89.91,95.76,90.13,91.98,96.0,71.36,88.9542857142857
deberta-base,CLS+AVG+MAX-NS_AVGL6L,CLS+AVG+MAX-NS,AVGL6L,torch.Size([2304]),85.78,88.74,94.29,90.28,92.42,94.0,75.59,88.72857142857143
deberta-base,CLS+SUM+AVG-NS_AVGL6L,CLS+SUM+AVG-NS,AVGL6L,torch.Size([2304]),87.14,89.67,95.82,90.27,92.37,96.2,73.22,89.24142857142859
deberta-base,CLS+SUM+SUM-NS_AVGL6L,CLS+SUM+SUM-NS,AVGL6L,torch.Size([2304]),86.86,88.93,94.98,89.95,91.98,95.8,73.33,88.83285714285715
deberta-base,CLS+SUM+MAX-NS_AVGL6L,CLS+SUM+MAX-NS,AVGL6L,torch.Size([2304]),86.81,89.88,96.06,90.06,92.64,96.2,69.86,88.78714285714285
deberta-base,CLS+MAX+AVG-NS_AVGL6L,CLS+MAX+AVG-NS,AVGL6L,torch.Size([2304]),85.84,88.4,94.33,90.22,92.09,93.4,72.81,88.15571428571427
deberta-base,CLS+MAX+SUM-NS_AVGL6L,CLS+MAX+SUM-NS,AVGL6L,torch.Size([2304]),87.01,89.72,95.54,90.09,92.26,96.0,66.9,88.21714285714286
deberta-base,CLS+MAX+MAX-NS_AVGL6L,CLS+MAX+MAX-NS,AVGL6L,torch.Size([2304]),83.07,78.6,92.74,89.22,90.17,93.6,73.91,85.90142857142857
deberta-base,CLS_SUML4BL,CLS,SUML4BL,torch.Size([768]),75.45,63.76,84.01,70.75,84.18,42.2,65.86,69.45857142857143
deberta-base,AVG_SUML4BL,AVG,SUML4BL,torch.Size([768]),87.45,89.54,94.63,90.18,92.59,94.8,75.3,89.21285714285713
deberta-base,SUM_SUML4BL,SUM,SUML4BL,torch.Size([768]),83.55,88.18,93.88,89.01,92.26,95.4,67.01,87.04142857142857
deberta-base,MAX_SUML4BL,MAX,SUML4BL,torch.Size([768]),83.9,82.01,92.77,89.43,90.55,91.8,63.77,84.89
deberta-base,AVG-NS_SUML4BL,AVG-NS,SUML4BL,torch.Size([768]),87.38,89.56,94.65,90.45,92.53,95.0,75.36,89.2757142857143
deberta-base,SUM-NS_SUML4BL,SUM-NS,SUML4BL,torch.Size([768]),83.64,88.21,93.97,89.29,92.26,94.4,66.61,86.91142857142857
deberta-base,MAX-NS_SUML4BL,MAX-NS,SUML4BL,torch.Size([768]),83.86,82.28,92.81,89.48,90.66,91.8,63.77,84.95142857142856
deberta-base,CLS+AVG_SUML4BL,CLS+AVG,SUML4BL,torch.Size([1536]),87.27,90.52,95.16,90.07,92.86,95.0,75.36,89.46285714285715
deberta-base,CLS+SUM_SUML4BL,CLS+SUM,SUML4BL,torch.Size([1536]),84.56,88.9,94.48,89.27,92.2,94.2,64.93,86.9342857142857
deberta-base,CLS+MAX_SUML4BL,CLS+MAX,SUML4BL,torch.Size([1536]),83.29,72.26,92.72,89.12,90.01,92.6,67.77,83.96714285714286
deberta-base,CLS+AVG-NS_SUML4BL,CLS+AVG-NS,SUML4BL,torch.Size([1536]),87.15,90.57,95.33,90.25,92.15,95.4,75.59,89.49142857142859
deberta-base,CLS+SUM-NS_SUML4BL,CLS+SUM-NS,SUML4BL,torch.Size([1536]),84.36,88.8,94.17,89.33,92.15,93.8,67.54,87.1642857142857
deberta-base,CLS+MAX-NS_SUML4BL,CLS+MAX-NS,SUML4BL,torch.Size([1536]),83.67,72.24,92.72,89.12,90.23,92.4,67.71,84.01285714285714
deberta-base,CLS+AVG+AVG-NS_SUML4BL,CLS+AVG+AVG-NS,SUML4BL,torch.Size([2304]),87.41,90.84,95.41,90.49,92.86,95.6,75.54,89.73571428571428
deberta-base,CLS+AVG+SUM-NS_SUML4BL,CLS+AVG+SUM-NS,SUML4BL,torch.Size([2304]),86.21,89.64,94.47,90.36,91.98,95.4,69.51,88.22428571428573
deberta-base,CLS+AVG+MAX-NS_SUML4BL,CLS+AVG+MAX-NS,SUML4BL,torch.Size([2304]),86.38,90.23,94.55,90.3,92.37,92.8,74.09,88.67428571428572
deberta-base,CLS+SUM+AVG-NS_SUML4BL,CLS+SUM+AVG-NS,SUML4BL,torch.Size([2304]),85.04,89.27,94.48,89.52,91.98,95.8,68.41,87.78571428571429
deberta-base,CLS+SUM+SUM-NS_SUML4BL,CLS+SUM+SUM-NS,SUML4BL,torch.Size([2304]),85.02,89.59,94.64,88.99,90.55,95.4,68.99,87.59714285714287
deberta-base,CLS+SUM+MAX-NS_SUML4BL,CLS+SUM+MAX-NS,SUML4BL,torch.Size([2304]),85.21,89.32,94.46,89.21,92.31,93.4,71.71,87.94571428571429
deberta-base,CLS+MAX+AVG-NS_SUML4BL,CLS+MAX+AVG-NS,SUML4BL,torch.Size([2304]),86.96,89.64,94.81,90.1,92.7,94.8,70.9,88.55857142857143
deberta-base,CLS+MAX+SUM-NS_SUML4BL,CLS+MAX+SUM-NS,SUML4BL,torch.Size([2304]),85.87,89.45,94.42,89.97,91.6,95.2,66.03,87.50571428571429
deberta-base,CLS+MAX+MAX-NS_SUML4BL,CLS+MAX+MAX-NS,SUML4BL,torch.Size([2304]),83.36,80.74,92.78,89.47,90.44,94.2,69.86,85.83571428571429
deberta-base,CLS_AVGL4BL,CLS,AVGL4BL,torch.Size([768]),68.62,63.76,76.25,68.77,81.82,38.6,66.49,66.33
deberta-base,AVG_AVGL4BL,AVG,AVGL4BL,torch.Size([768]),86.15,88.58,94.11,89.56,92.59,91.8,75.25,88.29142857142857
deberta-base,SUM_AVGL4BL,SUM,AVGL4BL,torch.Size([768]),86.44,88.87,94.53,89.51,92.31,95.4,68.23,87.89857142857144
deberta-base,MAX_AVGL4BL,MAX,AVGL4BL,torch.Size([768]),83.64,81.32,92.47,89.03,90.06,86.4,72.35,85.03857142857143
deberta-base,AVG-NS_AVGL4BL,AVG-NS,AVGL4BL,torch.Size([768]),86.28,88.58,94.28,89.86,92.2,91.6,74.84,88.23428571428572
deberta-base,SUM-NS_AVGL4BL,SUM-NS,AVGL4BL,torch.Size([768]),86.6,88.11,94.53,89.85,92.31,95.6,69.57,88.08142857142856
deberta-base,MAX-NS_AVGL4BL,MAX-NS,AVGL4BL,torch.Size([768]),83.6,81.32,92.4,89.56,90.12,86.4,72.35,85.10714285714286
deberta-base,CLS+AVG_AVGL4BL,CLS+AVG,AVGL4BL,torch.Size([1536]),86.37,88.61,94.34,89.83,92.75,92.0,75.59,88.49857142857145
deberta-base,CLS+SUM_AVGL4BL,CLS+SUM,AVGL4BL,torch.Size([1536]),86.79,89.8,95.37,89.51,92.31,95.8,67.71,88.18428571428572
deberta-base,CLS+MAX_AVGL4BL,CLS+MAX,AVGL4BL,torch.Size([1536]),83.48,79.79,91.59,88.71,89.79,89.0,73.62,85.14
deberta-base,CLS+AVG-NS_AVGL4BL,CLS+AVG-NS,AVGL4BL,torch.Size([1536]),86.54,89.06,94.31,89.84,92.48,92.2,76.0,88.63285714285715
deberta-base,CLS+SUM-NS_AVGL4BL,CLS+SUM-NS,AVGL4BL,torch.Size([1536]),86.82,89.72,95.54,89.86,92.15,95.6,67.71,88.20000000000002
deberta-base,CLS+MAX-NS_AVGL4BL,CLS+MAX-NS,AVGL4BL,torch.Size([1536]),83.47,79.79,91.59,89.27,89.79,89.0,73.68,85.22714285714288
deberta-base,CLS+AVG+AVG-NS_AVGL4BL,CLS+AVG+AVG-NS,AVGL4BL,torch.Size([2304]),87.02,89.25,94.52,90.24,92.81,93.0,76.75,89.0842857142857
deberta-base,CLS+AVG+SUM-NS_AVGL4BL,CLS+AVG+SUM-NS,AVGL4BL,torch.Size([2304]),87.44,90.73,95.13,90.29,92.7,95.8,69.28,88.76714285714286
deberta-base,CLS+AVG+MAX-NS_AVGL4BL,CLS+AVG+MAX-NS,AVGL4BL,torch.Size([2304]),86.0,88.74,94.18,90.03,92.86,93.8,75.07,88.66857142857144
deberta-base,CLS+SUM+AVG-NS_AVGL4BL,CLS+SUM+AVG-NS,AVGL4BL,torch.Size([2304]),87.22,90.41,95.23,90.02,92.64,95.4,72.12,89.00571428571428
deberta-base,CLS+SUM+SUM-NS_AVGL4BL,CLS+SUM+SUM-NS,AVGL4BL,torch.Size([2304]),86.94,90.33,95.11,89.76,91.87,96.0,66.84,88.12142857142858
deberta-base,CLS+SUM+MAX-NS_AVGL4BL,CLS+SUM+MAX-NS,AVGL4BL,torch.Size([2304]),87.05,90.47,95.23,90.15,92.31,94.4,72.23,88.83428571428571
deberta-base,CLS+MAX+AVG-NS_AVGL4BL,CLS+MAX+AVG-NS,AVGL4BL,torch.Size([2304]),85.9,89.22,94.22,90.09,92.81,94.8,73.86,88.70000000000002
deberta-base,CLS+MAX+SUM-NS_AVGL4BL,CLS+MAX+SUM-NS,AVGL4BL,torch.Size([2304]),87.2,90.81,94.9,90.06,92.26,96.0,67.94,88.45285714285716
deberta-base,CLS+MAX+MAX-NS_AVGL4BL,CLS+MAX+MAX-NS,AVGL4BL,torch.Size([2304]),84.07,79.63,92.59,89.37,90.83,93.2,73.97,86.23714285714286